page,surah_number,verse_number,segment,x_start,y_start,x_end,y_end
1,1,1,0,0.032,0.014,0.968,0.138
1,1,1,1,0.136,0.137,0.968,0.206
1,1,2,0,0.032,0.137,0.172,0.206
1,1,2,1,0.032,0.192,0.968,0.261
1,1,2,2,0.247,0.246,0.968,0.315
1,1,3,0,0.032,0.246,0.283,0.315
1,1,3,1,0.032,0.301,0.968,0.37
1,1,3,2,0.671,0.363,0.968,0.432
1,1,4,0,0.064,0.359,0.707,0.428
1,1,5,0,0.032,0.359,0.1,0.428
1,1,5,1,0.032,0.414,0.968,0.483
1,1,5,2,0.068,0.475,0.968,0.544
1,1,6,0,0.032,0.475,0.104,0.544
1,1,6,1,0.032,0.53,0.968,0.599
1,1,6,2,0.258,0.589,0.968,0.658
1,1,7,0,0.032,0.589,0.294,0.658
1,1,7,1,0.032,0.644,0.968,0.823
1,1,7,2,0.231,0.814,0.968,0.883
2,2,1,0,0.032,0.014,0.968,0.303
2,2,1,1,0.809,0.264,0.968,0.333
2,2,2,0,0.032,0.264,0.845,0.333
2,2,2,1,0.032,0.319,0.968,0.388
2,2,2,2,0.735,0.378,0.968,0.447
2,2,3,0,0.032,0.378,0.771,0.447
2,2,3,1,0.032,0.433,0.968,0.502
2,2,3,2,0.064,0.491,0.968,0.56
2,2,4,0,0.032,0.491,0.1,0.56
2,2,4,1,0.032,0.547,0.968,0.726
2,2,4,2,0.299,0.716,0.968,0.785
2,2,5,0,0.032,0.716,0.335,0.785
2,2,5,1,0.032,0.771,0.968,0.84
2,2,5,2,0.066,0.828,0.968,0.896
3,2,6,0,0.032,0.014,0.968,0.083
3,2,6,1,0.762,0.082,0.968,0.151
3,2,7,0,0.032,0.082,0.798,0.151
3,2,7,1,0.229,0.141,0.968,0.21
3,2,8,0,0.032,0.141,0.265,0.21
3,2,8,1,0.05,0.204,0.968,0.273
3,2,9,0,0.032,0.204,0.086,0.273
3,2,9,1,0.032,0.259,0.968,0.328
3,2,9,2,0.723,0.322,0.968,0.392
3,2,10,0,0.032,0.322,0.759,0.392
3,2,10,1,0.281,0.383,0.968,0.453
3,2,11,0,0.032,0.383,0.317,0.453
3,2,11,1,0.05,0.445,0.968,0.514
3,2,12,0,0.032,0.445,0.086,0.514
3,2,12,1,0.191,0.505,0.968,0.574
3,2,13,0,0.032,0.505,0.227,0.574
3,2,13,1,0.032,0.56,0.968,0.629
3,2,13,2,0.227,0.627,0.968,0.696
3,2,14,0,0.032,0.627,0.263,0.696
3,2,14,1,0.032,0.682,0.968,0.751
3,2,14,2,0.459,0.747,0.968,0.816
3,2,15,0,0.032,0.747,0.495,0.816
3,2,15,1,0.565,0.807,0.968,0.876
3,2,16,0,0.032,0.807,0.601,0.876
3,2,16,1,0.056,0.869,0.968,0.938
4,2,17,0,0.032,0.014,0.968,0.083
4,2,17,1,0.117,0.08,0.968,0.149
4,2,18,0,0.032,0.08,0.153,0.149
4,2,18,1,0.498,0.14,0.968,0.209
4,2,19,0,0.032,0.14,0.534,0.209
4,2,19,1,0.032,0.195,0.968,0.264
4,2,19,2,0.325,0.262,0.968,0.332
4,2,20,0,0.032,0.262,0.361,0.332
4,2,20,1,0.032,0.317,0.968,0.442
4,2,20,2,0.739,0.447,0.968,0.516
4,2,21,0,0.032,0.447,0.775,0.516
4,2,21,1,0.345,0.507,0.968,0.576
4,2,22,0,0.032,0.507,0.381,0.576
4,2,22,1,0.032,0.562,0.968,0.686
4,2,22,2,0.734,0.696,0.968,0.764
4,2,23,0,0.032,0.696,0.77,0.764
4,2,23,1,0.032,0.751,0.968,0.82
4,2,23,2,0.593,0.81,0.968,0.879
4,2,24,0,0.032,0.81,0.629,0.879
4,2,24,1,0.056,0.874,0.968,0.943
5,2,25,0,0.032,0.014,0.968,0.193
5,2,25,1,0.047,0.201,0.968,0.27
5,2,26,0,0.032,0.201,0.083,0.27
5,2,26,1,0.032,0.256,0.968,0.544
5,2,26,2,0.407,0.504,0.968,0.573
5,2,27,0,0.032,0.504,0.443,0.573
5,2,27,1,0.032,0.559,0.968,0.628
5,2,27,2,0.053,0.623,0.968,0.692
5,2,28,0,0.032,0.623,0.089,0.692
5,2,28,1,0.032,0.678,0.968,0.747
5,2,28,2,0.117,0.744,0.968,0.812
5,2,29,0,0.032,0.744,0.153,0.812
5,2,29,1,0.032,0.799,0.968,0.868
5,2,29,2,0.053,0.868,0.968,0.936
6,2,30,0,0.032,0.014,0.968,0.248
6,2,30,1,0.918,0.213,0.968,0.283
6,2,31,0,0.032,0.213,0.954,0.283
6,2,31,1,0.125,0.271,0.968,0.341
6,2,32,0,0.032,0.271,0.161,0.341
6,2,32,1,0.032,0.326,0.968,0.396
6,2,32,2,0.917,0.392,0.968,0.462
6,2,33,0,0.032,0.392,0.953,0.462
6,2,33,1,0.032,0.447,0.968,0.516
6,2,33,2,0.503,0.51,0.968,0.579
6,2,34,0,0.032,0.51,0.539,0.579
6,2,34,1,0.032,0.565,0.968,0.634
6,2,34,2,0.917,0.633,0.968,0.702
6,2,35,0,0.032,0.633,0.953,0.702
6,2,35,1,0.049,0.69,0.968,0.758
6,2,36,0,0.032,0.69,0.085,0.758
6,2,36,1,0.032,0.745,0.968,0.814
6,2,36,2,0.046,0.811,0.968,0.88
6,2,37,0,0.032,0.811,0.082,0.88
6,2,37,1,0.046,0.869,0.968,0.938
7,2,38,0,0.032,0.014,0.968,0.083
7,2,38,1,0.27,0.085,0.968,0.154
7,2,39,0,0.032,0.085,0.306,0.154
7,2,39,1,0.049,0.144,0.968,0.213
7,2,40,0,0.032,0.144,0.085,0.213
7,2,40,1,0.032,0.199,0.968,0.268
7,2,40,2,0.422,0.261,0.968,0.331
7,2,41,0,0.032,0.261,0.458,0.331
7,2,41,1,0.032,0.316,0.968,0.386
7,2,41,2,0.52,0.386,0.968,0.456
7,2,42,0,0.032,0.386,0.556,0.456
7,2,42,1,0.443,0.445,0.968,0.514
7,2,43,0,0.032,0.445,0.479,0.514
7,2,43,1,0.463,0.507,0.968,0.576
7,2,44,0,0.032,0.507,0.499,0.576
7,2,44,1,0.052,0.569,0.968,0.637
7,2,45,0,0.032,0.569,0.088,0.637
7,2,45,1,0.032,0.624,0.968,0.693
7,2,45,2,0.918,0.688,0.968,0.756
7,2,46,0,0.049,0.688,0.954,0.756
7,2,47,0,0.032,0.688,0.085,0.756
7,2,47,1,0.032,0.743,0.968,0.811
7,2,47,2,0.742,0.809,0.968,0.878
7,2,48,0,0.032,0.809,0.778,0.878
7,2,48,1,0.05,0.871,0.968,0.94
8,2,49,0,0.032,0.014,0.968,0.138
8,2,49,1,0.639,0.142,0.968,0.211
8,2,50,0,0.032,0.142,0.675,0.211
8,2,50,1,0.329,0.203,0.968,0.272
8,2,51,0,0.032,0.203,0.365,0.272
8,2,51,1,0.032,0.258,0.968,0.327
8,2,51,2,0.918,0.32,0.968,0.39
8,2,52,0,0.053,0.319,0.954,0.389
8,2,53,0,0.032,0.319,0.089,0.389
8,2,53,1,0.053,0.381,0.968,0.451
8,2,54,0,0.032,0.381,0.089,0.451
8,2,54,1,0.032,0.436,0.968,0.616
8,2,54,2,0.915,0.626,0.968,0.695
8,2,55,0,0.032,0.626,0.951,0.695
8,2,55,1,0.328,0.685,0.968,0.754
8,2,56,0,0.032,0.685,0.364,0.754
8,2,56,1,0.357,0.745,0.968,0.814
8,2,57,0,0.032,0.745,0.393,0.814
8,2,57,1,0.032,0.8,0.968,0.869
8,2,57,2,0.053,0.866,0.968,0.934
9,2,58,0,0.032,0.014,0.968,0.138
9,2,58,1,0.543,0.137,0.968,0.206
9,2,59,0,0.032,0.137,0.579,0.206
9,2,59,1,0.032,0.192,0.968,0.261
9,2,59,2,0.473,0.259,0.968,0.329
9,2,60,0,0.032,0.259,0.509,0.329
9,2,60,1,0.032,0.314,0.968,0.439
9,2,60,2,0.05,0.441,0.968,0.51
9,2,61,0,0.032,0.441,0.086,0.51
9,2,61,1,0.032,0.496,0.968,0.896
9,2,61,2,0.056,0.868,0.968,0.936
10,2,62,0,0.032,0.014,0.968,0.138
10,2,62,1,0.126,0.142,0.968,0.211
10,2,63,0,0.032,0.142,0.162,0.211
10,2,63,1,0.032,0.197,0.968,0.266
10,2,63,2,0.325,0.262,0.968,0.332
10,2,64,0,0.032,0.262,0.361,0.332
10,2,64,1,0.032,0.317,0.968,0.387
10,2,64,2,0.763,0.383,0.968,0.453
10,2,65,0,0.032,0.383,0.799,0.453
10,2,65,1,0.399,0.442,0.968,0.511
10,2,66,0,0.032,0.442,0.435,0.511
10,2,66,1,0.249,0.504,0.968,0.573
10,2,67,0,0.032,0.504,0.285,0.573
10,2,67,1,0.032,0.559,0.968,0.628
10,2,67,2,0.136,0.626,0.968,0.695
10,2,68,0,0.032,0.626,0.171,0.695
10,2,68,1,0.032,0.681,0.968,0.75
10,2,68,2,0.056,0.744,0.968,0.812
10,2,69,0,0.032,0.744,0.092,0.812
10,2,69,1,0.032,0.799,0.968,0.868
10,2,69,2,0.053,0.868,0.968,0.936
11,2,70,0,0.032,0.014,0.968,0.083
11,2,70,1,0.546,0.083,0.968,0.152
11,2,71,0,0.032,0.083,0.582,0.152
11,2,71,1,0.032,0.138,0.968,0.207
11,2,71,2,0.112,0.202,0.968,0.271
11,2,72,0,0.032,0.202,0.148,0.271
11,2,72,1,0.05,0.262,0.968,0.332
11,2,73,0,0.032,0.262,0.086,0.332
11,2,73,1,0.032,0.317,0.968,0.387
11,2,73,2,0.54,0.382,0.968,0.452
11,2,74,0,0.032,0.382,0.576,0.452
11,2,74,1,0.032,0.437,0.968,0.561
11,2,74,2,0.044,0.564,0.968,0.632
11,2,75,0,0.032,0.564,0.08,0.632
11,2,75,1,0.032,0.619,0.968,0.743
11,2,75,2,0.619,0.742,0.968,0.81
11,2,76,0,0.032,0.742,0.655,0.81
11,2,76,1,0.032,0.797,0.968,0.866
11,2,76,2,0.052,0.864,0.968,0.932
12,2,77,0,0.056,0.023,0.968,0.092
12,2,78,0,0.032,0.023,0.092,0.092
12,2,78,1,0.032,0.079,0.968,0.148
12,2,78,2,0.717,0.142,0.968,0.211
12,2,79,0,0.032,0.142,0.753,0.211
12,2,79,1,0.032,0.197,0.968,0.321
12,2,79,2,0.917,0.321,0.968,0.391
12,2,80,0,0.032,0.321,0.953,0.391
12,2,80,1,0.032,0.376,0.968,0.446
12,2,80,2,0.47,0.445,0.968,0.514
12,2,81,0,0.032,0.445,0.506,0.514
12,2,81,1,0.032,0.501,0.968,0.57
12,2,81,2,0.653,0.565,0.968,0.633
12,2,82,0,0.032,0.565,0.689,0.633
12,2,82,1,0.123,0.629,0.968,0.698
12,2,83,0,0.032,0.629,0.159,0.698
12,2,83,1,0.032,0.684,0.968,0.863
12,2,83,2,0.058,0.87,0.968,0.939
13,2,84,0,0.032,0.014,0.968,0.083
13,2,84,1,0.056,0.082,0.968,0.151
13,2,85,0,0.032,0.082,0.092,0.151
13,2,85,1,0.032,0.137,0.968,0.535
13,2,85,2,0.41,0.507,0.968,0.576
13,2,86,0,0.032,0.507,0.446,0.576
13,2,86,1,0.032,0.562,0.968,0.631
13,2,86,2,0.765,0.629,0.968,0.698
13,2,87,0,0.032,0.629,0.801,0.698
13,2,87,1,0.032,0.684,0.968,0.808
13,2,87,2,0.17,0.808,0.968,0.877
13,2,88,0,0.032,0.808,0.206,0.877
13,2,88,1,0.052,0.868,0.968,0.936
14,2,89,0,0.032,0.014,0.968,0.138
14,2,89,1,0.05,0.139,0.968,0.208
14,2,90,0,0.032,0.139,0.086,0.208
14,2,90,1,0.032,0.194,0.968,0.373
14,2,90,2,0.915,0.384,0.968,0.454
14,2,91,0,0.032,0.384,0.951,0.454
14,2,91,1,0.032,0.439,0.968,0.564
14,2,91,2,0.725,0.566,0.968,0.634
14,2,92,0,0.032,0.566,0.761,0.634
14,2,92,1,0.05,0.625,0.968,0.694
14,2,93,0,0.032,0.625,0.086,0.694
14,2,93,1,0.032,0.68,0.968,0.859
14,2,93,2,0.056,0.869,0.968,0.938
15,2,94,0,0.032,0.014,0.968,0.083
15,2,94,1,0.05,0.08,0.968,0.149
15,2,95,0,0.032,0.08,0.086,0.149
15,2,95,1,0.032,0.135,0.968,0.204
15,2,95,2,0.918,0.201,0.968,0.27
15,2,96,0,0.032,0.201,0.954,0.27
15,2,96,1,0.032,0.256,0.968,0.325
15,2,96,2,0.098,0.321,0.968,0.391
15,2,97,0,0.032,0.321,0.134,0.391
15,2,97,1,0.032,0.376,0.968,0.5
15,2,97,2,0.915,0.505,0.968,0.574
15,2,98,0,0.032,0.505,0.951,0.574
15,2,98,1,0.267,0.565,0.968,0.633
15,2,99,0,0.032,0.565,0.303,0.633
15,2,99,1,0.05,0.625,0.968,0.694
15,2,100,0,0.032,0.625,0.086,0.694
15,2,100,1,0.032,0.68,0.968,0.749
15,2,100,2,0.678,0.747,0.968,0.816
15,2,101,0,0.032,0.747,0.714,0.816
15,2,101,1,0.032,0.802,0.968,0.871
15,2,101,2,0.05,0.866,0.968,0.934
16,2,102,0,0.032,0.014,0.968,0.523
16,2,102,1,0.318,0.512,0.968,0.581
16,2,103,0,0.032,0.512,0.354,0.581
16,2,103,1,0.032,0.567,0.968,0.636
16,2,103,2,0.911,0.629,0.968,0.698
16,2,104,0,0.032,0.629,0.947,0.698
16,2,104,1,0.052,0.691,0.968,0.759
16,2,105,0,0.032,0.691,0.088,0.759
16,2,105,1,0.032,0.746,0.968,0.87
16,2,105,2,0.05,0.872,0.968,0.941
17,2,106,0,0.032,0.014,0.968,0.083
17,2,106,1,0.382,0.089,0.968,0.158
17,2,107,0,0.032,0.089,0.418,0.158
17,2,107,1,0.032,0.144,0.968,0.213
17,2,107,2,0.642,0.21,0.968,0.28
17,2,108,0,0.032,0.21,0.678,0.28
17,2,108,1,0.032,0.265,0.968,0.335
17,2,108,2,0.489,0.329,0.968,0.399
17,2,109,0,0.032,0.329,0.525,0.399
17,2,109,1,0.032,0.384,0.968,0.564
17,2,109,2,0.915,0.569,0.968,0.637
17,2,110,0,0.032,0.569,0.951,0.637
17,2,110,1,0.032,0.624,0.968,0.693
17,2,110,2,0.917,0.688,0.968,0.756
17,2,111,0,0.032,0.688,0.953,0.756
17,2,111,1,0.032,0.743,0.968,0.811
17,2,111,2,0.706,0.807,0.968,0.876
17,2,112,0,0.032,0.807,0.742,0.876
17,2,112,1,0.056,0.866,0.968,0.934
18,2,113,0,0.032,0.014,0.968,0.193
18,2,113,1,0.515,0.202,0.968,0.271
18,2,114,0,0.032,0.202,0.551,0.271
18,2,114,1,0.032,0.257,0.968,0.381
18,2,114,2,0.422,0.384,0.968,0.454
18,2,115,0,0.032,0.384,0.458,0.454
18,2,115,1,0.053,0.444,0.968,0.513
18,2,116,0,0.032,0.444,0.089,0.513
18,2,116,1,0.032,0.499,0.968,0.569
18,2,116,2,0.503,0.566,0.968,0.634
18,2,117,0,0.032,0.566,0.539,0.634
18,2,117,1,0.238,0.627,0.968,0.696
18,2,118,0,0.032,0.627,0.274,0.696
18,2,118,1,0.032,0.682,0.968,0.806
18,2,118,2,0.289,0.808,0.968,0.877
18,2,119,0,0.032,0.808,0.325,0.877
18,2,119,1,0.058,0.867,0.968,0.935
19,2,120,0,0.032,0.014,0.968,0.138
19,2,120,1,0.278,0.144,0.968,0.213
19,2,121,0,0.032,0.144,0.314,0.213
19,2,121,1,0.032,0.199,0.968,0.269
19,2,121,2,0.562,0.267,0.968,0.337
19,2,122,0,0.032,0.267,0.598,0.337
19,2,122,1,0.243,0.326,0.968,0.396
19,2,123,0,0.032,0.326,0.279,0.396
19,2,123,1,0.032,0.381,0.968,0.451
19,2,123,2,0.556,0.449,0.968,0.518
19,2,124,0,0.032,0.449,0.592,0.518
19,2,124,1,0.032,0.505,0.968,0.574
19,2,124,2,0.532,0.569,0.968,0.637
19,2,125,0,0.032,0.569,0.568,0.637
19,2,125,1,0.032,0.624,0.968,0.748
19,2,125,2,0.788,0.752,0.968,0.821
19,2,126,0,0.032,0.752,0.824,0.821
19,2,126,1,0.032,0.807,0.968,0.876
19,2,126,2,0.058,0.873,0.968,0.942
20,2,127,0,0.032,0.014,0.968,0.083
20,2,127,1,0.393,0.084,0.968,0.153
20,2,128,0,0.032,0.084,0.429,0.153
20,2,128,1,0.032,0.139,0.968,0.208
20,2,128,2,0.47,0.205,0.968,0.274
20,2,129,0,0.032,0.205,0.506,0.274
20,2,129,1,0.032,0.26,0.968,0.329
20,2,129,2,0.334,0.322,0.968,0.392
20,2,130,0,0.032,0.322,0.37,0.392
20,2,130,1,0.032,0.377,0.968,0.447
20,2,130,2,0.413,0.444,0.968,0.513
20,2,131,0,0.032,0.444,0.449,0.513
20,2,131,1,0.443,0.504,0.968,0.573
20,2,132,0,0.032,0.504,0.479,0.573
20,2,132,1,0.032,0.559,0.968,0.628
20,2,132,2,0.655,0.624,0.968,0.693
20,2,133,0,0.032,0.624,0.691,0.693
20,2,133,1,0.032,0.679,0.968,0.803
20,2,133,2,0.512,0.806,0.968,0.875
20,2,134,0,0.032,0.806,0.548,0.875
20,2,134,1,0.05,0.868,0.968,0.936
21,2,135,0,0.032,0.014,0.968,0.083
21,2,135,1,0.38,0.09,0.968,0.159
21,2,136,0,0.032,0.09,0.416,0.159
21,2,136,1,0.032,0.145,0.968,0.324
21,2,136,2,0.646,0.326,0.968,0.396
21,2,137,0,0.032,0.326,0.682,0.396
21,2,137,1,0.032,0.381,0.968,0.451
21,2,137,2,0.917,0.448,0.968,0.517
21,2,138,0,0.032,0.448,0.953,0.517
21,2,138,1,0.754,0.508,0.968,0.577
21,2,139,0,0.032,0.508,0.79,0.577
21,2,139,1,0.117,0.566,0.968,0.634
21,2,140,0,0.032,0.566,0.153,0.634
21,2,140,1,0.032,0.621,0.968,0.8
21,2,140,2,0.607,0.805,0.968,0.874
21,2,141,0,0.032,0.805,0.643,0.874
21,2,141,1,0.05,0.864,0.968,0.932
22,2,142,0,0.032,0.014,0.968,0.138
22,2,142,1,0.752,0.145,0.968,0.214
22,2,143,0,0.032,0.145,0.788,0.214
22,2,143,1,0.032,0.2,0.968,0.434
22,2,143,2,0.686,0.446,0.968,0.515
22,2,144,0,0.032,0.446,0.722,0.515
22,2,144,1,0.032,0.502,0.968,0.681
22,2,144,2,0.697,0.689,0.968,0.757
22,2,145,0,0.032,0.689,0.733,0.757
22,2,145,1,0.032,0.744,0.968,0.868
22,2,145,2,0.055,0.87,0.968,0.939
23,2,146,0,0.032,0.014,0.968,0.083
23,2,146,1,0.227,0.085,0.968,0.154
23,2,147,0,0.032,0.085,0.263,0.154
23,2,147,1,0.427,0.145,0.968,0.214
23,2,148,0,0.032,0.145,0.463,0.214
23,2,148,1,0.032,0.2,0.968,0.27
23,2,148,2,0.495,0.271,0.968,0.341
23,2,149,0,0.032,0.271,0.531,0.341
23,2,149,1,0.032,0.326,0.968,0.396
23,2,149,2,0.54,0.388,0.968,0.458
23,2,150,0,0.032,0.388,0.576,0.458
23,2,150,1,0.032,0.443,0.968,0.623
23,2,150,2,0.708,0.631,0.968,0.7
23,2,151,0,0.032,0.631,0.744,0.7
23,2,151,1,0.032,0.686,0.968,0.755
23,2,151,2,0.194,0.752,0.968,0.821
23,2,152,0,0.032,0.752,0.23,0.821
23,2,152,1,0.275,0.812,0.968,0.881
23,2,153,0,0.032,0.812,0.311,0.881
23,2,153,1,0.053,0.872,0.968,0.941
24,2,154,0,0.032,0.014,0.968,0.083
24,2,154,1,0.672,0.088,0.968,0.157
24,2,155,0,0.032,0.088,0.708,0.157
24,2,155,1,0.032,0.143,0.968,0.212
24,2,155,2,0.915,0.207,0.968,0.276
24,2,156,0,0.032,0.207,0.951,0.276
24,2,156,1,0.915,0.268,0.968,0.338
24,2,157,0,0.032,0.268,0.951,0.338
24,2,157,1,0.663,0.329,0.968,0.399
24,2,158,0,0.032,0.329,0.699,0.399
24,2,158,1,0.032,0.384,0.968,0.454
24,2,158,2,0.19,0.449,0.968,0.518
24,2,159,0,0.032,0.449,0.226,0.518
24,2,159,1,0.032,0.505,0.968,0.629
24,2,159,2,0.917,0.63,0.968,0.699
24,2,160,0,0.032,0.63,0.953,0.699
24,2,160,1,0.456,0.691,0.968,0.759
24,2,161,0,0.032,0.691,0.492,0.759
24,2,161,1,0.032,0.746,0.968,0.815
24,2,161,2,0.915,0.811,0.968,0.88
24,2,162,0,0.032,0.811,0.951,0.88
24,2,162,1,0.917,0.872,0.968,0.941
24,2,163,0,0.052,0.869,0.953,0.938
25,2,164,0,0.032,0.014,0.968,0.303
25,2,164,1,0.191,0.263,0.968,0.333
25,2,165,0,0.032,0.263,0.227,0.333
25,2,165,1,0.032,0.318,0.968,0.443
25,2,165,2,0.05,0.446,0.968,0.515
25,2,166,0,0.032,0.446,0.086,0.515
25,2,166,1,0.032,0.502,0.968,0.571
25,2,166,2,0.487,0.571,0.968,0.639
25,2,167,0,0.032,0.571,0.523,0.639
25,2,167,1,0.032,0.626,0.968,0.695
25,2,167,2,0.05,0.693,0.968,0.761
25,2,168,0,0.032,0.693,0.086,0.761
25,2,168,1,0.032,0.748,0.968,0.817
25,2,168,2,0.239,0.811,0.968,0.88
25,2,169,0,0.032,0.811,0.275,0.88
25,2,169,1,0.05,0.873,0.968,0.942
26,2,170,0,0.032,0.014,0.968,0.138
26,2,170,1,0.751,0.145,0.968,0.214
26,2,171,0,0.032,0.145,0.787,0.214
26,2,171,1,0.032,0.2,0.968,0.27
26,2,171,2,0.917,0.263,0.968,0.333
26,2,172,0,0.032,0.263,0.953,0.333
26,2,172,1,0.205,0.323,0.968,0.393
26,2,173,0,0.032,0.323,0.241,0.393
26,2,173,1,0.032,0.378,0.968,0.502
26,2,173,2,0.68,0.505,0.968,0.574
26,2,174,0,0.032,0.505,0.716,0.574
26,2,174,1,0.032,0.56,0.968,0.684
26,2,174,2,0.287,0.681,0.968,0.75
26,2,175,0,0.032,0.681,0.323,0.75
26,2,175,1,0.032,0.737,0.968,0.805
26,2,175,2,0.571,0.801,0.968,0.87
26,2,176,0,0.032,0.801,0.607,0.87
26,2,176,1,0.052,0.86,0.968,0.928
27,2,177,0,0.032,0.014,0.968,0.413
27,2,177,1,0.419,0.387,0.968,0.457
27,2,178,0,0.032,0.387,0.455,0.457
27,2,178,1,0.032,0.442,0.968,0.622
27,2,178,2,0.463,0.627,0.968,0.696
27,2,179,0,0.032,0.627,0.499,0.696
27,2,179,1,0.314,0.688,0.968,0.756
27,2,180,0,0.032,0.688,0.35,0.756
27,2,180,1,0.032,0.743,0.968,0.811
27,2,180,2,0.224,0.807,0.968,0.876
27,2,181,0,0.032,0.807,0.26,0.876
27,2,181,1,0.052,0.868,0.968,0.936
28,2,182,0,0.032,0.014,0.968,0.083
28,2,182,1,0.446,0.086,0.968,0.155
28,2,183,0,0.032,0.086,0.482,0.155
28,2,183,1,0.032,0.141,0.968,0.21
28,2,183,2,0.68,0.205,0.968,0.274
28,2,184,0,0.032,0.205,0.716,0.274
28,2,184,1,0.032,0.26,0.968,0.384
28,2,184,2,0.129,0.386,0.968,0.456
28,2,185,0,0.032,0.386,0.165,0.456
28,2,185,1,0.032,0.441,0.968,0.786
28,2,185,2,0.315,0.751,0.968,0.82
28,2,186,0,0.032,0.751,0.351,0.82
28,2,186,1,0.032,0.806,0.968,0.875
28,2,186,2,0.056,0.87,0.968,0.939
29,2,187,0,0.032,0.014,0.968,0.468
29,2,187,1,0.48,0.45,0.968,0.519
29,2,188,0,0.032,0.45,0.516,0.519
29,2,188,1,0.032,0.506,0.968,0.575
29,2,188,2,0.29,0.57,0.968,0.638
29,2,189,0,0.032,0.57,0.327,0.638
29,2,189,1,0.032,0.625,0.968,0.804
29,2,189,2,0.698,0.811,0.968,0.88
29,2,190,0,0.032,0.811,0.734,0.88
29,2,190,1,0.056,0.871,0.968,0.94
30,2,191,0,0.032,0.014,0.968,0.138
30,2,191,1,0.168,0.149,0.968,0.218
30,2,192,0,0.032,0.149,0.204,0.218
30,2,192,1,0.605,0.207,0.968,0.277
30,2,193,0,0.032,0.207,0.641,0.277
30,2,193,1,0.212,0.268,0.968,0.338
30,2,194,0,0.032,0.268,0.247,0.338
30,2,194,1,0.032,0.323,0.968,0.448
30,2,194,2,0.808,0.448,0.968,0.517
30,2,195,0,0.032,0.448,0.844,0.517
30,2,195,1,0.441,0.509,0.968,0.578
30,2,196,0,0.032,0.509,0.477,0.578
30,2,196,1,0.032,0.564,0.968,0.908
30,2,196,2,0.05,0.872,0.968,0.941
31,2,197,0,0.032,0.014,0.968,0.248
31,2,197,1,0.591,0.209,0.968,0.279
31,2,198,0,0.032,0.209,0.627,0.279
31,2,198,1,0.032,0.264,0.968,0.444
31,2,198,2,0.642,0.449,0.968,0.518
31,2,199,0,0.032,0.449,0.678,0.518
31,2,199,1,0.055,0.51,0.968,0.579
31,2,200,0,0.032,0.51,0.091,0.579
31,2,200,1,0.032,0.565,0.968,0.744
31,2,200,2,0.807,0.751,0.968,0.82
31,2,201,0,0.032,0.751,0.843,0.82
31,2,201,1,0.052,0.808,0.968,0.877
31,2,202,0,0.032,0.808,0.088,0.877
31,2,202,1,0.053,0.87,0.968,0.939
32,2,203,0,0.032,0.014,0.968,0.138
32,2,203,1,0.136,0.149,0.968,0.218
32,2,204,0,0.032,0.149,0.171,0.218
32,2,204,1,0.032,0.204,0.968,0.274
32,2,204,2,0.34,0.268,0.968,0.338
32,2,205,0,0.032,0.268,0.376,0.338
32,2,205,1,0.032,0.323,0.968,0.393
32,2,205,2,0.63,0.386,0.968,0.456
32,2,206,0,0.032,0.386,0.666,0.456
32,2,206,1,0.171,0.446,0.968,0.515
32,2,207,0,0.032,0.446,0.207,0.515
32,2,207,1,0.032,0.502,0.968,0.571
32,2,207,2,0.61,0.568,0.968,0.636
32,2,208,0,0.032,0.568,0.646,0.636
32,2,208,1,0.032,0.623,0.968,0.692
32,2,208,2,0.489,0.691,0.968,0.759
32,2,209,0,0.032,0.691,0.525,0.759
32,2,209,1,0.032,0.746,0.968,0.815
32,2,209,2,0.917,0.807,0.968,0.876
32,2,210,0,0.032,0.807,0.953,0.876
32,2,210,1,0.055,0.869,0.968,0.938
33,2,211,0,0.032,0.014,0.968,0.083
33,2,211,1,0.199,0.087,0.968,0.156
33,2,212,0,0.032,0.087,0.235,0.156
33,2,212,1,0.032,0.142,0.968,0.266
33,2,212,2,0.915,0.265,0.968,0.335
33,2,213,0,0.032,0.265,0.951,0.335
33,2,213,1,0.032,0.32,0.968,0.554
33,2,213,2,0.673,0.568,0.968,0.636
33,2,214,0,0.032,0.568,0.71,0.636
33,2,214,1,0.032,0.623,0.968,0.747
33,2,214,2,0.571,0.75,0.968,0.819
33,2,215,0,0.032,0.75,0.607,0.819
33,2,215,1,0.032,0.805,0.968,0.874
33,2,215,2,0.053,0.869,0.968,0.938
34,2,216,0,0.032,0.014,0.968,0.138
34,2,216,1,0.371,0.146,0.968,0.215
34,2,217,0,0.032,0.146,0.407,0.215
34,2,217,1,0.032,0.201,0.968,0.601
34,2,217,2,0.518,0.567,0.968,0.635
34,2,218,0,0.032,0.567,0.554,0.635
34,2,218,1,0.032,0.622,0.968,0.691
34,2,218,2,0.497,0.689,0.968,0.757
34,2,219,0,0.032,0.689,0.533,0.757
34,2,219,1,0.032,0.744,0.968,0.868
34,2,219,2,0.056,0.866,0.968,0.934
35,2,220,0,0.032,0.014,0.968,0.138
35,2,220,1,0.05,0.145,0.968,0.214
35,2,221,0,0.032,0.145,0.086,0.214
35,2,221,1,0.032,0.2,0.968,0.434
35,2,221,2,0.275,0.447,0.968,0.516
35,2,222,0,0.032,0.447,0.311,0.516
35,2,222,1,0.032,0.503,0.968,0.627
35,2,222,2,0.055,0.629,0.968,0.698
35,2,223,0,0.032,0.629,0.091,0.698
35,2,223,1,0.032,0.684,0.968,0.808
35,2,223,2,0.915,0.81,0.968,0.879
35,2,224,0,0.032,0.81,0.951,0.879
35,2,224,1,0.052,0.871,0.968,0.94
36,2,225,0,0.032,0.014,0.968,0.083
36,2,225,1,0.501,0.088,0.968,0.157
36,2,226,0,0.032,0.088,0.537,0.157
36,2,226,1,0.199,0.149,0.968,0.218
36,2,227,0,0.032,0.149,0.235,0.218
36,2,227,1,0.449,0.21,0.968,0.28
36,2,228,0,0.032,0.21,0.485,0.28
36,2,228,1,0.032,0.265,0.968,0.445
36,2,228,2,0.317,0.447,0.968,0.516
36,2,229,0,0.032,0.447,0.353,0.516
36,2,229,1,0.032,0.503,0.968,0.792
36,2,229,2,0.718,0.751,0.968,0.82
36,2,230,0,0.032,0.751,0.754,0.82
36,2,230,1,0.032,0.806,0.968,0.875
36,2,230,2,0.055,0.868,0.968,0.936
37,2,231,0,0.032,0.014,0.968,0.303
37,2,231,1,0.052,0.264,0.968,0.334
37,2,232,0,0.032,0.264,0.088,0.334
37,2,232,1,0.032,0.319,0.968,0.498
37,2,232,2,0.568,0.505,0.968,0.574
37,2,233,0,0.032,0.505,0.604,0.574
37,2,233,1,0.032,0.56,0.968,0.904
37,2,233,2,0.05,0.865,0.968,0.933
38,2,234,0,0.032,0.014,0.968,0.193
38,2,234,1,0.917,0.202,0.968,0.271
38,2,235,0,0.032,0.202,0.953,0.271
38,2,235,1,0.032,0.257,0.968,0.545
38,2,235,2,0.579,0.506,0.968,0.575
38,2,236,0,0.032,0.506,0.615,0.575
38,2,236,1,0.032,0.561,0.968,0.685
38,2,236,2,0.917,0.686,0.968,0.755
38,2,237,0,0.032,0.686,0.953,0.755
38,2,237,1,0.032,0.742,0.968,0.866
38,2,237,2,0.05,0.868,0.968,0.936
39,2,238,0,0.032,0.014,0.968,0.083
39,2,238,1,0.785,0.081,0.968,0.15
39,2,239,0,0.032,0.081,0.821,0.15
39,2,239,1,0.032,0.136,0.968,0.205
39,2,239,2,0.909,0.203,0.968,0.272
39,2,240,0,0.032,0.203,0.945,0.272
39,2,240,1,0.032,0.258,0.968,0.382
39,2,240,2,0.332,0.386,0.968,0.456
39,2,241,0,0.032,0.386,0.368,0.456
39,2,241,1,0.329,0.448,0.968,0.517
39,2,242,0,0.032,0.448,0.365,0.517
39,2,242,1,0.267,0.507,0.968,0.576
39,2,243,0,0.032,0.507,0.303,0.576
39,2,243,1,0.032,0.562,0.968,0.686
39,2,243,2,0.047,0.693,0.968,0.761
39,2,244,0,0.032,0.693,0.083,0.761
39,2,244,1,0.047,0.753,0.968,0.822
39,2,245,0,0.032,0.753,0.083,0.822
39,2,245,1,0.032,0.808,0.968,0.877
39,2,245,2,0.053,0.871,0.968,0.94
40,2,246,0,0.032,0.014,0.968,0.358
40,2,246,1,0.14,0.328,0.968,0.398
40,2,247,0,0.032,0.328,0.176,0.398
40,2,247,1,0.032,0.383,0.968,0.618
40,2,247,2,0.049,0.623,0.968,0.692
40,2,248,0,0.032,0.623,0.085,0.692
40,2,248,1,0.032,0.678,0.968,0.857
40,2,248,2,0.055,0.867,0.968,0.935
41,2,249,0,0.032,0.014,0.968,0.413
41,2,249,1,0.05,0.386,0.968,0.456
41,2,250,0,0.032,0.386,0.086,0.456
41,2,250,1,0.032,0.441,0.968,0.566
41,2,250,2,0.632,0.567,0.968,0.635
41,2,251,0,0.032,0.567,0.668,0.635
41,2,251,1,0.032,0.622,0.968,0.801
41,2,251,2,0.411,0.808,0.968,0.877
41,2,252,0,0.032,0.808,0.448,0.877
41,2,252,1,0.053,0.868,0.968,0.936
42,2,253,0,0.032,0.014,0.968,0.358
42,2,253,1,0.495,0.329,0.968,0.399
42,2,254,0,0.032,0.329,0.531,0.399
42,2,254,1,0.032,0.384,0.968,0.454
42,2,254,2,0.346,0.452,0.968,0.521
42,2,255,0,0.032,0.452,0.382,0.521
42,2,255,1,0.032,0.508,0.968,0.742
42,2,255,2,0.627,0.749,0.968,0.818
42,2,256,0,0.032,0.749,0.663,0.818
42,2,256,1,0.032,0.804,0.968,0.873
42,2,256,2,0.055,0.868,0.968,0.936
43,2,257,0,0.032,0.014,0.968,0.248
43,2,257,1,0.711,0.207,0.968,0.276
43,2,258,0,0.032,0.207,0.747,0.276
43,2,258,1,0.032,0.262,0.968,0.441
43,2,258,2,0.295,0.448,0.968,0.517
43,2,259,0,0.032,0.448,0.331,0.517
43,2,259,1,0.032,0.504,0.968,0.903
43,2,259,2,0.056,0.866,0.968,0.934
44,2,260,0,0.032,0.014,0.968,0.248
44,2,260,1,0.05,0.207,0.968,0.277
44,2,261,0,0.032,0.207,0.086,0.277
44,2,261,1,0.032,0.262,0.968,0.387
44,2,261,2,0.396,0.388,0.968,0.458
44,2,262,0,0.032,0.388,0.432,0.458
44,2,262,1,0.032,0.443,0.968,0.512
44,2,262,2,0.049,0.512,0.968,0.581
44,2,263,0,0.032,0.512,0.085,0.581
44,2,263,1,0.032,0.567,0.968,0.636
44,2,263,2,0.508,0.631,0.968,0.7
44,2,264,0,0.032,0.631,0.544,0.7
44,2,264,1,0.032,0.686,0.968,0.865
44,2,264,2,0.053,0.873,0.968,0.942
45,2,265,0,0.032,0.014,0.968,0.193
45,2,265,1,0.492,0.205,0.968,0.274
45,2,266,0,0.032,0.205,0.528,0.274
45,2,266,1,0.032,0.26,0.968,0.439
45,2,266,2,0.264,0.447,0.968,0.516
45,2,267,0,0.032,0.447,0.3,0.516
45,2,267,1,0.032,0.503,0.968,0.682
45,2,267,2,0.914,0.689,0.968,0.757
45,2,268,0,0.032,0.689,0.95,0.757
45,2,268,1,0.053,0.75,0.968,0.819
45,2,269,0,0.032,0.75,0.089,0.819
45,2,269,1,0.032,0.805,0.968,0.874
45,2,269,2,0.055,0.87,0.968,0.939
46,2,270,0,0.032,0.014,0.968,0.083
46,2,270,1,0.235,0.088,0.968,0.157
46,2,271,0,0.032,0.088,0.271,0.157
46,2,271,1,0.032,0.143,0.968,0.267
46,2,271,2,0.497,0.267,0.968,0.337
46,2,272,0,0.032,0.267,0.533,0.337
46,2,272,1,0.032,0.322,0.968,0.501
46,2,272,2,0.914,0.505,0.968,0.574
46,2,273,0,0.032,0.505,0.95,0.574
46,2,273,1,0.032,0.56,0.968,0.739
46,2,273,2,0.556,0.749,0.968,0.818
46,2,274,0,0.032,0.749,0.592,0.818
46,2,274,1,0.032,0.804,0.968,0.873
46,2,274,2,0.052,0.867,0.968,0.935
47,2,275,0,0.032,0.014,0.968,0.303
47,2,275,1,0.167,0.267,0.968,0.337
47,2,276,0,0.032,0.267,0.202,0.337
47,2,276,1,0.055,0.33,0.968,0.4
47,2,277,0,0.032,0.33,0.091,0.4
47,2,277,1,0.032,0.385,0.968,0.509
47,2,277,2,0.587,0.51,0.968,0.579
47,2,278,0,0.032,0.51,0.623,0.579
47,2,278,1,0.255,0.567,0.968,0.635
47,2,279,0,0.032,0.567,0.291,0.635
47,2,279,1,0.032,0.622,0.968,0.691
47,2,279,2,0.243,0.685,0.968,0.754
47,2,280,0,0.032,0.685,0.279,0.754
47,2,280,1,0.032,0.741,0.968,0.809
47,2,280,2,0.552,0.808,0.968,0.877
47,2,281,0,0.032,0.808,0.589,0.877
47,2,281,1,0.056,0.868,0.968,0.936
48,2,282,0,0.032,0.014,0.968,0.908
48,2,282,1,0.05,0.868,0.968,0.936
49,2,283,0,0.032,0.014,0.968,0.248
49,2,283,1,0.322,0.217,0.968,0.287
49,2,284,0,0.032,0.217,0.358,0.287
49,2,284,1,0.032,0.272,0.968,0.397
49,2,284,2,0.444,0.394,0.968,0.464
49,2,285,0,0.032,0.394,0.48,0.464
49,2,285,1,0.032,0.449,0.968,0.574
49,2,285,2,0.229,0.572,0.968,0.64
49,2,286,0,0.032,0.572,0.265,0.64
49,2,286,1,0.032,0.627,0.968,0.861
49,2,286,2,0.061,0.871,0.968,0.94
50,3,1,0,0.032,0.014,0.968,0.193
50,3,1,1,0.855,0.158,0.968,0.227
50,3,2,0,0.349,0.16,0.891,0.229
50,3,3,0,0.032,0.16,0.385,0.229
50,3,3,1,0.106,0.217,0.968,0.287
50,3,4,0,0.032,0.217,0.142,0.287
50,3,4,1,0.032,0.272,0.968,0.342
50,3,4,2,0.349,0.337,0.968,0.407
50,3,5,0,0.032,0.337,0.385,0.407
50,3,5,1,0.424,0.396,0.968,0.466
50,3,6,0,0.032,0.396,0.46,0.466
50,3,6,1,0.104,0.455,0.968,0.524
50,3,7,0,0.032,0.455,0.14,0.524
50,3,7,1,0.032,0.511,0.968,0.745
50,3,7,2,0.632,0.752,0.968,0.821
50,3,8,0,0.032,0.752,0.668,0.821
50,3,8,1,0.323,0.81,0.968,0.879
50,3,9,0,0.032,0.81,0.359,0.879
50,3,9,1,0.053,0.87,0.968,0.939
51,3,10,0,0.032,0.014,0.968,0.083
51,3,10,1,0.283,0.09,0.968,0.16
51,3,11,0,0.032,0.09,0.319,0.16
51,3,11,1,0.032,0.145,0.968,0.214
51,3,11,2,0.591,0.21,0.968,0.28
51,3,12,0,0.032,0.21,0.627,0.28
51,3,12,1,0.225,0.27,0.968,0.34
51,3,13,0,0.032,0.27,0.261,0.34
51,3,13,1,0.032,0.325,0.968,0.504
51,3,13,2,0.748,0.506,0.968,0.575
51,3,14,0,0.032,0.506,0.784,0.575
51,3,14,1,0.032,0.561,0.968,0.685
51,3,14,2,0.157,0.689,0.968,0.757
51,3,15,0,0.032,0.689,0.193,0.757
51,3,15,1,0.032,0.744,0.968,0.868
51,3,15,2,0.056,0.869,0.968,0.938
52,3,16,0,0.032,0.014,0.968,0.083
52,3,16,1,0.708,0.084,0.968,0.153
52,3,17,0,0.032,0.084,0.744,0.153
52,3,17,1,0.177,0.144,0.968,0.213
52,3,18,0,0.032,0.144,0.213,0.213
52,3,18,1,0.032,0.199,0.968,0.269
52,3,18,2,0.356,0.265,0.968,0.335
52,3,19,0,0.032,0.265,0.392,0.335
52,3,19,1,0.032,0.32,0.968,0.445
52,3,19,2,0.421,0.447,0.968,0.516
52,3,20,0,0.032,0.447,0.457,0.516
52,3,20,1,0.032,0.503,0.968,0.627
52,3,20,2,0.359,0.63,0.968,0.699
52,3,21,0,0.032,0.63,0.395,0.699
52,3,21,1,0.032,0.685,0.968,0.809
52,3,21,2,0.663,0.808,0.968,0.877
52,3,22,0,0.032,0.808,0.699,0.877
52,3,22,1,0.056,0.872,0.968,0.941
53,3,23,0,0.032,0.014,0.968,0.083
53,3,23,1,0.053,0.084,0.968,0.153
53,3,24,0,0.032,0.084,0.089,0.153
53,3,24,1,0.032,0.139,0.968,0.208
53,3,24,2,0.388,0.207,0.968,0.276
53,3,25,0,0.032,0.207,0.424,0.276
53,3,25,1,0.032,0.262,0.968,0.331
53,3,25,2,0.661,0.324,0.968,0.394
53,3,26,0,0.032,0.324,0.697,0.394
53,3,26,1,0.032,0.379,0.968,0.449
53,3,26,2,0.191,0.449,0.968,0.518
53,3,27,0,0.032,0.449,0.227,0.518
53,3,27,1,0.032,0.505,0.968,0.574
53,3,27,2,0.053,0.571,0.968,0.639
53,3,28,0,0.032,0.571,0.089,0.639
53,3,28,1,0.032,0.626,0.968,0.75
53,3,28,2,0.097,0.75,0.968,0.819
53,3,29,0,0.032,0.75,0.133,0.819
53,3,29,1,0.032,0.805,0.968,0.874
53,3,29,2,0.053,0.871,0.968,0.94
54,3,30,0,0.032,0.014,0.968,0.138
54,3,30,1,0.402,0.149,0.968,0.218
54,3,31,0,0.032,0.149,0.438,0.218
54,3,31,1,0.032,0.204,0.968,0.274
54,3,31,2,0.914,0.268,0.968,0.338
54,3,32,0,0.032,0.268,0.95,0.338
54,3,32,1,0.777,0.331,0.968,0.401
54,3,33,0,0.032,0.331,0.813,0.401
54,3,33,1,0.525,0.388,0.968,0.458
54,3,34,0,0.032,0.388,0.561,0.458
54,3,34,1,0.743,0.45,0.968,0.519
54,3,35,0,0.032,0.45,0.779,0.519
54,3,35,1,0.114,0.509,0.968,0.578
54,3,36,0,0.032,0.509,0.15,0.578
54,3,36,1,0.032,0.564,0.968,0.688
54,3,36,2,0.424,0.689,0.968,0.757
54,3,37,0,0.032,0.689,0.46,0.757
54,3,37,1,0.032,0.744,0.968,0.868
54,3,37,2,0.05,0.87,0.968,0.939
55,3,38,0,0.032,0.014,0.968,0.083
55,3,38,1,0.483,0.096,0.968,0.165
55,3,39,0,0.032,0.096,0.519,0.165
55,3,39,1,0.032,0.15,0.968,0.22
55,3,39,2,0.208,0.213,0.968,0.283
55,3,40,0,0.032,0.213,0.244,0.283
55,3,40,1,0.032,0.268,0.968,0.338
55,3,40,2,0.473,0.331,0.968,0.401
55,3,41,0,0.032,0.331,0.509,0.401
55,3,41,1,0.032,0.386,0.968,0.456
55,3,41,2,0.193,0.451,0.968,0.52
55,3,42,0,0.032,0.451,0.229,0.52
55,3,42,1,0.032,0.507,0.968,0.576
55,3,42,2,0.545,0.569,0.968,0.637
55,3,43,0,0.032,0.569,0.581,0.637
55,3,43,1,0.539,0.63,0.968,0.699
55,3,44,0,0.032,0.63,0.575,0.699
55,3,44,1,0.032,0.685,0.968,0.754
55,3,44,2,0.225,0.744,0.968,0.812
55,3,45,0,0.032,0.744,0.261,0.812
55,3,45,1,0.032,0.799,0.968,0.868
55,3,45,2,0.055,0.864,0.968,0.932
56,3,46,0,0.053,0.028,0.968,0.097
56,3,47,0,0.032,0.028,0.089,0.097
56,3,47,1,0.032,0.083,0.968,0.152
56,3,47,2,0.053,0.144,0.968,0.213
56,3,48,0,0.032,0.144,0.089,0.213
56,3,48,1,0.052,0.207,0.968,0.276
56,3,49,0,0.032,0.207,0.088,0.276
56,3,49,1,0.032,0.262,0.968,0.496
56,3,49,2,0.053,0.508,0.968,0.577
56,3,50,0,0.032,0.508,0.089,0.577
56,3,50,1,0.032,0.563,0.968,0.687
56,3,50,2,0.608,0.685,0.968,0.754
56,3,51,0,0.032,0.685,0.644,0.754
56,3,51,1,0.534,0.749,0.968,0.818
56,3,52,0,0.032,0.749,0.57,0.818
56,3,52,1,0.032,0.804,0.968,0.873
56,3,52,2,0.053,0.864,0.968,0.932
57,3,53,0,0.032,0.014,0.968,0.083
57,3,53,1,0.691,0.088,0.968,0.157
57,3,54,0,0.032,0.088,0.727,0.157
57,3,54,1,0.751,0.148,0.968,0.217
57,3,55,0,0.032,0.148,0.787,0.217
57,3,55,1,0.032,0.203,0.968,0.328
57,3,55,2,0.199,0.324,0.968,0.394
57,3,56,0,0.032,0.324,0.235,0.394
57,3,56,1,0.032,0.379,0.968,0.449
57,3,56,2,0.608,0.445,0.968,0.514
57,3,57,0,0.032,0.445,0.644,0.514
57,3,57,1,0.05,0.506,0.968,0.575
57,3,58,0,0.032,0.506,0.086,0.575
57,3,58,1,0.123,0.564,0.968,0.632
57,3,59,0,0.032,0.564,0.159,0.632
57,3,59,1,0.032,0.619,0.968,0.688
57,3,59,2,0.683,0.684,0.968,0.753
57,3,60,0,0.052,0.684,0.719,0.753
57,3,61,0,0.032,0.684,0.088,0.753
57,3,61,1,0.032,0.74,0.968,0.864
57,3,61,2,0.058,0.862,0.968,0.93
58,3,62,0,0.032,0.014,0.968,0.083
58,3,62,1,0.67,0.092,0.968,0.162
58,3,63,0,0.05,0.092,0.706,0.162
58,3,64,0,0.032,0.092,0.086,0.162
58,3,64,1,0.032,0.147,0.968,0.327
58,3,64,2,0.691,0.328,0.968,0.398
58,3,65,0,0.032,0.328,0.727,0.398
58,3,65,1,0.032,0.383,0.968,0.453
58,3,65,2,0.731,0.446,0.968,0.515
58,3,66,0,0.032,0.446,0.767,0.515
58,3,66,1,0.032,0.502,0.968,0.571
58,3,66,2,0.759,0.568,0.968,0.636
58,3,67,0,0.032,0.568,0.795,0.636
58,3,67,1,0.325,0.623,0.968,0.692
58,3,68,0,0.032,0.623,0.361,0.692
58,3,68,1,0.032,0.678,0.968,0.747
58,3,68,2,0.777,0.743,0.968,0.811
58,3,69,0,0.182,0.797,0.813,0.866
58,3,70,0,0.032,0.797,0.218,0.866
58,3,70,1,0.053,0.858,0.968,0.926
59,3,71,0,0.032,0.014,0.968,0.083
59,3,71,1,0.68,0.085,0.968,0.154
59,3,72,0,0.032,0.085,0.716,0.154
59,3,72,1,0.032,0.14,0.968,0.209
59,3,72,2,0.667,0.203,0.968,0.272
59,3,73,0,0.032,0.203,0.703,0.272
59,3,73,1,0.032,0.258,0.968,0.382
59,3,73,2,0.825,0.384,0.968,0.454
59,3,74,0,0.032,0.384,0.861,0.454
59,3,74,1,0.771,0.446,0.968,0.515
59,3,75,0,0.032,0.446,0.807,0.515
59,3,75,1,0.032,0.502,0.968,0.626
59,3,75,2,0.055,0.624,0.968,0.693
59,3,76,0,0.032,0.624,0.091,0.693
59,3,76,1,0.101,0.686,0.968,0.755
59,3,77,0,0.032,0.686,0.137,0.755
59,3,77,1,0.032,0.742,0.968,0.866
59,3,77,2,0.061,0.865,0.968,0.933
60,3,78,0,0.032,0.014,0.968,0.248
60,3,78,1,0.694,0.208,0.968,0.278
60,3,79,0,0.032,0.208,0.73,0.278
60,3,79,1,0.032,0.263,0.968,0.388
60,3,79,2,0.563,0.388,0.968,0.458
60,3,80,0,0.032,0.388,0.599,0.458
60,3,80,1,0.053,0.445,0.968,0.514
60,3,81,0,0.032,0.445,0.089,0.514
60,3,81,1,0.032,0.501,0.968,0.68
60,3,81,2,0.053,0.688,0.968,0.756
60,3,82,0,0.032,0.688,0.089,0.756
60,3,82,1,0.056,0.745,0.968,0.814
60,3,83,0,0.032,0.745,0.092,0.814
60,3,83,1,0.032,0.8,0.968,0.869
60,3,83,2,0.058,0.865,0.968,0.933
61,3,84,0,0.032,0.014,0.968,0.248
61,3,84,1,0.458,0.208,0.968,0.278
61,3,85,0,0.032,0.208,0.494,0.278
61,3,85,1,0.055,0.268,0.968,0.338
61,3,86,0,0.032,0.268,0.091,0.338
61,3,86,1,0.032,0.323,0.968,0.448
61,3,86,2,0.745,0.447,0.968,0.516
61,3,87,0,0.032,0.447,0.781,0.516
61,3,87,1,0.428,0.506,0.968,0.575
61,3,88,0,0.032,0.506,0.465,0.575
61,3,88,1,0.349,0.567,0.968,0.635
61,3,89,0,0.032,0.567,0.385,0.635
61,3,89,1,0.198,0.627,0.968,0.696
61,3,90,0,0.032,0.627,0.233,0.696
61,3,90,1,0.032,0.682,0.968,0.751
61,3,90,2,0.503,0.745,0.968,0.814
61,3,91,0,0.032,0.745,0.539,0.814
61,3,91,1,0.032,0.8,0.968,0.869
61,3,91,2,0.056,0.863,0.968,0.931
62,3,92,0,0.032,0.014,0.968,0.083
62,3,92,1,0.596,0.095,0.968,0.164
62,3,93,0,0.032,0.095,0.632,0.164
62,3,93,1,0.032,0.149,0.968,0.274
62,3,93,2,0.914,0.269,0.968,0.339
62,3,94,0,0.032,0.269,0.95,0.339
62,3,94,1,0.726,0.327,0.968,0.397
62,3,95,0,0.032,0.327,0.762,0.397
62,3,95,1,0.563,0.386,0.968,0.456
62,3,96,0,0.032,0.386,0.599,0.456
62,3,96,1,0.427,0.448,0.968,0.517
62,3,97,0,0.032,0.448,0.463,0.517
62,3,97,1,0.032,0.504,0.968,0.628
62,3,97,2,0.914,0.623,0.968,0.692
62,3,98,0,0.032,0.623,0.95,0.692
62,3,98,1,0.675,0.683,0.968,0.752
62,3,99,0,0.032,0.683,0.711,0.752
62,3,99,1,0.032,0.739,0.968,0.807
62,3,99,2,0.593,0.802,0.968,0.871
62,3,100,0,0.032,0.802,0.629,0.871
62,3,100,1,0.055,0.866,0.968,0.934
63,3,101,0,0.032,0.014,0.968,0.083
63,3,101,1,0.052,0.087,0.968,0.156
63,3,102,0,0.032,0.087,0.088,0.156
63,3,102,1,0.032,0.142,0.968,0.211
63,3,102,2,0.777,0.207,0.968,0.276
63,3,103,0,0.032,0.207,0.813,0.276
63,3,103,1,0.032,0.262,0.968,0.441
63,3,103,2,0.917,0.445,0.968,0.514
63,3,104,0,0.032,0.445,0.953,0.514
63,3,104,1,0.112,0.503,0.968,0.572
63,3,105,0,0.032,0.503,0.148,0.572
63,3,105,1,0.032,0.558,0.968,0.627
63,3,105,2,0.452,0.625,0.968,0.694
63,3,106,0,0.032,0.625,0.488,0.694
63,3,106,1,0.032,0.68,0.968,0.749
63,3,106,2,0.337,0.742,0.968,0.81
63,3,107,0,0.032,0.742,0.373,0.81
63,3,107,1,0.235,0.799,0.968,0.868
63,3,108,0,0.032,0.799,0.271,0.868
63,3,108,1,0.052,0.86,0.968,0.928
64,3,109,0,0.032,0.014,0.968,0.083
64,3,109,1,0.915,0.09,0.968,0.159
64,3,110,0,0.032,0.09,0.951,0.159
64,3,110,1,0.032,0.145,0.968,0.269
64,3,110,2,0.549,0.268,0.968,0.338
64,3,111,0,0.032,0.268,0.585,0.338
64,3,111,1,0.168,0.328,0.968,0.398
64,3,112,0,0.032,0.328,0.204,0.398
64,3,112,1,0.032,0.383,0.968,0.562
64,3,112,2,0.334,0.565,0.968,0.633
64,3,113,0,0.032,0.565,0.37,0.633
64,3,113,1,0.032,0.62,0.968,0.689
64,3,113,2,0.655,0.684,0.968,0.753
64,3,114,0,0.032,0.684,0.691,0.753
64,3,114,1,0.032,0.74,0.968,0.808
64,3,114,2,0.263,0.8,0.968,0.869
64,3,115,0,0.032,0.8,0.299,0.869
64,3,115,1,0.052,0.861,0.968,0.929
65,3,116,0,0.032,0.014,0.968,0.083
65,3,116,1,0.05,0.086,0.968,0.155
65,3,117,0,0.032,0.086,0.086,0.155
65,3,117,1,0.032,0.141,0.968,0.265
65,3,117,2,0.258,0.263,0.968,0.333
65,3,118,0,0.032,0.263,0.294,0.333
65,3,118,1,0.032,0.318,0.968,0.443
65,3,118,2,0.05,0.443,0.968,0.512
65,3,119,0,0.032,0.443,0.086,0.512
65,3,119,1,0.032,0.498,0.968,0.623
65,3,119,2,0.052,0.622,0.968,0.691
65,3,120,0,0.032,0.622,0.088,0.691
65,3,120,1,0.032,0.677,0.968,0.801
65,3,120,2,0.425,0.801,0.968,0.87
65,3,121,0,0.032,0.801,0.461,0.87
65,3,121,1,0.056,0.861,0.968,0.929
66,3,122,0,0.032,0.014,0.968,0.083
66,3,122,1,0.532,0.09,0.968,0.16
66,3,123,0,0.032,0.09,0.568,0.16
66,3,123,1,0.352,0.15,0.968,0.22
66,3,124,0,0.032,0.15,0.389,0.22
66,3,124,1,0.032,0.205,0.968,0.275
66,3,124,2,0.793,0.271,0.968,0.341
66,3,125,0,0.032,0.271,0.829,0.341
66,3,125,1,0.032,0.326,0.968,0.396
66,3,125,2,0.914,0.391,0.968,0.461
66,3,126,0,0.032,0.391,0.95,0.461
66,3,126,1,0.27,0.45,0.968,0.519
66,3,127,0,0.032,0.45,0.306,0.519
66,3,127,1,0.21,0.508,0.968,0.577
66,3,128,0,0.032,0.508,0.246,0.577
66,3,128,1,0.032,0.563,0.968,0.632
66,3,128,2,0.915,0.63,0.968,0.699
66,3,129,0,0.032,0.63,0.951,0.699
66,3,129,1,0.275,0.686,0.968,0.755
66,3,130,0,0.032,0.686,0.311,0.755
66,3,130,1,0.032,0.742,0.968,0.81
66,3,130,2,0.636,0.81,0.968,0.879
66,3,131,0,0.032,0.81,0.672,0.879
66,3,131,1,0.915,0.869,0.968,0.938
66,3,132,0,0.058,0.869,0.951,0.938
67,3,133,0,0.032,0.014,0.968,0.083
67,3,133,1,0.284,0.082,0.968,0.151
67,3,134,0,0.032,0.082,0.32,0.151
67,3,134,1,0.032,0.137,0.968,0.206
67,3,134,2,0.253,0.202,0.968,0.271
67,3,135,0,0.032,0.202,0.289,0.271
67,3,135,1,0.032,0.257,0.968,0.381
67,3,135,2,0.449,0.382,0.968,0.452
67,3,136,0,0.032,0.382,0.485,0.452
67,3,136,1,0.032,0.437,0.968,0.506
67,3,136,2,0.463,0.504,0.968,0.573
67,3,137,0,0.032,0.504,0.499,0.573
67,3,137,1,0.032,0.559,0.968,0.628
67,3,137,2,0.915,0.624,0.968,0.693
67,3,138,0,0.053,0.625,0.951,0.694
67,3,139,0,0.032,0.625,0.089,0.694
67,3,139,1,0.032,0.68,0.968,0.749
67,3,139,2,0.915,0.745,0.968,0.814
67,3,140,0,0.032,0.745,0.951,0.814
67,3,140,1,0.032,0.8,0.968,0.869
67,3,140,2,0.056,0.865,0.968,0.933
68,3,141,0,0.056,0.011,0.968,0.081
68,3,142,0,0.032,0.011,0.092,0.081
68,3,142,1,0.032,0.067,0.968,0.136
68,3,142,2,0.489,0.128,0.968,0.197
68,3,143,0,0.032,0.128,0.525,0.197
68,3,143,1,0.19,0.186,0.968,0.256
68,3,144,0,0.032,0.186,0.226,0.256
68,3,144,1,0.032,0.242,0.968,0.366
68,3,144,2,0.204,0.368,0.968,0.438
68,3,145,0,0.032,0.368,0.24,0.438
68,3,145,1,0.032,0.423,0.968,0.547
68,3,145,2,0.441,0.548,0.968,0.617
68,3,146,0,0.032,0.548,0.477,0.617
68,3,146,1,0.032,0.604,0.968,0.672
68,3,146,2,0.278,0.668,0.968,0.737
68,3,147,0,0.032,0.668,0.314,0.737
68,3,147,1,0.032,0.724,0.968,0.792
68,3,147,2,0.215,0.785,0.968,0.854
68,3,148,0,0.032,0.785,0.251,0.854
68,3,148,1,0.018,0.846,0.968,0.914
69,3,149,0,0.032,0.014,0.968,0.083
69,3,149,1,0.053,0.091,0.968,0.161
69,3,150,0,0.032,0.091,0.089,0.161
69,3,150,1,0.176,0.151,0.968,0.221
69,3,151,0,0.032,0.151,0.212,0.221
69,3,151,1,0.032,0.206,0.968,0.331
69,3,151,2,0.545,0.33,0.968,0.4
69,3,152,0,0.032,0.33,0.581,0.4
69,3,152,1,0.032,0.385,0.968,0.62
69,3,152,2,0.041,0.631,0.968,0.7
69,3,153,0,0.032,0.631,0.077,0.7
69,3,153,1,0.032,0.686,0.968,0.865
69,3,153,2,0.049,0.869,0.968,0.938
70,3,154,0,0.032,0.014,0.968,0.468
70,3,154,1,0.424,0.45,0.968,0.519
70,3,155,0,0.032,0.45,0.46,0.519
70,3,155,1,0.032,0.506,0.968,0.575
70,3,155,2,0.128,0.569,0.968,0.637
70,3,156,0,0.032,0.569,0.164,0.637
70,3,156,1,0.032,0.624,0.968,0.803
70,3,156,2,0.506,0.808,0.968,0.877
70,3,157,0,0.032,0.808,0.542,0.877
70,3,157,1,0.058,0.87,0.968,0.939
71,3,158,0,0.295,0.031,0.968,0.1
71,3,159,0,0.032,0.031,0.331,0.1
71,3,159,1,0.032,0.086,0.968,0.21
71,3,159,2,0.283,0.208,0.968,0.278
71,3,160,0,0.032,0.208,0.319,0.278
71,3,160,1,0.032,0.263,0.968,0.333
71,3,160,2,0.311,0.324,0.968,0.394
71,3,161,0,0.032,0.324,0.347,0.394
71,3,161,1,0.032,0.379,0.968,0.449
71,3,161,2,0.352,0.445,0.968,0.514
71,3,162,0,0.032,0.445,0.389,0.514
71,3,162,1,0.032,0.501,0.968,0.57
71,3,162,2,0.917,0.564,0.968,0.632
71,3,163,0,0.052,0.562,0.953,0.631
71,3,164,0,0.032,0.562,0.088,0.631
71,3,164,1,0.032,0.618,0.968,0.742
71,3,164,2,0.05,0.744,0.968,0.812
71,3,165,0,0.032,0.744,0.086,0.812
71,3,165,1,0.032,0.799,0.968,0.868
71,3,165,2,0.052,0.861,0.968,0.929
72,3,166,0,0.032,0.014,0.968,0.083
72,3,166,1,0.917,0.089,0.968,0.158
72,3,167,0,0.032,0.089,0.953,0.158
72,3,167,1,0.032,0.144,0.968,0.268
72,3,167,2,0.349,0.264,0.968,0.334
72,3,168,0,0.032,0.264,0.385,0.334
72,3,168,1,0.032,0.319,0.968,0.389
72,3,168,2,0.472,0.384,0.968,0.454
72,3,169,0,0.032,0.384,0.508,0.454
72,3,169,1,0.151,0.444,0.968,0.513
72,3,170,0,0.032,0.444,0.187,0.513
72,3,170,1,0.032,0.499,0.968,0.569
72,3,170,2,0.053,0.561,0.968,0.63
72,3,171,0,0.032,0.561,0.089,0.63
72,3,171,1,0.032,0.617,0.968,0.685
72,3,171,2,0.754,0.684,0.968,0.753
72,3,172,0,0.032,0.684,0.79,0.753
72,3,172,1,0.05,0.745,0.968,0.814
72,3,173,0,0.032,0.745,0.086,0.814
72,3,173,1,0.032,0.8,0.968,0.869
72,3,173,2,0.058,0.866,0.968,0.934
73,3,174,0,0.032,0.014,0.968,0.083
73,3,174,1,0.329,0.089,0.968,0.158
73,3,175,0,0.032,0.089,0.365,0.158
73,3,175,1,0.053,0.148,0.968,0.217
73,3,176,0,0.032,0.148,0.089,0.217
73,3,176,1,0.032,0.203,0.968,0.328
73,3,176,2,0.816,0.327,0.968,0.397
73,3,177,0,0.032,0.327,0.852,0.397
73,3,177,1,0.438,0.385,0.968,0.455
73,3,178,0,0.032,0.385,0.474,0.455
73,3,178,1,0.032,0.44,0.968,0.509
73,3,178,2,0.61,0.506,0.968,0.575
73,3,179,0,0.032,0.506,0.646,0.575
73,3,179,1,0.032,0.561,0.968,0.685
73,3,179,2,0.111,0.691,0.968,0.759
73,3,180,0,0.032,0.691,0.147,0.759
73,3,180,1,0.032,0.746,0.968,0.87
73,3,180,2,0.05,0.87,0.968,0.939
74,3,181,0,0.032,0.014,0.968,0.193
74,3,181,1,0.481,0.152,0.968,0.222
74,3,182,0,0.032,0.152,0.517,0.222
74,3,182,1,0.354,0.212,0.968,0.282
74,3,183,0,0.032,0.212,0.39,0.282
74,3,183,1,0.032,0.267,0.968,0.392
74,3,183,2,0.052,0.388,0.968,0.458
74,3,184,0,0.032,0.388,0.088,0.458
74,3,184,1,0.032,0.443,0.968,0.512
74,3,184,2,0.486,0.508,0.968,0.577
74,3,185,0,0.032,0.508,0.522,0.577
74,3,185,1,0.032,0.563,0.968,0.687
74,3,185,2,0.607,0.685,0.968,0.754
74,3,186,0,0.032,0.685,0.643,0.754
74,3,186,1,0.032,0.741,0.968,0.865
74,3,186,2,0.053,0.864,0.968,0.932
75,3,187,0,0.032,0.014,0.968,0.138
75,3,187,1,0.433,0.149,0.968,0.218
75,3,188,0,0.032,0.149,0.469,0.218
75,3,188,1,0.032,0.204,0.968,0.274
75,3,188,2,0.213,0.267,0.968,0.337
75,3,189,0,0.032,0.267,0.249,0.337
75,3,189,1,0.171,0.327,0.968,0.397
75,3,190,0,0.032,0.327,0.207,0.397
75,3,190,1,0.032,0.382,0.968,0.452
75,3,190,2,0.633,0.445,0.968,0.514
75,3,191,0,0.032,0.445,0.669,0.514
75,3,191,1,0.032,0.501,0.968,0.57
75,3,191,2,0.053,0.564,0.968,0.632
75,3,192,0,0.032,0.564,0.089,0.632
75,3,192,1,0.032,0.619,0.968,0.688
75,3,192,2,0.797,0.685,0.968,0.754
75,3,193,0,0.032,0.685,0.834,0.754
75,3,193,1,0.032,0.741,0.968,0.809
75,3,193,2,0.428,0.805,0.968,0.874
75,3,194,0,0.032,0.805,0.465,0.874
75,3,194,1,0.052,0.864,0.968,0.932
76,3,195,0,0.032,0.014,0.968,0.248
76,3,195,1,0.056,0.257,0.968,0.327
76,3,196,0,0.032,0.257,0.092,0.327
76,3,196,1,0.23,0.319,0.968,0.389
76,3,197,0,0.032,0.319,0.266,0.389
76,3,197,1,0.322,0.379,0.968,0.448
76,3,198,0,0.032,0.379,0.358,0.448
76,3,198,1,0.032,0.433,0.968,0.503
76,3,198,2,0.179,0.497,0.968,0.567
76,3,199,0,0.032,0.497,0.215,0.567
76,3,199,1,0.032,0.553,0.968,0.732
76,3,199,2,0.593,0.737,0.968,0.805
76,3,200,0,0.053,0.788,0.629,0.857
77,4,1,0,0.032,0.014,0.968,0.248
77,4,1,1,0.374,0.211,0.968,0.281
77,4,2,0,0.032,0.211,0.41,0.281
77,4,2,1,0.032,0.266,0.968,0.336
77,4,2,2,0.683,0.33,0.968,0.4
77,4,3,0,0.032,0.33,0.719,0.4
77,4,3,1,0.032,0.385,0.968,0.455
77,4,3,2,0.14,0.449,0.968,0.518
77,4,4,0,0.032,0.449,0.176,0.518
77,4,4,1,0.032,0.505,0.968,0.574
77,4,4,2,0.739,0.569,0.968,0.637
77,4,5,0,0.032,0.569,0.775,0.637
77,4,5,1,0.139,0.63,0.968,0.699
77,4,6,0,0.032,0.63,0.175,0.699
77,4,6,1,0.032,0.685,0.968,0.864
77,4,6,2,0.056,0.867,0.968,0.935
78,4,7,0,0.032,0.014,0.968,0.138
78,4,7,1,0.77,0.146,0.968,0.215
78,4,8,0,0.032,0.146,0.806,0.215
78,4,8,1,0.032,0.201,0.968,0.271
78,4,8,2,0.914,0.266,0.968,0.336
78,4,9,0,0.052,0.32,0.95,0.39
78,4,10,0,0.032,0.32,0.088,0.39
78,4,10,1,0.032,0.375,0.968,0.445
78,4,10,2,0.263,0.445,0.968,0.514
78,4,11,0,0.032,0.445,0.299,0.514
78,4,11,1,0.032,0.501,0.968,0.9
78,4,11,2,0.052,0.866,0.968,0.934
79,4,12,0,0.032,0.014,0.968,0.633
79,4,12,1,0.915,0.634,0.968,0.703
79,4,13,0,0.032,0.634,0.951,0.703
79,4,13,1,0.032,0.689,0.968,0.758
79,4,13,2,0.052,0.748,0.968,0.817
79,4,14,0,0.032,0.748,0.088,0.817
79,4,14,1,0.032,0.803,0.968,0.872
79,4,14,2,0.053,0.865,0.968,0.933
80,4,15,0,0.032,0.014,0.968,0.248
80,4,15,1,0.914,0.209,0.968,0.279
80,4,16,0,0.032,0.209,0.95,0.279
80,4,16,1,0.032,0.264,0.968,0.334
80,4,16,2,0.915,0.327,0.968,0.397
80,4,17,0,0.032,0.327,0.951,0.397
80,4,17,1,0.032,0.382,0.968,0.452
80,4,17,2,0.54,0.448,0.968,0.517
80,4,18,0,0.032,0.448,0.576,0.517
80,4,18,1,0.032,0.504,0.968,0.628
80,4,18,2,0.323,0.628,0.968,0.697
80,4,19,0,0.032,0.628,0.359,0.697
80,4,19,1,0.032,0.683,0.968,0.862
80,4,19,2,0.055,0.868,0.968,0.936
81,4,20,0,0.032,0.014,0.968,0.138
81,4,20,1,0.548,0.149,0.968,0.218
81,4,21,0,0.032,0.149,0.584,0.218
81,4,21,1,0.032,0.204,0.968,0.274
81,4,21,2,0.779,0.27,0.968,0.34
81,4,22,0,0.032,0.27,0.815,0.34
81,4,22,1,0.032,0.325,0.968,0.395
81,4,22,2,0.621,0.389,0.968,0.459
81,4,23,0,0.032,0.389,0.657,0.459
81,4,23,1,0.032,0.444,0.968,0.899
81,4,23,2,0.056,0.869,0.968,0.938
82,4,24,0,0.032,0.014,0.968,0.358
82,4,24,1,0.787,0.331,0.968,0.401
82,4,25,0,0.032,0.331,0.823,0.401
82,4,25,1,0.032,0.386,0.968,0.841
82,4,25,2,0.912,0.802,0.968,0.871
82,4,26,0,0.032,0.802,0.948,0.871
82,4,26,1,0.052,0.863,0.968,0.931
83,4,27,0,0.032,0.014,0.968,0.083
83,4,27,1,0.351,0.091,0.968,0.161
83,4,28,0,0.032,0.091,0.387,0.161
83,4,28,1,0.318,0.151,0.968,0.221
83,4,29,0,0.032,0.151,0.354,0.221
83,4,29,1,0.032,0.206,0.968,0.331
83,4,29,2,0.495,0.331,0.968,0.401
83,4,30,0,0.032,0.331,0.531,0.401
83,4,30,1,0.032,0.386,0.968,0.456
83,4,30,2,0.808,0.449,0.968,0.518
83,4,31,0,0.032,0.449,0.844,0.518
83,4,31,1,0.052,0.506,0.968,0.575
83,4,32,0,0.032,0.506,0.088,0.575
83,4,32,1,0.032,0.561,0.968,0.74
83,4,32,2,0.791,0.748,0.968,0.817
83,4,33,0,0.032,0.748,0.827,0.817
83,4,33,1,0.032,0.803,0.968,0.872
83,4,33,2,0.052,0.864,0.968,0.932
84,4,34,0,0.032,0.014,0.968,0.358
84,4,34,1,0.39,0.325,0.968,0.395
84,4,35,0,0.032,0.325,0.426,0.395
84,4,35,1,0.032,0.38,0.968,0.45
84,4,35,2,0.041,0.446,0.968,0.515
84,4,36,0,0.032,0.446,0.077,0.515
84,4,36,1,0.032,0.502,0.968,0.736
84,4,36,2,0.489,0.747,0.968,0.816
84,4,37,0,0.032,0.747,0.525,0.816
84,4,37,1,0.032,0.802,0.968,0.871
84,4,37,2,0.056,0.866,0.968,0.934
85,4,38,0,0.032,0.014,0.968,0.138
85,4,38,1,0.832,0.146,0.968,0.215
85,4,39,0,0.032,0.146,0.868,0.215
85,4,39,1,0.28,0.207,0.968,0.277
85,4,40,0,0.032,0.207,0.316,0.277
85,4,40,1,0.032,0.262,0.968,0.332
85,4,40,2,0.709,0.325,0.968,0.395
85,4,41,0,0.032,0.325,0.745,0.395
85,4,41,1,0.346,0.385,0.968,0.455
85,4,42,0,0.032,0.385,0.382,0.455
85,4,42,1,0.032,0.44,0.968,0.509
85,4,42,2,0.723,0.504,0.968,0.573
85,4,43,0,0.032,0.504,0.759,0.573
85,4,43,1,0.032,0.559,0.968,0.793
85,4,43,2,0.582,0.805,0.968,0.874
85,4,44,0,0.032,0.805,0.618,0.874
85,4,44,1,0.052,0.867,0.968,0.935
86,4,45,0,0.052,0.034,0.968,0.102
86,4,46,0,0.032,0.034,0.088,0.102
86,4,46,1,0.032,0.088,0.968,0.323
86,4,46,2,0.751,0.333,0.968,0.403
86,4,47,0,0.032,0.333,0.787,0.403
86,4,47,1,0.032,0.388,0.968,0.512
86,4,47,2,0.729,0.514,0.968,0.583
86,4,48,0,0.032,0.514,0.765,0.583
86,4,48,1,0.032,0.569,0.968,0.638
86,4,48,2,0.917,0.632,0.968,0.701
86,4,49,0,0.032,0.632,0.953,0.701
86,4,49,1,0.638,0.691,0.968,0.759
86,4,50,0,0.032,0.691,0.674,0.759
86,4,50,1,0.601,0.751,0.968,0.82
86,4,51,0,0.032,0.751,0.637,0.82
86,4,51,1,0.032,0.806,0.968,0.875
86,4,51,2,0.052,0.869,0.968,0.938
87,4,52,0,0.053,0.031,0.968,0.1
87,4,53,0,0.032,0.031,0.089,0.1
87,4,53,1,0.1,0.09,0.968,0.16
87,4,54,0,0.032,0.09,0.136,0.16
87,4,54,1,0.032,0.145,0.968,0.214
87,4,54,2,0.053,0.209,0.968,0.279
87,4,55,0,0.032,0.209,0.089,0.279
87,4,55,1,0.032,0.264,0.968,0.334
87,4,55,2,0.915,0.326,0.968,0.396
87,4,56,0,0.032,0.326,0.951,0.396
87,4,56,1,0.032,0.381,0.968,0.451
87,4,56,2,0.613,0.448,0.968,0.517
87,4,57,0,0.032,0.448,0.649,0.517
87,4,57,1,0.032,0.504,0.968,0.573
87,4,57,2,0.149,0.569,0.968,0.637
87,4,58,0,0.032,0.569,0.185,0.637
87,4,58,1,0.032,0.624,0.968,0.748
87,4,58,2,0.827,0.748,0.968,0.817
87,4,59,0,0.032,0.748,0.863,0.817
87,4,59,1,0.032,0.803,0.968,0.872
87,4,59,2,0.055,0.868,0.968,0.936
88,4,60,0,0.032,0.014,0.968,0.248
88,4,60,1,0.663,0.209,0.968,0.279
88,4,61,0,0.032,0.209,0.699,0.279
88,4,61,1,0.032,0.264,0.968,0.334
88,4,61,2,0.749,0.329,0.968,0.399
88,4,62,0,0.032,0.329,0.785,0.399
88,4,62,1,0.032,0.384,0.968,0.454
88,4,62,2,0.594,0.446,0.968,0.515
88,4,63,0,0.032,0.446,0.63,0.515
88,4,63,1,0.032,0.502,0.968,0.571
88,4,63,2,0.539,0.566,0.968,0.634
88,4,64,0,0.032,0.566,0.575,0.634
88,4,64,1,0.032,0.621,0.968,0.745
88,4,64,2,0.452,0.744,0.968,0.812
88,4,65,0,0.032,0.744,0.488,0.812
88,4,65,1,0.032,0.799,0.968,0.868
88,4,65,2,0.052,0.861,0.968,0.929
89,4,66,0,0.032,0.014,0.968,0.138
89,4,66,1,0.351,0.148,0.968,0.217
89,4,67,0,0.032,0.148,0.387,0.217
89,4,67,1,0.615,0.208,0.968,0.278
89,4,68,0,0.05,0.206,0.651,0.275
89,4,69,0,0.032,0.206,0.086,0.275
89,4,69,1,0.032,0.261,0.968,0.385
89,4,69,2,0.649,0.387,0.968,0.457
89,4,70,0,0.032,0.387,0.685,0.457
89,4,70,1,0.7,0.448,0.968,0.517
89,4,71,0,0.032,0.448,0.736,0.517
89,4,71,1,0.416,0.505,0.968,0.574
89,4,72,0,0.032,0.505,0.452,0.574
89,4,72,1,0.032,0.56,0.968,0.629
89,4,72,2,0.788,0.627,0.968,0.696
89,4,73,0,0.032,0.627,0.824,0.696
89,4,73,1,0.032,0.682,0.968,0.751
89,4,73,2,0.669,0.744,0.968,0.812
89,4,74,0,0.032,0.744,0.705,0.812
89,4,74,1,0.032,0.799,0.968,0.868
89,4,74,2,0.053,0.864,0.968,0.932
90,4,75,0,0.032,0.014,0.968,0.193
90,4,75,1,0.825,0.204,0.968,0.273
90,4,76,0,0.032,0.204,0.861,0.273
90,4,76,1,0.032,0.259,0.968,0.328
90,4,76,2,0.593,0.324,0.968,0.394
90,4,77,0,0.032,0.324,0.629,0.394
90,4,77,1,0.032,0.379,0.968,0.558
90,4,77,2,0.153,0.56,0.968,0.629
90,4,78,0,0.032,0.56,0.189,0.629
90,4,78,1,0.032,0.616,0.968,0.795
90,4,78,2,0.706,0.807,0.968,0.876
90,4,79,0,0.032,0.807,0.742,0.876
90,4,79,1,0.052,0.865,0.968,0.933
91,4,80,0,0.032,0.014,0.968,0.083
91,4,80,1,0.656,0.091,0.968,0.161
91,4,81,0,0.032,0.091,0.692,0.161
91,4,81,1,0.032,0.146,0.968,0.271
91,4,81,2,0.915,0.271,0.968,0.341
91,4,82,0,0.032,0.271,0.951,0.341
91,4,82,1,0.545,0.33,0.968,0.4
91,4,83,0,0.032,0.33,0.581,0.4
91,4,83,1,0.032,0.385,0.968,0.509
91,4,83,2,0.053,0.507,0.968,0.576
91,4,84,0,0.032,0.507,0.089,0.576
91,4,84,1,0.032,0.562,0.968,0.686
91,4,84,2,0.653,0.688,0.968,0.756
91,4,85,0,0.032,0.688,0.689,0.756
91,4,85,1,0.032,0.743,0.968,0.811
91,4,85,2,0.452,0.809,0.968,0.878
91,4,86,0,0.032,0.809,0.488,0.878
91,4,86,1,0.05,0.869,0.968,0.938
92,4,87,0,0.032,0.014,0.968,0.083
92,4,87,1,0.461,0.088,0.968,0.157
92,4,88,0,0.032,0.088,0.497,0.157
92,4,88,1,0.032,0.143,0.968,0.212
92,4,88,2,0.157,0.206,0.968,0.275
92,4,89,0,0.032,0.206,0.193,0.275
92,4,89,1,0.032,0.261,0.968,0.385
92,4,89,2,0.05,0.383,0.968,0.453
92,4,90,0,0.032,0.383,0.086,0.453
92,4,90,1,0.032,0.438,0.968,0.618
92,4,90,2,0.05,0.626,0.968,0.695
92,4,91,0,0.032,0.626,0.086,0.695
92,4,91,1,0.032,0.681,0.968,0.86
92,4,91,2,0.052,0.862,0.968,0.93
93,4,92,0,0.032,0.014,0.968,0.468
93,4,92,1,0.48,0.452,0.968,0.521
93,4,93,0,0.032,0.452,0.516,0.521
93,4,93,1,0.032,0.508,0.968,0.577
93,4,93,2,0.162,0.57,0.968,0.638
93,4,94,0,0.032,0.57,0.198,0.638
93,4,94,1,0.032,0.625,0.968,0.859
93,4,94,2,0.055,0.87,0.968,0.939
94,4,95,0,0.032,0.014,0.968,0.248
94,4,95,1,0.356,0.21,0.968,0.28
94,4,96,0,0.032,0.21,0.392,0.28
94,4,96,1,0.427,0.27,0.968,0.34
94,4,97,0,0.032,0.27,0.463,0.34
94,4,97,1,0.032,0.325,0.968,0.45
94,4,97,2,0.526,0.447,0.968,0.516
94,4,98,0,0.032,0.447,0.562,0.516
94,4,98,1,0.052,0.51,0.968,0.579
94,4,99,0,0.032,0.51,0.088,0.579
94,4,99,1,0.053,0.568,0.968,0.636
94,4,100,0,0.032,0.568,0.089,0.636
94,4,100,1,0.032,0.623,0.968,0.747
94,4,100,2,0.205,0.749,0.968,0.818
94,4,101,0,0.032,0.749,0.241,0.818
94,4,101,1,0.032,0.804,0.968,0.873
94,4,101,2,0.05,0.868,0.968,0.936
95,4,102,0,0.032,0.014,0.968,0.468
95,4,102,1,0.052,0.451,0.968,0.52
95,4,103,0,0.032,0.451,0.088,0.52
95,4,103,1,0.032,0.507,0.968,0.631
95,4,103,2,0.243,0.632,0.968,0.701
95,4,104,0,0.032,0.632,0.279,0.701
95,4,104,1,0.032,0.687,0.968,0.811
95,4,104,2,0.79,0.808,0.968,0.877
95,4,105,0,0.032,0.808,0.826,0.877
95,4,105,1,0.055,0.872,0.968,0.941
96,4,106,0,0.207,0.025,0.968,0.095
96,4,107,0,0.032,0.025,0.243,0.095
96,4,107,1,0.032,0.081,0.968,0.15
96,4,107,2,0.705,0.147,0.968,0.216
96,4,108,0,0.032,0.147,0.741,0.216
96,4,108,1,0.032,0.202,0.968,0.272
96,4,108,2,0.484,0.267,0.968,0.337
96,4,109,0,0.032,0.267,0.52,0.337
96,4,109,1,0.032,0.322,0.968,0.392
96,4,109,2,0.236,0.386,0.968,0.456
96,4,110,0,0.032,0.386,0.272,0.456
96,4,110,1,0.032,0.441,0.968,0.51
96,4,110,2,0.805,0.507,0.968,0.576
96,4,111,0,0.032,0.507,0.841,0.576
96,4,111,1,0.525,0.565,0.968,0.633
96,4,112,0,0.032,0.565,0.561,0.633
96,4,112,1,0.142,0.627,0.968,0.696
96,4,113,0,0.032,0.627,0.178,0.696
96,4,113,1,0.032,0.682,0.968,0.861
96,4,113,2,0.053,0.864,0.968,0.932
97,4,114,0,0.032,0.014,0.968,0.138
97,4,114,1,0.122,0.145,0.968,0.214
97,4,115,0,0.032,0.145,0.158,0.214
97,4,115,1,0.032,0.2,0.968,0.325
97,4,115,2,0.804,0.326,0.968,0.396
97,4,116,0,0.032,0.326,0.84,0.396
97,4,116,1,0.032,0.381,0.968,0.451
97,4,116,2,0.917,0.446,0.968,0.515
97,4,117,0,0.032,0.446,0.953,0.515
97,4,117,1,0.577,0.506,0.968,0.575
97,4,118,0,0.032,0.506,0.613,0.575
97,4,118,1,0.447,0.568,0.968,0.636
97,4,119,0,0.032,0.568,0.483,0.636
97,4,119,1,0.032,0.623,0.968,0.747
97,4,119,2,0.053,0.749,0.968,0.818
97,4,120,0,0.032,0.749,0.089,0.818
97,4,120,1,0.052,0.81,0.968,0.879
97,4,121,0,0.032,0.81,0.088,0.879
97,4,121,1,0.053,0.87,0.968,0.939
98,4,122,0,0.032,0.014,0.968,0.138
98,4,122,1,0.292,0.144,0.968,0.213
98,4,123,0,0.032,0.144,0.328,0.213
98,4,123,1,0.032,0.199,0.968,0.269
98,4,123,2,0.184,0.263,0.968,0.333
98,4,124,0,0.032,0.263,0.22,0.333
98,4,124,1,0.032,0.318,0.968,0.388
98,4,124,2,0.142,0.386,0.968,0.456
98,4,125,0,0.032,0.386,0.178,0.456
98,4,125,1,0.032,0.441,0.968,0.51
98,4,125,2,0.157,0.503,0.968,0.572
98,4,126,0,0.032,0.503,0.193,0.572
98,4,126,1,0.032,0.558,0.968,0.627
98,4,126,2,0.813,0.627,0.968,0.696
98,4,127,0,0.032,0.627,0.849,0.696
98,4,127,1,0.032,0.682,0.968,0.861
98,4,127,2,0.053,0.864,0.968,0.932
99,4,128,0,0.032,0.014,0.968,0.248
99,4,128,1,0.548,0.208,0.968,0.278
99,4,129,0,0.032,0.208,0.584,0.278
99,4,129,1,0.032,0.263,0.968,0.388
99,4,129,2,0.559,0.389,0.968,0.459
99,4,130,0,0.032,0.389,0.595,0.459
99,4,130,1,0.258,0.449,0.968,0.518
99,4,131,0,0.032,0.449,0.294,0.518
99,4,131,1,0.032,0.505,0.968,0.629
99,4,131,2,0.053,0.629,0.968,0.698
99,4,132,0,0.032,0.629,0.089,0.698
99,4,132,1,0.052,0.688,0.968,0.756
99,4,133,0,0.032,0.688,0.088,0.756
99,4,133,1,0.032,0.743,0.968,0.811
99,4,133,2,0.607,0.809,0.968,0.878
99,4,134,0,0.032,0.809,0.643,0.878
99,4,134,1,0.053,0.869,0.968,0.938
100,4,135,0,0.032,0.014,0.968,0.248
100,4,135,1,0.137,0.207,0.968,0.277
100,4,136,0,0.032,0.207,0.173,0.277
100,4,136,1,0.032,0.262,0.968,0.442
100,4,136,2,0.689,0.445,0.968,0.514
100,4,137,0,0.032,0.445,0.725,0.514
100,4,137,1,0.032,0.501,0.968,0.57
100,4,137,2,0.805,0.565,0.968,0.633
100,4,138,0,0.145,0.564,0.841,0.632
100,4,139,0,0.032,0.564,0.181,0.632
100,4,139,1,0.032,0.619,0.968,0.688
100,4,139,2,0.405,0.683,0.968,0.752
100,4,140,0,0.032,0.683,0.441,0.752
100,4,140,1,0.032,0.739,0.968,0.863
100,4,140,2,0.05,0.863,0.968,0.931
101,4,141,0,0.032,0.014,0.968,0.193
101,4,141,1,0.055,0.2,0.968,0.269
101,4,142,0,0.032,0.2,0.091,0.269
101,4,142,1,0.032,0.255,0.968,0.379
101,4,142,2,0.836,0.381,0.968,0.451
101,4,143,0,0.032,0.381,0.872,0.451
101,4,143,1,0.351,0.442,0.968,0.511
101,4,144,0,0.032,0.442,0.387,0.511
101,4,144,1,0.032,0.497,0.968,0.567
101,4,144,2,0.249,0.564,0.968,0.632
101,4,145,0,0.032,0.564,0.285,0.632
101,4,145,1,0.049,0.625,0.968,0.694
101,4,146,0,0.032,0.625,0.085,0.694
101,4,146,1,0.032,0.68,0.968,0.804
101,4,146,2,0.518,0.806,0.968,0.875
101,4,147,0,0.032,0.806,0.554,0.875
101,4,147,1,0.052,0.867,0.968,0.935
102,4,148,0,0.032,0.014,0.968,0.083
102,4,148,1,0.658,0.09,0.968,0.159
102,4,149,0,0.032,0.09,0.694,0.159
102,4,149,1,0.415,0.148,0.968,0.217
102,4,150,0,0.032,0.148,0.451,0.217
102,4,150,1,0.032,0.203,0.968,0.328
102,4,150,2,0.396,0.327,0.968,0.397
102,4,151,0,0.032,0.327,0.432,0.397
102,4,151,1,0.255,0.387,0.968,0.457
102,4,152,0,0.032,0.387,0.291,0.457
102,4,152,1,0.032,0.442,0.968,0.511
102,4,152,2,0.193,0.508,0.968,0.577
102,4,153,0,0.032,0.508,0.229,0.577
102,4,153,1,0.032,0.563,0.968,0.742
102,4,153,2,0.049,0.747,0.968,0.816
102,4,154,0,0.032,0.747,0.085,0.816
102,4,154,1,0.032,0.802,0.968,0.871
102,4,154,2,0.052,0.864,0.968,0.932
103,4,155,0,0.032,0.014,0.968,0.138
103,4,155,1,0.554,0.145,0.968,0.214
103,4,156,0,0.032,0.145,0.59,0.214
103,4,156,1,0.705,0.207,0.968,0.277
103,4,157,0,0.032,0.207,0.741,0.277
103,4,157,1,0.032,0.262,0.968,0.387
103,4,157,2,0.689,0.387,0.968,0.457
103,4,158,0,0.032,0.387,0.725,0.457
103,4,158,1,0.915,0.45,0.968,0.519
103,4,159,0,0.032,0.45,0.951,0.519
103,4,159,1,0.456,0.509,0.968,0.578
103,4,160,0,0.032,0.509,0.492,0.578
103,4,160,1,0.032,0.564,0.968,0.633
103,4,160,2,0.822,0.629,0.968,0.698
103,4,161,0,0.032,0.629,0.858,0.698
103,4,161,1,0.154,0.686,0.968,0.755
103,4,162,0,0.032,0.686,0.19,0.755
103,4,162,1,0.032,0.742,0.968,0.866
103,4,162,2,0.052,0.868,0.968,0.936
104,4,163,0,0.032,0.014,0.968,0.248
104,4,163,1,0.559,0.209,0.968,0.279
104,4,164,0,0.032,0.209,0.595,0.279
104,4,164,1,0.032,0.264,0.968,0.334
104,4,164,2,0.706,0.327,0.968,0.397
104,4,165,0,0.032,0.327,0.742,0.397
104,4,165,1,0.032,0.382,0.968,0.452
104,4,165,2,0.912,0.446,0.968,0.515
104,4,166,0,0.032,0.446,0.948,0.515
104,4,166,1,0.196,0.508,0.968,0.577
104,4,167,0,0.032,0.508,0.232,0.577
104,4,167,1,0.032,0.563,0.968,0.632
104,4,167,2,0.912,0.627,0.968,0.696
104,4,168,0,0.032,0.627,0.948,0.696
104,4,168,1,0.658,0.686,0.968,0.755
104,4,169,0,0.032,0.686,0.694,0.755
104,4,169,1,0.498,0.747,0.968,0.816
104,4,170,0,0.032,0.747,0.534,0.816
104,4,170,1,0.032,0.802,0.968,0.871
104,4,170,2,0.049,0.867,0.968,0.935
105,4,171,0,0.032,0.014,0.968,0.358
105,4,171,1,0.281,0.323,0.968,0.393
105,4,172,0,0.032,0.323,0.317,0.393
105,4,172,1,0.032,0.378,0.968,0.502
105,4,172,2,0.712,0.506,0.968,0.575
105,4,173,0,0.032,0.506,0.748,0.575
105,4,173,1,0.032,0.561,0.968,0.685
105,4,173,2,0.243,0.686,0.968,0.755
105,4,174,0,0.032,0.686,0.279,0.755
105,4,174,1,0.052,0.75,0.968,0.819
105,4,175,0,0.032,0.75,0.088,0.819
105,4,175,1,0.032,0.805,0.968,0.874
105,4,175,2,0.056,0.869,0.968,0.938
106,4,176,0,0.032,0.014,0.968,0.303
106,4,176,1,0.059,0.269,0.968,0.339
106,5,1,0,0.032,0.269,0.096,0.339
106,5,1,1,0.032,0.324,0.968,0.614
106,5,1,2,0.697,0.574,0.968,0.642
106,5,2,0,0.032,0.574,0.733,0.642
106,5,2,1,0.032,0.629,0.968,0.863
106,5,2,2,0.053,0.873,0.968,0.942
107,5,3,0,0.032,0.014,0.968,0.413
107,5,3,1,0.053,0.382,0.968,0.452
107,5,4,0,0.032,0.382,0.089,0.452
107,5,4,1,0.032,0.437,0.968,0.617
107,5,4,2,0.917,0.625,0.968,0.694
107,5,5,0,0.032,0.625,0.953,0.694
107,5,5,1,0.032,0.68,0.968,0.859
107,5,5,2,0.053,0.87,0.968,0.939
108,5,6,0,0.032,0.014,0.968,0.468
108,5,6,1,0.059,0.442,0.968,0.511
108,5,7,0,0.032,0.442,0.096,0.511
108,5,7,1,0.032,0.497,0.968,0.622
108,5,7,2,0.742,0.625,0.968,0.694
108,5,8,0,0.032,0.625,0.778,0.694
108,5,8,1,0.032,0.68,0.968,0.804
108,5,8,2,0.43,0.805,0.968,0.874
108,5,9,0,0.032,0.805,0.466,0.874
108,5,9,1,0.063,0.865,0.968,0.933
109,5,10,0,0.032,0.014,0.968,0.083
109,5,10,1,0.752,0.085,0.968,0.154
109,5,11,0,0.032,0.085,0.788,0.154
109,5,11,1,0.032,0.14,0.968,0.264
109,5,11,2,0.659,0.266,0.968,0.336
109,5,12,0,0.032,0.266,0.696,0.336
109,5,12,1,0.032,0.321,0.968,0.666
109,5,12,2,0.145,0.63,0.968,0.699
109,5,13,0,0.032,0.63,0.181,0.699
109,5,13,1,0.032,0.685,0.968,0.864
109,5,13,2,0.058,0.868,0.968,0.936
110,5,14,0,0.032,0.014,0.968,0.248
110,5,14,1,0.419,0.208,0.968,0.278
110,5,15,0,0.032,0.208,0.455,0.278
110,5,15,1,0.032,0.263,0.968,0.443
110,5,15,2,0.759,0.449,0.968,0.518
110,5,16,0,0.032,0.449,0.795,0.518
110,5,16,1,0.032,0.505,0.968,0.629
110,5,16,2,0.914,0.626,0.968,0.695
110,5,17,0,0.032,0.626,0.95,0.695
110,5,17,1,0.032,0.681,0.968,0.86
110,5,17,2,0.055,0.869,0.968,0.938
111,5,18,0,0.032,0.014,0.968,0.248
111,5,18,1,0.443,0.212,0.968,0.282
111,5,19,0,0.032,0.212,0.479,0.282
111,5,19,1,0.032,0.267,0.968,0.392
111,5,19,2,0.714,0.392,0.968,0.462
111,5,20,0,0.032,0.392,0.75,0.462
111,5,20,1,0.032,0.447,0.968,0.516
111,5,20,2,0.275,0.511,0.968,0.58
111,5,21,0,0.032,0.511,0.311,0.58
111,5,21,1,0.032,0.566,0.968,0.635
111,5,21,2,0.604,0.631,0.968,0.7
111,5,22,0,0.032,0.631,0.64,0.7
111,5,22,1,0.032,0.686,0.968,0.755
111,5,22,2,0.627,0.751,0.968,0.82
111,5,23,0,0.032,0.751,0.663,0.82
111,5,23,1,0.032,0.806,0.968,0.875
111,5,23,2,0.056,0.87,0.968,0.939
112,5,24,0,0.032,0.014,0.968,0.083
112,5,24,1,0.193,0.086,0.968,0.155
112,5,25,0,0.032,0.086,0.229,0.155
112,5,25,1,0.032,0.141,0.968,0.21
112,5,25,2,0.737,0.207,0.968,0.276
112,5,26,0,0.032,0.207,0.773,0.276
112,5,26,1,0.044,0.264,0.968,0.334
112,5,27,0,0.032,0.264,0.08,0.334
112,5,27,1,0.032,0.319,0.968,0.444
112,5,27,2,0.387,0.448,0.968,0.517
112,5,28,0,0.032,0.448,0.423,0.517
112,5,28,1,0.032,0.504,0.968,0.573
112,5,28,2,0.683,0.568,0.968,0.636
112,5,29,0,0.032,0.568,0.719,0.636
112,5,29,1,0.198,0.629,0.968,0.698
112,5,30,0,0.032,0.629,0.233,0.698
112,5,30,1,0.055,0.689,0.968,0.757
112,5,31,0,0.032,0.689,0.091,0.757
112,5,31,1,0.032,0.744,0.968,0.868
112,5,31,2,0.058,0.871,0.968,0.94
113,5,32,0,0.032,0.014,0.968,0.303
113,5,32,1,0.137,0.266,0.968,0.336
113,5,33,0,0.032,0.266,0.173,0.336
113,5,33,1,0.032,0.321,0.968,0.555
113,5,33,2,0.915,0.567,0.968,0.635
113,5,34,0,0.032,0.567,0.951,0.635
113,5,34,1,0.47,0.629,0.968,0.698
113,5,35,0,0.032,0.629,0.506,0.698
113,5,35,1,0.032,0.684,0.968,0.753
113,5,35,2,0.521,0.748,0.968,0.817
113,5,36,0,0.032,0.748,0.557,0.817
113,5,36,1,0.032,0.803,0.968,0.872
113,5,36,2,0.055,0.869,0.968,0.938
114,5,37,0,0.032,0.014,0.968,0.083
114,5,37,1,0.58,0.085,0.968,0.154
114,5,38,0,0.032,0.085,0.616,0.154
114,5,38,1,0.032,0.14,0.968,0.209
114,5,38,2,0.908,0.204,0.968,0.273
114,5,39,0,0.032,0.204,0.944,0.273
114,5,39,1,0.48,0.267,0.968,0.337
114,5,40,0,0.032,0.267,0.516,0.337
114,5,40,1,0.032,0.322,0.968,0.392
114,5,40,2,0.391,0.388,0.968,0.458
114,5,41,0,0.032,0.388,0.427,0.458
114,5,41,1,0.032,0.443,0.968,0.898
114,5,41,2,0.059,0.876,0.968,0.945
115,5,42,0,0.032,0.014,0.968,0.193
115,5,42,1,0.47,0.204,0.968,0.273
115,5,43,0,0.032,0.204,0.506,0.273
115,5,43,1,0.032,0.259,0.968,0.328
115,5,43,2,0.446,0.323,0.968,0.393
115,5,44,0,0.032,0.323,0.482,0.393
115,5,44,1,0.032,0.378,0.968,0.668
115,5,44,2,0.275,0.628,0.968,0.697
115,5,45,0,0.032,0.628,0.311,0.697
115,5,45,1,0.032,0.683,0.968,0.862
115,5,45,2,0.056,0.87,0.968,0.939
116,5,46,0,0.032,0.014,0.968,0.138
116,5,46,1,0.193,0.144,0.968,0.213
116,5,47,0,0.032,0.144,0.229,0.213
116,5,47,1,0.032,0.199,0.968,0.268
116,5,47,2,0.399,0.263,0.968,0.333
116,5,48,0,0.032,0.263,0.435,0.333
116,5,48,1,0.032,0.318,0.968,0.663
116,5,48,2,0.376,0.628,0.968,0.697
116,5,49,0,0.032,0.628,0.412,0.697
116,5,49,1,0.032,0.683,0.968,0.807
116,5,49,2,0.167,0.809,0.968,0.878
116,5,50,0,0.032,0.809,0.202,0.878
116,5,50,1,0.053,0.871,0.968,0.94
117,5,51,0,0.032,0.014,0.968,0.138
117,5,51,1,0.776,0.145,0.968,0.214
117,5,52,0,0.032,0.145,0.812,0.214
117,5,52,1,0.032,0.2,0.968,0.27
117,5,52,2,0.052,0.266,0.968,0.336
117,5,53,0,0.032,0.266,0.088,0.336
117,5,53,1,0.032,0.321,0.968,0.391
117,5,53,2,0.14,0.385,0.968,0.455
117,5,54,0,0.032,0.385,0.176,0.455
117,5,54,1,0.032,0.44,0.968,0.62
117,5,54,2,0.663,0.627,0.968,0.696
117,5,55,0,0.032,0.627,0.699,0.696
117,5,55,1,0.263,0.69,0.968,0.758
117,5,56,0,0.032,0.69,0.299,0.758
117,5,56,1,0.194,0.748,0.968,0.817
117,5,57,0,0.032,0.748,0.23,0.817
117,5,57,1,0.032,0.803,0.968,0.872
117,5,57,2,0.053,0.867,0.968,0.935
118,5,58,0,0.032,0.014,0.968,0.083
118,5,58,1,0.762,0.086,0.968,0.155
118,5,59,0,0.032,0.086,0.798,0.155
118,5,59,1,0.094,0.146,0.968,0.215
118,5,60,0,0.032,0.146,0.13,0.215
118,5,60,1,0.032,0.201,0.968,0.326
118,5,60,2,0.433,0.33,0.968,0.4
118,5,61,0,0.032,0.33,0.469,0.4
118,5,61,1,0.032,0.385,0.968,0.455
118,5,61,2,0.914,0.451,0.968,0.52
118,5,62,0,0.032,0.451,0.95,0.52
118,5,62,1,0.394,0.511,0.968,0.58
118,5,63,0,0.032,0.511,0.43,0.58
118,5,63,1,0.032,0.566,0.968,0.635
118,5,63,2,0.787,0.635,0.968,0.704
118,5,64,0,0.032,0.635,0.823,0.704
118,5,64,1,0.032,0.69,0.968,0.869
118,5,64,2,0.056,0.875,0.968,0.944
119,5,65,0,0.032,0.014,0.968,0.083
119,5,65,1,0.295,0.088,0.968,0.157
119,5,66,0,0.032,0.088,0.331,0.157
119,5,66,1,0.032,0.143,0.968,0.267
119,5,66,2,0.656,0.267,0.968,0.337
119,5,67,0,0.032,0.267,0.692,0.337
119,5,67,1,0.032,0.322,0.968,0.392
119,5,67,2,0.208,0.387,0.968,0.457
119,5,68,0,0.032,0.387,0.244,0.457
119,5,68,1,0.032,0.442,0.968,0.622
119,5,68,2,0.911,0.627,0.968,0.696
119,5,69,0,0.032,0.627,0.947,0.696
119,5,69,1,0.032,0.682,0.968,0.751
119,5,69,2,0.512,0.748,0.968,0.817
119,5,70,0,0.032,0.748,0.548,0.817
119,5,70,1,0.032,0.803,0.968,0.872
119,5,70,2,0.066,0.87,0.968,0.939
120,5,71,0,0.032,0.014,0.968,0.138
120,5,71,1,0.72,0.143,0.968,0.212
120,5,72,0,0.032,0.143,0.756,0.212
120,5,72,1,0.032,0.198,0.968,0.322
120,5,72,2,0.052,0.323,0.968,0.393
120,5,73,0,0.032,0.323,0.088,0.393
120,5,73,1,0.032,0.378,0.968,0.502
120,5,73,2,0.284,0.502,0.968,0.571
120,5,74,0,0.032,0.502,0.32,0.571
120,5,74,1,0.052,0.561,0.968,0.63
120,5,75,0,0.032,0.561,0.088,0.63
120,5,75,1,0.032,0.617,0.968,0.796
120,5,75,2,0.684,0.801,0.968,0.87
120,5,76,0,0.032,0.801,0.72,0.87
120,5,76,1,0.055,0.865,0.968,0.933
121,5,77,0,0.032,0.014,0.968,0.138
121,5,77,1,0.267,0.144,0.968,0.213
121,5,78,0,0.032,0.144,0.303,0.213
121,5,78,1,0.032,0.199,0.968,0.269
121,5,78,2,0.052,0.266,0.968,0.336
121,5,79,0,0.032,0.266,0.088,0.336
121,5,79,1,0.032,0.321,0.968,0.391
121,5,79,2,0.5,0.383,0.968,0.453
121,5,80,0,0.032,0.383,0.536,0.453
121,5,80,1,0.032,0.438,0.968,0.507
121,5,80,2,0.053,0.51,0.968,0.579
121,5,81,0,0.032,0.51,0.089,0.579
121,5,81,1,0.032,0.565,0.968,0.634
121,5,81,2,0.044,0.632,0.968,0.701
121,5,82,0,0.032,0.632,0.08,0.701
121,5,82,1,0.032,0.687,0.968,0.866
121,5,82,2,0.066,0.87,0.968,0.939
122,5,83,0,0.032,0.014,0.968,0.193
122,5,83,1,0.749,0.151,0.968,0.221
122,5,84,0,0.032,0.151,0.785,0.221
122,5,84,1,0.176,0.208,0.968,0.278
122,5,85,0,0.032,0.208,0.212,0.278
122,5,85,1,0.032,0.263,0.968,0.333
122,5,85,2,0.461,0.327,0.968,0.397
122,5,86,0,0.032,0.327,0.497,0.397
122,5,86,1,0.368,0.388,0.968,0.458
122,5,87,0,0.032,0.388,0.404,0.458
122,5,87,1,0.032,0.443,0.968,0.512
122,5,87,2,0.641,0.509,0.968,0.578
122,5,88,0,0.032,0.509,0.677,0.578
122,5,88,1,0.314,0.567,0.968,0.635
122,5,89,0,0.032,0.567,0.35,0.635
122,5,89,1,0.032,0.622,0.968,0.856
122,5,89,2,0.053,0.868,0.968,0.936
123,5,90,0,0.032,0.014,0.968,0.083
123,5,90,1,0.239,0.082,0.968,0.151
123,5,91,0,0.032,0.082,0.275,0.151
123,5,91,1,0.032,0.137,0.968,0.206
123,5,91,2,0.151,0.203,0.968,0.272
123,5,92,0,0.032,0.203,0.187,0.272
123,5,92,1,0.032,0.258,0.968,0.327
123,5,92,2,0.593,0.323,0.968,0.393
123,5,93,0,0.032,0.323,0.629,0.393
123,5,93,1,0.032,0.378,0.968,0.502
123,5,93,2,0.917,0.504,0.968,0.573
123,5,94,0,0.032,0.504,0.953,0.573
123,5,94,1,0.032,0.559,0.968,0.628
123,5,94,2,0.584,0.626,0.968,0.695
123,5,95,0,0.032,0.626,0.62,0.695
123,5,95,1,0.032,0.681,0.968,0.86
123,5,95,2,0.053,0.872,0.968,0.941
124,5,96,0,0.032,0.014,0.968,0.193
124,5,96,1,0.715,0.151,0.968,0.221
124,5,97,0,0.032,0.151,0.751,0.221
124,5,97,1,0.032,0.206,0.968,0.331
124,5,97,2,0.72,0.332,0.968,0.402
124,5,98,0,0.032,0.332,0.756,0.402
124,5,98,1,0.7,0.391,0.968,0.461
124,5,99,0,0.032,0.391,0.736,0.461
124,5,99,1,0.582,0.452,0.968,0.521
124,5,100,0,0.032,0.452,0.618,0.521
124,5,100,1,0.032,0.508,0.968,0.577
124,5,100,2,0.594,0.571,0.968,0.639
124,5,101,0,0.032,0.571,0.63,0.639
124,5,101,1,0.032,0.626,0.968,0.695
124,5,101,2,0.112,0.691,0.968,0.759
124,5,102,0,0.032,0.691,0.148,0.759
124,5,102,1,0.055,0.753,0.968,0.822
124,5,103,0,0.032,0.753,0.091,0.822
124,5,103,1,0.032,0.808,0.968,0.877
124,5,103,2,0.053,0.873,0.968,0.942
125,5,104,0,0.032,0.014,0.968,0.138
125,5,104,1,0.632,0.144,0.968,0.213
125,5,105,0,0.032,0.144,0.668,0.213
125,5,105,1,0.032,0.199,0.968,0.269
125,5,105,2,0.447,0.264,0.968,0.334
125,5,106,0,0.032,0.264,0.483,0.334
125,5,106,1,0.032,0.319,0.968,0.609
125,5,106,2,0.236,0.569,0.968,0.637
125,5,107,0,0.032,0.569,0.272,0.637
125,5,107,1,0.032,0.624,0.968,0.748
125,5,107,2,0.131,0.748,0.968,0.817
125,5,108,0,0.032,0.748,0.167,0.817
125,5,108,1,0.032,0.803,0.968,0.872
125,5,108,2,0.056,0.87,0.968,0.939
126,5,109,0,0.032,0.014,0.968,0.083
126,5,109,1,0.459,0.095,0.968,0.164
126,5,110,0,0.032,0.095,0.495,0.164
126,5,110,1,0.032,0.149,0.968,0.604
126,5,110,2,0.768,0.572,0.968,0.64
126,5,111,0,0.032,0.572,0.804,0.64
126,5,111,1,0.167,0.629,0.968,0.698
126,5,112,0,0.032,0.629,0.202,0.698
126,5,112,1,0.032,0.684,0.968,0.808
126,5,112,2,0.784,0.808,0.968,0.877
126,5,113,0,0.032,0.808,0.82,0.877
126,5,113,1,0.056,0.868,0.968,0.936
127,5,114,0,0.032,0.014,0.968,0.138
127,5,114,1,0.734,0.143,0.968,0.212
127,5,115,0,0.032,0.143,0.77,0.212
127,5,115,1,0.05,0.205,0.968,0.274
127,5,116,0,0.032,0.205,0.086,0.274
127,5,116,1,0.032,0.26,0.968,0.439
127,5,116,2,0.084,0.447,0.968,0.516
127,5,117,0,0.032,0.447,0.12,0.516
127,5,117,1,0.032,0.503,0.968,0.627
127,5,117,2,0.436,0.631,0.968,0.7
127,5,118,0,0.032,0.631,0.472,0.7
127,5,118,1,0.28,0.691,0.968,0.759
127,5,119,0,0.032,0.691,0.316,0.759
127,5,119,1,0.032,0.746,0.968,0.815
127,5,119,2,0.05,0.812,0.968,0.881
127,5,120,0,0.032,0.812,0.086,0.881
127,5,120,1,0.05,0.872,0.968,0.941
128,6,1,0,0.032,0.014,0.968,0.248
128,6,1,1,0.193,0.218,0.968,0.288
128,6,2,0,0.032,0.218,0.229,0.288
128,6,2,1,0.032,0.273,0.968,0.343
128,6,2,2,0.799,0.333,0.968,0.403
128,6,3,0,0.032,0.333,0.835,0.403
128,6,3,1,0.459,0.392,0.968,0.462
128,6,4,0,0.032,0.392,0.495,0.462
128,6,4,1,0.343,0.456,0.968,0.525
128,6,5,0,0.032,0.456,0.379,0.525
128,6,5,1,0.092,0.515,0.968,0.584
128,6,6,0,0.032,0.515,0.128,0.584
128,6,6,1,0.032,0.57,0.968,0.749
128,6,6,2,0.802,0.749,0.968,0.818
128,6,7,0,0.032,0.749,0.838,0.818
128,6,7,1,0.289,0.809,0.968,0.878
128,6,8,0,0.032,0.809,0.325,0.878
128,6,8,1,0.056,0.872,0.968,0.941
129,6,9,0,0.032,0.014,0.968,0.083
129,6,9,1,0.718,0.085,0.968,0.154
129,6,10,0,0.032,0.085,0.754,0.154
129,6,10,1,0.052,0.14,0.968,0.209
129,6,11,0,0.032,0.14,0.088,0.209
129,6,11,1,0.032,0.195,0.968,0.264
129,6,11,2,0.757,0.266,0.968,0.336
129,6,12,0,0.032,0.266,0.793,0.336
129,6,12,1,0.032,0.321,0.968,0.391
129,6,12,2,0.044,0.383,0.968,0.453
129,6,13,0,0.032,0.383,0.08,0.453
129,6,13,1,0.032,0.438,0.968,0.507
129,6,13,2,0.917,0.503,0.968,0.572
129,6,14,0,0.032,0.503,0.953,0.572
129,6,14,1,0.032,0.558,0.968,0.627
129,6,14,2,0.515,0.623,0.968,0.692
129,6,15,0,0.032,0.623,0.551,0.692
129,6,15,1,0.532,0.685,0.968,0.754
129,6,16,0,0.032,0.685,0.568,0.754
129,6,16,1,0.433,0.744,0.968,0.812
129,6,17,0,0.032,0.744,0.469,0.812
129,6,17,1,0.032,0.799,0.968,0.868
129,6,17,2,0.83,0.864,0.968,0.932
129,6,18,0,0.052,0.863,0.866,0.931
130,6,19,0,0.032,0.014,0.968,0.248
130,6,19,1,0.782,0.21,0.968,0.28
130,6,20,0,0.032,0.21,0.818,0.28
130,6,20,1,0.193,0.272,0.968,0.342
130,6,21,0,0.032,0.272,0.229,0.342
130,6,21,1,0.032,0.327,0.968,0.397
130,6,21,2,0.914,0.392,0.968,0.462
130,6,22,0,0.032,0.392,0.95,0.462
130,6,22,1,0.608,0.454,0.968,0.523
130,6,23,0,0.032,0.454,0.644,0.523
130,6,23,1,0.611,0.512,0.968,0.581
130,6,24,0,0.032,0.512,0.647,0.581
130,6,24,1,0.616,0.574,0.968,0.642
130,6,25,0,0.032,0.574,0.652,0.642
130,6,25,1,0.032,0.629,0.968,0.753
130,6,25,2,0.619,0.753,0.968,0.822
130,6,26,0,0.032,0.753,0.655,0.822
130,6,26,1,0.433,0.814,0.968,0.882
130,6,27,0,0.032,0.814,0.469,0.882
130,6,27,1,0.05,0.874,0.968,0.943
131,6,28,0,0.032,0.014,0.968,0.083
131,6,28,1,0.672,0.086,0.968,0.155
131,6,29,0,0.032,0.086,0.708,0.155
131,6,29,1,0.777,0.146,0.968,0.215
131,6,30,0,0.032,0.146,0.813,0.215
131,6,30,1,0.032,0.201,0.968,0.271
131,6,30,2,0.914,0.268,0.968,0.338
131,6,31,0,0.032,0.268,0.95,0.338
131,6,31,1,0.032,0.323,0.968,0.393
131,6,31,2,0.387,0.386,0.968,0.456
131,6,32,0,0.032,0.386,0.423,0.456
131,6,32,1,0.032,0.441,0.968,0.51
131,6,32,2,0.912,0.507,0.968,0.576
131,6,33,0,0.032,0.507,0.948,0.576
131,6,33,1,0.306,0.567,0.968,0.635
131,6,34,0,0.032,0.567,0.342,0.635
131,6,34,1,0.032,0.622,0.968,0.746
131,6,34,2,0.914,0.749,0.968,0.818
131,6,35,0,0.032,0.749,0.95,0.818
131,6,35,1,0.032,0.804,0.968,0.873
131,6,35,2,0.058,0.866,0.968,0.934
132,6,36,0,0.032,0.014,0.968,0.083
132,6,36,1,0.794,0.09,0.968,0.159
132,6,37,0,0.032,0.09,0.83,0.159
132,6,37,1,0.097,0.149,0.968,0.218
132,6,38,0,0.032,0.149,0.133,0.218
132,6,38,1,0.032,0.204,0.968,0.274
132,6,38,2,0.052,0.268,0.968,0.338
132,6,39,0,0.032,0.268,0.088,0.338
132,6,39,1,0.032,0.323,0.968,0.393
132,6,39,2,0.136,0.389,0.968,0.459
132,6,40,0,0.032,0.389,0.171,0.459
132,6,40,1,0.032,0.444,0.968,0.513
132,6,40,2,0.495,0.508,0.968,0.577
132,6,41,0,0.032,0.508,0.531,0.577
132,6,41,1,0.272,0.568,0.968,0.636
132,6,42,0,0.032,0.568,0.308,0.636
132,6,42,1,0.032,0.623,0.968,0.692
132,6,42,2,0.912,0.688,0.968,0.756
132,6,43,0,0.032,0.688,0.948,0.756
132,6,43,1,0.148,0.749,0.968,0.818
132,6,44,0,0.032,0.749,0.184,0.818
132,6,44,1,0.032,0.804,0.968,0.873
132,6,44,2,0.053,0.871,0.968,0.94
133,6,45,0,0.055,0.03,0.968,0.099
133,6,46,0,0.032,0.03,0.091,0.099
133,6,46,1,0.032,0.085,0.968,0.209
133,6,46,2,0.633,0.208,0.968,0.278
133,6,47,0,0.032,0.208,0.669,0.278
133,6,47,1,0.111,0.27,0.968,0.34
133,6,48,0,0.032,0.27,0.147,0.34
133,6,48,1,0.032,0.325,0.968,0.395
133,6,48,2,0.404,0.388,0.968,0.458
133,6,49,0,0.032,0.388,0.44,0.458
133,6,49,1,0.342,0.451,0.968,0.52
133,6,50,0,0.032,0.451,0.378,0.52
133,6,50,1,0.032,0.507,0.968,0.631
133,6,50,2,0.666,0.632,0.968,0.701
133,6,51,0,0.032,0.632,0.702,0.701
133,6,51,1,0.032,0.687,0.968,0.756
133,6,51,2,0.912,0.752,0.968,0.821
133,6,52,0,0.032,0.752,0.948,0.821
133,6,52,1,0.032,0.807,0.968,0.876
133,6,52,2,0.059,0.873,0.968,0.942
134,6,53,0,0.032,0.014,0.968,0.083
134,6,53,1,0.115,0.082,0.968,0.151
134,6,54,0,0.032,0.082,0.151,0.151
134,6,54,1,0.032,0.137,0.968,0.261
134,6,54,2,0.052,0.263,0.968,0.333
134,6,55,0,0.032,0.263,0.088,0.333
134,6,55,1,0.055,0.322,0.968,0.392
134,6,56,0,0.032,0.322,0.091,0.392
134,6,56,1,0.032,0.377,0.968,0.447
134,6,56,2,0.052,0.445,0.968,0.514
134,6,57,0,0.032,0.445,0.088,0.514
134,6,57,1,0.032,0.501,0.968,0.625
134,6,57,2,0.752,0.628,0.968,0.697
134,6,58,0,0.032,0.628,0.788,0.697
134,6,58,1,0.053,0.689,0.968,0.757
134,6,59,0,0.032,0.689,0.089,0.757
134,6,59,1,0.032,0.744,0.968,0.868
134,6,59,2,0.053,0.872,0.968,0.941
135,6,60,0,0.032,0.014,0.968,0.138
135,6,60,1,0.458,0.144,0.968,0.213
135,6,61,0,0.032,0.144,0.494,0.213
135,6,61,1,0.032,0.199,0.968,0.268
135,6,61,2,0.576,0.262,0.968,0.332
135,6,62,0,0.032,0.262,0.612,0.332
135,6,62,1,0.379,0.323,0.968,0.393
135,6,63,0,0.032,0.323,0.415,0.393
135,6,63,1,0.032,0.378,0.968,0.448
135,6,63,2,0.601,0.449,0.968,0.518
135,6,64,0,0.032,0.449,0.637,0.518
135,6,64,1,0.678,0.51,0.968,0.579
135,6,65,0,0.032,0.51,0.714,0.579
135,6,65,1,0.032,0.565,0.968,0.634
135,6,65,2,0.05,0.631,0.968,0.7
135,6,66,0,0.032,0.631,0.086,0.7
135,6,66,1,0.118,0.692,0.968,0.76
135,6,67,0,0.032,0.692,0.154,0.76
135,6,67,1,0.49,0.756,0.968,0.825
135,6,68,0,0.032,0.756,0.526,0.825
135,6,68,1,0.032,0.811,0.968,0.88
135,6,68,2,0.053,0.875,0.968,0.944
136,6,69,0,0.032,0.014,0.968,0.083
136,6,69,1,0.453,0.085,0.968,0.154
136,6,70,0,0.032,0.085,0.489,0.154
136,6,70,1,0.032,0.14,0.968,0.374
136,6,70,2,0.455,0.386,0.968,0.456
136,6,71,0,0.032,0.386,0.491,0.456
136,6,71,1,0.032,0.441,0.968,0.621
136,6,71,2,0.404,0.63,0.968,0.699
136,6,72,0,0.032,0.63,0.44,0.699
136,6,72,1,0.264,0.691,0.968,0.759
136,6,73,0,0.032,0.691,0.3,0.759
136,6,73,1,0.032,0.746,0.968,0.87
136,6,73,2,0.055,0.872,0.968,0.941
137,6,74,0,0.032,0.014,0.968,0.083
137,6,74,1,0.419,0.092,0.968,0.162
137,6,75,0,0.032,0.092,0.455,0.162
137,6,75,1,0.052,0.153,0.968,0.223
137,6,76,0,0.032,0.153,0.088,0.223
137,6,76,1,0.032,0.208,0.968,0.278
137,6,76,2,0.584,0.271,0.968,0.341
137,6,77,0,0.032,0.271,0.62,0.341
137,6,77,1,0.032,0.326,0.968,0.396
137,6,77,2,0.774,0.392,0.968,0.462
137,6,78,0,0.032,0.392,0.81,0.462
137,6,78,1,0.053,0.448,0.968,0.517
137,6,79,0,0.032,0.448,0.089,0.517
137,6,79,1,0.032,0.504,0.968,0.573
137,6,79,2,0.382,0.571,0.968,0.639
137,6,80,0,0.032,0.571,0.418,0.639
137,6,80,1,0.032,0.626,0.968,0.75
137,6,80,2,0.678,0.75,0.968,0.819
137,6,81,0,0.032,0.75,0.714,0.819
137,6,81,1,0.032,0.805,0.968,0.874
137,6,81,2,0.053,0.87,0.968,0.939
138,6,82,0,0.032,0.014,0.968,0.083
138,6,82,1,0.669,0.09,0.968,0.159
138,6,83,0,0.032,0.09,0.705,0.159
138,6,83,1,0.05,0.146,0.968,0.215
138,6,84,0,0.032,0.146,0.086,0.215
138,6,84,1,0.032,0.201,0.968,0.326
138,6,84,2,0.05,0.327,0.968,0.397
138,6,85,0,0.032,0.327,0.086,0.397
138,6,85,1,0.053,0.384,0.968,0.454
138,6,86,0,0.032,0.384,0.089,0.454
138,6,86,1,0.032,0.439,0.968,0.508
138,6,86,2,0.77,0.511,0.968,0.58
138,6,87,0,0.032,0.511,0.806,0.58
138,6,87,1,0.394,0.568,0.968,0.636
138,6,88,0,0.032,0.568,0.43,0.636
138,6,88,1,0.032,0.623,0.968,0.692
138,6,88,2,0.794,0.688,0.968,0.756
138,6,89,0,0.032,0.688,0.83,0.756
138,6,89,1,0.032,0.743,0.968,0.811
138,6,89,2,0.914,0.808,0.968,0.877
138,6,90,0,0.032,0.808,0.95,0.877
138,6,90,1,0.058,0.868,0.968,0.936
139,6,91,0,0.032,0.014,0.968,0.193
139,6,91,1,0.05,0.204,0.968,0.273
139,6,92,0,0.032,0.204,0.086,0.273
139,6,92,1,0.032,0.259,0.968,0.383
139,6,92,2,0.475,0.385,0.968,0.455
139,6,93,0,0.032,0.385,0.511,0.455
139,6,93,1,0.032,0.44,0.968,0.675
139,6,93,2,0.413,0.686,0.968,0.755
139,6,94,0,0.032,0.686,0.449,0.755
139,6,94,1,0.032,0.742,0.968,0.866
139,6,94,2,0.055,0.868,0.968,0.936
140,6,95,0,0.032,0.014,0.968,0.083
140,6,95,1,0.25,0.084,0.968,0.153
140,6,96,0,0.032,0.084,0.286,0.153
140,6,96,1,0.032,0.139,0.968,0.208
140,6,96,2,0.68,0.206,0.968,0.275
140,6,97,0,0.032,0.206,0.716,0.275
140,6,97,1,0.032,0.261,0.968,0.33
140,6,97,2,0.914,0.327,0.968,0.397
140,6,98,0,0.032,0.327,0.95,0.397
140,6,98,1,0.328,0.386,0.968,0.456
140,6,99,0,0.032,0.386,0.364,0.456
140,6,99,1,0.032,0.441,0.968,0.676
140,6,99,2,0.573,0.689,0.968,0.757
140,6,100,0,0.032,0.689,0.609,0.757
140,6,100,1,0.032,0.744,0.968,0.812
140,6,100,2,0.735,0.807,0.968,0.876
140,6,101,0,0.032,0.807,0.771,0.876
140,6,101,1,0.047,0.869,0.968,0.938
141,6,102,0,0.032,0.014,0.968,0.083
141,6,102,1,0.26,0.091,0.968,0.161
141,6,103,0,0.032,0.091,0.296,0.161
141,6,103,1,0.05,0.152,0.968,0.222
141,6,104,0,0.032,0.152,0.086,0.222
141,6,104,1,0.032,0.207,0.968,0.277
141,6,104,2,0.356,0.271,0.968,0.341
141,6,105,0,0.032,0.271,0.392,0.341
141,6,105,1,0.053,0.331,0.968,0.401
141,6,106,0,0.032,0.331,0.089,0.401
141,6,106,1,0.032,0.386,0.968,0.456
141,6,106,2,0.752,0.453,0.968,0.522
141,6,107,0,0.032,0.453,0.788,0.522
141,6,107,1,0.385,0.514,0.968,0.583
141,6,108,0,0.032,0.514,0.421,0.583
141,6,108,1,0.032,0.569,0.968,0.693
141,6,108,2,0.788,0.695,0.968,0.763
141,6,109,0,0.032,0.695,0.824,0.763
141,6,109,1,0.032,0.75,0.968,0.819
141,6,109,2,0.63,0.812,0.968,0.881
141,6,110,0,0.032,0.812,0.666,0.881
141,6,110,1,0.053,0.871,0.968,0.94
142,6,111,0,0.032,0.014,0.968,0.138
142,6,111,1,0.58,0.145,0.968,0.214
142,6,112,0,0.032,0.145,0.616,0.214
142,6,112,1,0.032,0.2,0.968,0.325
142,6,112,2,0.915,0.327,0.968,0.397
142,6,113,0,0.25,0.382,0.951,0.452
142,6,114,0,0.032,0.382,0.286,0.452
142,6,114,1,0.032,0.437,0.968,0.561
142,6,114,2,0.466,0.565,0.968,0.633
142,6,115,0,0.032,0.565,0.502,0.633
142,6,115,1,0.112,0.625,0.968,0.694
142,6,116,0,0.032,0.625,0.148,0.694
142,6,116,1,0.032,0.68,0.968,0.749
142,6,116,2,0.256,0.746,0.968,0.815
142,6,117,0,0.032,0.746,0.292,0.815
142,6,117,1,0.05,0.802,0.968,0.871
142,6,118,0,0.032,0.802,0.086,0.871
142,6,118,1,0.05,0.866,0.968,0.934
143,6,119,0,0.032,0.014,0.968,0.138
143,6,119,1,0.052,0.142,0.968,0.211
143,6,120,0,0.032,0.142,0.088,0.211
143,6,120,1,0.032,0.197,0.968,0.266
143,6,120,2,0.459,0.262,0.968,0.332
143,6,121,0,0.032,0.262,0.495,0.332
143,6,121,1,0.032,0.317,0.968,0.387
143,6,121,2,0.053,0.384,0.968,0.454
143,6,122,0,0.032,0.384,0.089,0.454
143,6,122,1,0.032,0.439,0.968,0.564
143,6,122,2,0.317,0.572,0.968,0.64
143,6,123,0,0.032,0.572,0.353,0.64
143,6,123,1,0.032,0.627,0.968,0.696
143,6,123,2,0.277,0.693,0.968,0.761
143,6,124,0,0.032,0.693,0.313,0.761
143,6,124,1,0.032,0.748,0.968,0.872
143,6,124,2,0.053,0.874,0.968,0.943
144,6,125,0,0.032,0.014,0.968,0.248
144,6,125,1,0.698,0.207,0.968,0.276
144,6,126,0,0.032,0.207,0.734,0.276
144,6,126,1,0.539,0.267,0.968,0.337
144,6,127,0,0.032,0.267,0.575,0.337
144,6,127,1,0.419,0.326,0.968,0.396
144,6,128,0,0.032,0.326,0.455,0.396
144,6,128,1,0.032,0.381,0.968,0.56
144,6,128,2,0.598,0.569,0.968,0.637
144,6,129,0,0.032,0.569,0.634,0.637
144,6,129,1,0.608,0.63,0.968,0.699
144,6,130,0,0.032,0.63,0.644,0.699
144,6,130,1,0.032,0.685,0.968,0.809
144,6,130,2,0.143,0.809,0.968,0.878
144,6,131,0,0.032,0.809,0.179,0.878
144,6,131,1,0.052,0.873,0.968,0.942
145,6,132,0,0.032,0.014,0.968,0.083
145,6,132,1,0.723,0.092,0.968,0.162
145,6,133,0,0.032,0.092,0.759,0.162
145,6,133,1,0.032,0.147,0.968,0.216
145,6,133,2,0.202,0.214,0.968,0.284
145,6,134,0,0.032,0.214,0.238,0.284
145,6,134,1,0.201,0.272,0.968,0.342
145,6,135,0,0.032,0.272,0.237,0.342
145,6,135,1,0.032,0.327,0.968,0.452
145,6,135,2,0.915,0.453,0.968,0.522
145,6,136,0,0.032,0.453,0.951,0.522
145,6,136,1,0.032,0.509,0.968,0.688
145,6,136,2,0.453,0.696,0.968,0.764
145,6,137,0,0.032,0.696,0.489,0.764
145,6,137,1,0.032,0.751,0.968,0.875
145,6,137,2,0.055,0.875,0.968,0.944
146,6,138,0,0.032,0.014,0.968,0.193
146,6,138,1,0.711,0.204,0.968,0.273
146,6,139,0,0.032,0.204,0.747,0.273
146,6,139,1,0.032,0.259,0.968,0.383
146,6,139,2,0.613,0.387,0.968,0.457
146,6,140,0,0.032,0.387,0.649,0.457
146,6,140,1,0.032,0.442,0.968,0.511
146,6,140,2,0.318,0.506,0.968,0.575
146,6,141,0,0.032,0.506,0.354,0.575
146,6,141,1,0.032,0.561,0.968,0.74
146,6,141,2,0.05,0.745,0.968,0.814
146,6,142,0,0.032,0.745,0.086,0.814
146,6,142,1,0.032,0.8,0.968,0.869
146,6,142,2,0.05,0.867,0.968,0.935
147,6,143,0,0.032,0.014,0.968,0.138
147,6,143,1,0.05,0.145,0.968,0.214
147,6,144,0,0.032,0.145,0.086,0.214
147,6,144,1,0.032,0.2,0.968,0.434
147,6,144,2,0.221,0.445,0.968,0.514
147,6,145,0,0.032,0.445,0.257,0.514
147,6,145,1,0.032,0.501,0.968,0.68
147,6,145,2,0.565,0.688,0.968,0.756
147,6,146,0,0.032,0.688,0.601,0.756
147,6,146,1,0.032,0.743,0.968,0.867
147,6,146,2,0.05,0.867,0.968,0.935
148,6,147,0,0.032,0.014,0.968,0.083
148,6,147,1,0.397,0.088,0.968,0.157
148,6,148,0,0.032,0.088,0.433,0.157
148,6,148,1,0.032,0.143,0.968,0.322
148,6,148,2,0.461,0.325,0.968,0.395
148,6,149,0,0.032,0.325,0.497,0.395
148,6,149,1,0.47,0.386,0.968,0.456
148,6,150,0,0.032,0.386,0.506,0.456
148,6,150,1,0.032,0.441,0.968,0.566
148,6,150,2,0.17,0.567,0.968,0.635
148,6,151,0,0.032,0.567,0.206,0.635
148,6,151,1,0.032,0.622,0.968,0.911
148,6,151,2,0.052,0.872,0.968,0.941
149,6,152,0,0.032,0.014,0.968,0.248
149,6,152,1,0.053,0.212,0.968,0.282
149,6,153,0,0.032,0.212,0.089,0.282
149,6,153,1,0.032,0.267,0.968,0.392
149,6,153,2,0.787,0.393,0.968,0.463
149,6,154,0,0.032,0.393,0.823,0.463
149,6,154,1,0.032,0.448,0.968,0.517
149,6,154,2,0.666,0.512,0.968,0.581
149,6,155,0,0.032,0.512,0.702,0.581
149,6,155,1,0.534,0.573,0.968,0.641
149,6,156,0,0.032,0.573,0.57,0.641
149,6,156,1,0.032,0.628,0.968,0.697
149,6,156,2,0.914,0.692,0.968,0.76
149,6,157,0,0.032,0.692,0.95,0.76
149,6,157,1,0.032,0.747,0.968,0.871
149,6,157,2,0.052,0.874,0.968,0.943
150,6,158,0,0.032,0.014,0.968,0.248
150,6,158,1,0.706,0.207,0.968,0.277
150,6,159,0,0.032,0.207,0.742,0.277
150,6,159,1,0.032,0.262,0.968,0.332
150,6,159,2,0.915,0.326,0.968,0.396
150,6,160,0,0.032,0.326,0.951,0.396
150,6,160,1,0.351,0.384,0.968,0.454
150,6,161,0,0.032,0.384,0.387,0.454
150,6,161,1,0.032,0.439,0.968,0.508
150,6,161,2,0.746,0.505,0.968,0.574
150,6,162,0,0.032,0.505,0.782,0.574
150,6,162,1,0.737,0.561,0.968,0.63
150,6,163,0,0.032,0.561,0.773,0.63
150,6,163,1,0.915,0.627,0.968,0.696
150,6,164,0,0.032,0.627,0.951,0.696
150,6,164,1,0.032,0.682,0.968,0.751
150,6,164,2,0.411,0.744,0.968,0.812
150,6,165,0,0.032,0.744,0.448,0.812
150,6,165,1,0.032,0.799,0.968,0.868
150,6,165,2,0.049,0.862,0.968,0.93
151,7,1,0,0.032,0.014,0.968,0.193
151,7,1,1,0.815,0.158,0.968,0.227
151,7,2,0,0.032,0.158,0.851,0.227
151,7,2,1,0.394,0.214,0.968,0.284
151,7,3,0,0.05,0.269,0.43,0.339
151,7,4,0,0.032,0.269,0.086,0.339
151,7,4,1,0.032,0.324,0.968,0.394
151,7,4,2,0.915,0.391,0.968,0.461
151,7,5,0,0.032,0.391,0.951,0.461
151,7,5,1,0.791,0.452,0.968,0.521
151,7,6,0,0.032,0.452,0.827,0.521
151,7,6,1,0.754,0.509,0.968,0.578
151,7,7,0,0.052,0.507,0.79,0.576
151,7,8,0,0.032,0.507,0.088,0.576
151,7,8,1,0.032,0.562,0.968,0.631
151,7,8,2,0.737,0.63,0.968,0.699
151,7,9,0,0.032,0.63,0.773,0.699
151,7,9,1,0.334,0.686,0.968,0.755
151,7,10,0,0.032,0.686,0.37,0.755
151,7,10,1,0.049,0.745,0.968,0.814
151,7,11,0,0.032,0.745,0.085,0.814
151,7,11,1,0.032,0.8,0.968,0.869
151,7,11,2,0.052,0.862,0.968,0.93
152,7,12,0,0.032,0.014,0.968,0.083
152,7,12,1,0.672,0.095,0.968,0.164
152,7,13,0,0.032,0.095,0.708,0.164
152,7,13,1,0.459,0.153,0.968,0.223
152,7,14,0,0.032,0.153,0.495,0.223
152,7,14,1,0.917,0.211,0.968,0.281
152,7,15,0,0.5,0.213,0.953,0.283
152,7,16,0,0.032,0.213,0.536,0.283
152,7,16,1,0.647,0.273,0.968,0.343
152,7,17,0,0.032,0.273,0.683,0.343
152,7,17,1,0.095,0.332,0.968,0.402
152,7,18,0,0.032,0.332,0.131,0.402
152,7,18,1,0.032,0.387,0.968,0.457
152,7,18,2,0.805,0.453,0.968,0.522
152,7,19,0,0.032,0.453,0.841,0.522
152,7,19,1,0.177,0.511,0.968,0.58
152,7,20,0,0.032,0.511,0.213,0.58
152,7,20,1,0.032,0.566,0.968,0.69
152,7,20,2,0.72,0.693,0.968,0.761
152,7,21,0,0.055,0.691,0.756,0.759
152,7,22,0,0.032,0.691,0.091,0.759
152,7,22,1,0.032,0.746,0.968,0.87
152,7,22,2,0.05,0.867,0.968,0.935
153,7,23,0,0.032,0.014,0.968,0.083
153,7,23,1,0.756,0.089,0.968,0.158
153,7,24,0,0.032,0.089,0.792,0.158
153,7,24,1,0.415,0.148,0.968,0.217
153,7,25,0,0.032,0.148,0.451,0.217
153,7,25,1,0.548,0.209,0.968,0.279
153,7,26,0,0.032,0.209,0.584,0.279
153,7,26,1,0.032,0.264,0.968,0.334
153,7,26,2,0.456,0.327,0.968,0.397
153,7,27,0,0.032,0.327,0.492,0.397
153,7,27,1,0.032,0.382,0.968,0.506
153,7,27,2,0.229,0.509,0.968,0.578
153,7,28,0,0.032,0.509,0.265,0.578
153,7,28,1,0.032,0.564,0.968,0.633
153,7,28,2,0.092,0.627,0.968,0.696
153,7,29,0,0.032,0.627,0.128,0.696
153,7,29,1,0.032,0.682,0.968,0.751
153,7,29,2,0.14,0.749,0.968,0.818
153,7,30,0,0.032,0.749,0.176,0.818
153,7,30,1,0.032,0.804,0.968,0.873
153,7,30,2,0.059,0.869,0.968,0.938
154,7,31,0,0.032,0.014,0.968,0.083
154,7,31,1,0.385,0.09,0.968,0.16
154,7,32,0,0.032,0.09,0.421,0.16
154,7,32,1,0.032,0.145,0.968,0.27
154,7,32,2,0.722,0.267,0.968,0.337
154,7,33,0,0.032,0.267,0.758,0.337
154,7,33,1,0.032,0.322,0.968,0.392
154,7,33,2,0.331,0.387,0.968,0.457
154,7,34,0,0.032,0.387,0.367,0.457
154,7,34,1,0.052,0.446,0.968,0.515
154,7,35,0,0.032,0.446,0.088,0.515
154,7,35,1,0.032,0.502,0.968,0.571
154,7,35,2,0.202,0.565,0.968,0.633
154,7,36,0,0.032,0.565,0.238,0.633
154,7,36,1,0.032,0.62,0.968,0.689
154,7,36,2,0.718,0.684,0.968,0.753
154,7,37,0,0.032,0.684,0.754,0.753
154,7,37,1,0.032,0.74,0.968,0.864
154,7,37,2,0.055,0.863,0.968,0.931
155,7,38,0,0.032,0.014,0.968,0.248
155,7,38,1,0.052,0.207,0.968,0.277
155,7,39,0,0.032,0.207,0.088,0.277
155,7,39,1,0.032,0.262,0.968,0.332
155,7,39,2,0.346,0.327,0.968,0.397
155,7,40,0,0.032,0.327,0.382,0.397
155,7,40,1,0.032,0.382,0.968,0.506
155,7,40,2,0.762,0.507,0.968,0.576
155,7,41,0,0.032,0.507,0.798,0.576
155,7,41,1,0.504,0.568,0.968,0.636
155,7,42,0,0.032,0.568,0.54,0.636
155,7,42,1,0.032,0.623,0.968,0.692
155,7,42,2,0.554,0.685,0.968,0.754
155,7,43,0,0.032,0.685,0.59,0.754
155,7,43,1,0.032,0.741,0.968,0.865
155,7,43,2,0.052,0.864,0.968,0.932
156,7,44,0,0.032,0.014,0.968,0.193
156,7,44,1,0.58,0.151,0.968,0.221
156,7,45,0,0.032,0.151,0.616,0.221
156,7,45,1,0.515,0.209,0.968,0.279
156,7,46,0,0.032,0.209,0.551,0.279
156,7,46,1,0.032,0.264,0.968,0.334
156,7,46,2,0.515,0.332,0.968,0.402
156,7,47,0,0.032,0.332,0.551,0.402
156,7,47,1,0.224,0.39,0.968,0.46
156,7,48,0,0.032,0.39,0.26,0.46
156,7,48,1,0.032,0.445,0.968,0.514
156,7,48,2,0.587,0.51,0.968,0.579
156,7,49,0,0.032,0.51,0.623,0.579
156,7,49,1,0.032,0.565,0.968,0.634
156,7,49,2,0.918,0.63,0.968,0.699
156,7,50,0,0.032,0.63,0.954,0.699
156,7,50,1,0.032,0.685,0.968,0.754
156,7,50,2,0.698,0.752,0.968,0.821
156,7,51,0,0.032,0.752,0.734,0.821
156,7,51,1,0.032,0.807,0.968,0.876
156,7,51,2,0.056,0.865,0.968,0.933
157,7,52,0,0.032,0.014,0.968,0.083
157,7,52,1,0.796,0.086,0.968,0.155
157,7,53,0,0.032,0.086,0.832,0.155
157,7,53,1,0.032,0.141,0.968,0.265
157,7,53,2,0.056,0.261,0.968,0.331
157,7,54,0,0.032,0.261,0.092,0.331
157,7,54,1,0.032,0.316,0.968,0.495
157,7,54,2,0.371,0.504,0.968,0.573
157,7,55,0,0.032,0.504,0.407,0.573
157,7,55,1,0.325,0.567,0.968,0.635
157,7,56,0,0.032,0.567,0.361,0.635
157,7,56,1,0.032,0.622,0.968,0.691
157,7,56,2,0.416,0.686,0.968,0.755
157,7,57,0,0.032,0.686,0.452,0.755
157,7,57,1,0.032,0.742,0.968,0.866
157,7,57,2,0.052,0.867,0.968,0.935
158,7,58,0,0.032,0.014,0.968,0.083
158,7,58,1,0.053,0.096,0.968,0.165
158,7,59,0,0.032,0.096,0.089,0.165
158,7,59,1,0.032,0.15,0.968,0.22
158,7,59,2,0.052,0.216,0.968,0.286
158,7,60,0,0.032,0.216,0.088,0.286
158,7,60,1,0.142,0.276,0.968,0.346
158,7,61,0,0.032,0.276,0.178,0.346
158,7,61,1,0.032,0.331,0.968,0.401
158,7,61,2,0.917,0.392,0.968,0.462
158,7,62,0,0.032,0.392,0.953,0.462
158,7,62,1,0.698,0.453,0.968,0.522
158,7,63,0,0.032,0.453,0.734,0.522
158,7,63,1,0.193,0.512,0.968,0.581
158,7,64,0,0.032,0.512,0.229,0.581
158,7,64,1,0.032,0.567,0.968,0.636
158,7,64,2,0.325,0.636,0.968,0.705
158,7,65,0,0.032,0.636,0.361,0.705
158,7,65,1,0.032,0.691,0.968,0.76
158,7,65,2,0.917,0.75,0.968,0.819
158,7,66,0,0.032,0.75,0.953,0.819
158,7,66,1,0.221,0.809,0.968,0.878
158,7,67,0,0.032,0.809,0.257,0.878
158,7,67,1,0.055,0.87,0.968,0.939
159,7,68,0,0.202,0.031,0.968,0.1
159,7,69,0,0.032,0.031,0.238,0.1
159,7,69,1,0.032,0.086,0.968,0.265
159,7,69,2,0.914,0.27,0.968,0.34
159,7,70,0,0.032,0.27,0.95,0.34
159,7,70,1,0.032,0.325,0.968,0.395
159,7,70,2,0.917,0.387,0.968,0.457
159,7,71,0,0.032,0.387,0.953,0.457
159,7,71,1,0.032,0.442,0.968,0.567
159,7,71,2,0.656,0.567,0.968,0.635
159,7,72,0,0.032,0.567,0.692,0.635
159,7,72,1,0.032,0.622,0.968,0.691
159,7,72,2,0.915,0.685,0.968,0.754
159,7,73,0,0.032,0.685,0.951,0.754
159,7,73,1,0.032,0.741,0.968,0.865
159,7,73,2,0.053,0.864,0.968,0.932
160,7,74,0,0.032,0.014,0.968,0.248
160,7,74,1,0.698,0.207,0.968,0.277
160,7,75,0,0.032,0.207,0.734,0.277
160,7,75,1,0.032,0.262,0.968,0.387
160,7,75,2,0.714,0.386,0.968,0.456
160,7,76,0,0.032,0.386,0.75,0.456
160,7,76,1,0.521,0.448,0.968,0.517
160,7,77,0,0.032,0.448,0.557,0.517
160,7,77,1,0.032,0.504,0.968,0.573
160,7,77,2,0.735,0.568,0.968,0.636
160,7,78,0,0.032,0.568,0.771,0.636
160,7,78,1,0.763,0.628,0.968,0.697
160,7,79,0,0.032,0.628,0.799,0.697
160,7,79,1,0.032,0.683,0.968,0.752
160,7,79,2,0.909,0.747,0.968,0.816
160,7,80,0,0.032,0.747,0.945,0.816
160,7,80,1,0.459,0.804,0.968,0.873
160,7,81,0,0.032,0.804,0.495,0.873
160,7,81,1,0.052,0.864,0.968,0.932
161,7,82,0,0.032,0.014,0.968,0.083
161,7,82,1,0.303,0.089,0.968,0.158
161,7,83,0,0.032,0.089,0.339,0.158
161,7,83,1,0.343,0.146,0.968,0.215
161,7,84,0,0.032,0.146,0.379,0.215
161,7,84,1,0.049,0.205,0.968,0.274
161,7,85,0,0.032,0.205,0.085,0.274
161,7,85,1,0.032,0.26,0.968,0.604
161,7,85,2,0.914,0.564,0.968,0.632
161,7,86,0,0.032,0.564,0.95,0.632
161,7,86,1,0.032,0.619,0.968,0.743
161,7,86,2,0.359,0.744,0.968,0.812
161,7,87,0,0.032,0.744,0.395,0.812
161,7,87,1,0.032,0.799,0.968,0.868
161,7,87,2,0.053,0.864,0.968,0.932
162,7,88,0,0.032,0.014,0.968,0.138
162,7,88,1,0.739,0.149,0.968,0.218
162,7,89,0,0.032,0.149,0.775,0.218
162,7,89,1,0.032,0.204,0.968,0.329
162,7,89,2,0.204,0.33,0.968,0.4
162,7,90,0,0.032,0.33,0.24,0.4
162,7,90,1,0.032,0.385,0.968,0.455
162,7,90,2,0.914,0.446,0.968,0.515
162,7,91,0,0.052,0.445,0.95,0.514
162,7,92,0,0.032,0.445,0.088,0.514
162,7,92,1,0.032,0.501,0.968,0.57
162,7,92,2,0.534,0.568,0.968,0.636
162,7,93,0,0.032,0.568,0.57,0.636
162,7,93,1,0.032,0.623,0.968,0.692
162,7,93,2,0.61,0.686,0.968,0.755
162,7,94,0,0.032,0.686,0.646,0.755
162,7,94,1,0.1,0.745,0.968,0.814
162,7,95,0,0.032,0.745,0.136,0.814
162,7,95,1,0.032,0.8,0.968,0.869
162,7,95,2,0.053,0.865,0.968,0.933
163,7,96,0,0.032,0.014,0.968,0.138
163,7,96,1,0.743,0.15,0.968,0.22
163,7,97,0,0.032,0.15,0.779,0.22
163,7,97,1,0.691,0.21,0.968,0.28
163,7,98,0,0.032,0.21,0.727,0.28
163,7,98,1,0.599,0.268,0.968,0.338
163,7,99,0,0.032,0.268,0.635,0.338
163,7,99,1,0.34,0.33,0.968,0.4
163,7,100,0,0.032,0.33,0.376,0.4
163,7,100,1,0.032,0.385,0.968,0.455
163,7,100,2,0.052,0.449,0.968,0.518
163,7,101,0,0.032,0.449,0.088,0.518
163,7,101,1,0.032,0.505,0.968,0.629
163,7,101,2,0.208,0.631,0.968,0.7
163,7,102,0,0.032,0.631,0.244,0.7
163,7,102,1,0.032,0.686,0.968,0.755
163,7,102,2,0.914,0.75,0.968,0.819
163,7,103,0,0.032,0.75,0.95,0.819
163,7,103,1,0.05,0.807,0.968,0.876
163,7,104,0,0.032,0.807,0.086,0.876
163,7,104,1,0.056,0.869,0.968,0.938
164,7,105,0,0.032,0.014,0.968,0.138
164,7,105,1,0.247,0.097,0.968,0.166
164,7,106,0,0.032,0.097,0.283,0.166
164,7,106,1,0.184,0.155,0.968,0.225
164,7,107,0,0.032,0.155,0.22,0.225
164,7,107,1,0.456,0.216,0.968,0.286
164,7,108,0,0.032,0.216,0.492,0.286
164,7,108,1,0.777,0.276,0.968,0.346
164,7,109,0,0.032,0.276,0.813,0.346
164,7,109,1,0.847,0.335,0.968,0.405
164,7,110,0,0.052,0.33,0.883,0.4
164,7,111,0,0.032,0.33,0.088,0.4
164,7,111,1,0.163,0.39,0.968,0.46
164,7,112,0,0.032,0.39,0.199,0.46
164,7,112,1,0.618,0.453,0.968,0.522
164,7,113,0,0.032,0.453,0.654,0.522
164,7,113,1,0.34,0.513,0.968,0.582
164,7,114,0,0.032,0.513,0.376,0.582
164,7,114,1,0.675,0.571,0.968,0.639
164,7,115,0,0.032,0.571,0.711,0.639
164,7,115,1,0.596,0.629,0.968,0.698
164,7,116,0,0.032,0.629,0.632,0.698
164,7,116,1,0.053,0.689,0.968,0.757
164,7,117,0,0.032,0.689,0.089,0.757
164,7,117,1,0.032,0.744,0.968,0.812
164,7,117,2,0.788,0.809,0.968,0.878
164,7,118,0,0.171,0.806,0.824,0.875
164,7,119,0,0.032,0.806,0.207,0.875
164,7,119,1,0.531,0.869,0.968,0.938
164,7,120,0,0.056,0.866,0.567,0.934
165,7,121,0,0.514,0.026,0.968,0.096
165,7,122,0,0.122,0.025,0.55,0.095
165,7,123,0,0.032,0.025,0.158,0.095
165,7,123,1,0.032,0.081,0.968,0.15
165,7,123,2,0.16,0.144,0.968,0.213
165,7,124,0,0.032,0.144,0.196,0.213
165,7,124,1,0.052,0.204,0.968,0.273
165,7,125,0,0.032,0.204,0.088,0.273
165,7,125,1,0.517,0.265,0.968,0.335
165,7,126,0,0.032,0.265,0.553,0.335
165,7,126,1,0.032,0.32,0.968,0.39
165,7,126,2,0.917,0.384,0.968,0.454
165,7,127,0,0.032,0.384,0.953,0.454
165,7,127,1,0.032,0.439,0.968,0.508
165,7,127,2,0.34,0.509,0.968,0.578
165,7,128,0,0.032,0.509,0.376,0.578
165,7,128,1,0.032,0.564,0.968,0.633
165,7,128,2,0.235,0.625,0.968,0.694
165,7,129,0,0.032,0.625,0.271,0.694
165,7,129,1,0.032,0.68,0.968,0.804
165,7,129,2,0.464,0.805,0.968,0.874
165,7,130,0,0.032,0.805,0.5,0.874
165,7,130,1,0.058,0.865,0.968,0.933
166,7,131,0,0.032,0.014,0.968,0.138
166,7,131,1,0.535,0.147,0.968,0.216
166,7,132,0,0.032,0.147,0.572,0.216
166,7,132,1,0.294,0.205,0.968,0.274
166,7,133,0,0.032,0.205,0.33,0.274
166,7,133,1,0.032,0.26,0.968,0.329
166,7,133,2,0.359,0.329,0.968,0.399
166,7,134,0,0.032,0.329,0.395,0.399
166,7,134,1,0.032,0.384,0.968,0.508
166,7,134,2,0.759,0.508,0.968,0.577
166,7,135,0,0.032,0.508,0.795,0.577
166,7,135,1,0.466,0.566,0.968,0.634
166,7,136,0,0.032,0.566,0.502,0.634
166,7,136,1,0.05,0.625,0.968,0.694
166,7,137,0,0.032,0.625,0.086,0.694
166,7,137,1,0.032,0.68,0.968,0.859
166,7,137,2,0.053,0.865,0.968,0.933
167,7,138,0,0.032,0.014,0.968,0.138
167,7,138,1,0.567,0.149,0.968,0.218
167,7,139,0,0.032,0.149,0.603,0.218
167,7,139,1,0.588,0.209,0.968,0.279
167,7,140,0,0.032,0.209,0.624,0.279
167,7,140,1,0.339,0.267,0.968,0.337
167,7,141,0,0.032,0.267,0.375,0.337
167,7,141,1,0.032,0.322,0.968,0.447
167,7,141,2,0.608,0.449,0.968,0.518
167,7,142,0,0.032,0.449,0.644,0.518
167,7,142,1,0.032,0.505,0.968,0.629
167,7,142,2,0.598,0.628,0.968,0.697
167,7,143,0,0.032,0.628,0.634,0.697
167,7,143,1,0.032,0.683,0.968,0.862
167,7,143,2,0.056,0.868,0.968,0.936
168,7,144,0,0.032,0.014,0.968,0.083
168,7,144,1,0.244,0.086,0.968,0.155
168,7,145,0,0.032,0.086,0.28,0.155
168,7,145,1,0.032,0.141,0.968,0.265
168,7,145,2,0.673,0.264,0.968,0.334
168,7,146,0,0.032,0.264,0.71,0.334
168,7,146,1,0.032,0.319,0.968,0.498
168,7,146,2,0.587,0.505,0.968,0.574
168,7,147,0,0.032,0.505,0.623,0.574
168,7,147,1,0.032,0.56,0.968,0.629
168,7,147,2,0.722,0.627,0.968,0.696
168,7,148,0,0.032,0.627,0.758,0.696
168,7,148,1,0.032,0.682,0.968,0.751
168,7,148,2,0.216,0.747,0.968,0.816
168,7,149,0,0.032,0.747,0.252,0.816
168,7,149,1,0.032,0.802,0.968,0.871
168,7,149,2,0.058,0.864,0.968,0.932
169,7,150,0,0.032,0.014,0.968,0.303
169,7,150,1,0.746,0.264,0.968,0.334
169,7,151,0,0.032,0.264,0.782,0.334
169,7,151,1,0.332,0.324,0.968,0.394
169,7,152,0,0.032,0.324,0.368,0.394
169,7,152,1,0.032,0.379,0.968,0.449
169,7,152,2,0.508,0.445,0.968,0.514
169,7,153,0,0.032,0.445,0.544,0.514
169,7,153,1,0.032,0.501,0.968,0.57
169,7,153,2,0.915,0.566,0.968,0.634
169,7,154,0,0.032,0.566,0.951,0.634
169,7,154,1,0.165,0.626,0.968,0.695
169,7,155,0,0.032,0.626,0.201,0.695
169,7,155,1,0.032,0.681,0.968,0.86
169,7,155,2,0.052,0.865,0.968,0.933
170,7,156,0,0.032,0.014,0.968,0.248
170,7,156,1,0.303,0.207,0.968,0.277
170,7,157,0,0.032,0.207,0.339,0.277
170,7,157,1,0.032,0.262,0.968,0.607
170,7,157,2,0.109,0.569,0.968,0.637
170,7,158,0,0.032,0.569,0.145,0.637
170,7,158,1,0.032,0.624,0.968,0.803
170,7,158,2,0.058,0.806,0.968,0.875
170,7,159,0,0.032,0.806,0.094,0.875
170,7,159,1,0.053,0.872,0.968,0.941
171,7,160,0,0.032,0.014,0.968,0.358
171,7,160,1,0.117,0.329,0.968,0.399
171,7,161,0,0.032,0.329,0.153,0.399
171,7,161,1,0.032,0.384,0.968,0.508
171,7,161,2,0.056,0.507,0.968,0.576
171,7,162,0,0.032,0.507,0.092,0.576
171,7,162,1,0.032,0.562,0.968,0.686
171,7,162,2,0.705,0.686,0.968,0.755
171,7,163,0,0.032,0.686,0.741,0.755
171,7,163,1,0.032,0.742,0.968,0.866
171,7,163,2,0.052,0.866,0.968,0.934
172,7,164,0,0.032,0.014,0.968,0.083
172,7,164,1,0.047,0.095,0.968,0.164
172,7,165,0,0.032,0.095,0.083,0.164
172,7,165,1,0.032,0.149,0.968,0.274
172,7,165,2,0.915,0.269,0.968,0.339
172,7,166,0,0.032,0.269,0.951,0.339
172,7,166,1,0.917,0.33,0.968,0.4
172,7,167,0,0.032,0.33,0.953,0.4
172,7,167,1,0.032,0.385,0.968,0.455
172,7,167,2,0.691,0.449,0.968,0.518
172,7,168,0,0.032,0.449,0.727,0.518
172,7,168,1,0.032,0.505,0.968,0.574
172,7,168,2,0.481,0.569,0.968,0.637
172,7,169,0,0.032,0.569,0.517,0.637
172,7,169,1,0.032,0.624,0.968,0.803
172,7,169,2,0.331,0.802,0.968,0.871
172,7,170,0,0.032,0.802,0.367,0.871
172,7,170,1,0.052,0.859,0.968,0.927
173,7,171,0,0.032,0.014,0.968,0.083
173,7,171,1,0.052,0.091,0.968,0.161
173,7,172,0,0.032,0.091,0.088,0.161
173,7,172,1,0.032,0.146,0.968,0.271
173,7,172,2,0.343,0.268,0.968,0.338
173,7,173,0,0.032,0.268,0.379,0.338
173,7,173,1,0.032,0.323,0.968,0.393
173,7,173,2,0.74,0.387,0.968,0.457
173,7,174,0,0.032,0.387,0.776,0.457
173,7,174,1,0.914,0.447,0.968,0.516
173,7,175,0,0.032,0.447,0.95,0.516
173,7,175,1,0.23,0.509,0.968,0.578
173,7,176,0,0.032,0.509,0.266,0.578
173,7,176,1,0.032,0.564,0.968,0.743
173,7,176,2,0.443,0.747,0.968,0.816
173,7,177,0,0.032,0.747,0.479,0.816
173,7,177,1,0.266,0.803,0.968,0.872
173,7,178,0,0.032,0.803,0.302,0.872
173,7,178,1,0.052,0.867,0.968,0.935
174,7,179,0,0.032,0.014,0.968,0.138
174,7,179,1,0.047,0.146,0.968,0.215
174,7,180,0,0.032,0.146,0.083,0.215
174,7,180,1,0.032,0.201,0.968,0.271
174,7,180,2,0.329,0.268,0.968,0.338
174,7,181,0,0.032,0.268,0.365,0.338
174,7,181,1,0.415,0.327,0.968,0.397
174,7,182,0,0.032,0.327,0.451,0.397
174,7,182,1,0.343,0.389,0.968,0.459
174,7,183,0,0.032,0.389,0.379,0.459
174,7,183,1,0.722,0.446,0.968,0.515
174,7,184,0,0.032,0.446,0.758,0.515
174,7,184,1,0.621,0.506,0.968,0.575
174,7,185,0,0.032,0.506,0.657,0.575
174,7,185,1,0.032,0.561,0.968,0.63
174,7,185,2,0.363,0.629,0.968,0.698
174,7,186,0,0.032,0.629,0.399,0.698
174,7,186,1,0.34,0.693,0.968,0.761
174,7,187,0,0.032,0.693,0.376,0.761
174,7,187,1,0.032,0.748,0.968,0.872
174,7,187,2,0.053,0.864,0.968,0.932
175,7,188,0,0.032,0.014,0.968,0.193
175,7,188,1,0.405,0.152,0.968,0.222
175,7,189,0,0.032,0.152,0.441,0.222
175,7,189,1,0.032,0.207,0.968,0.332
175,7,189,2,0.055,0.331,0.968,0.401
175,7,190,0,0.032,0.331,0.091,0.401
175,7,190,1,0.032,0.386,0.968,0.456
175,7,190,2,0.636,0.447,0.968,0.516
175,7,191,0,0.032,0.447,0.672,0.516
175,7,191,1,0.914,0.506,0.968,0.575
175,7,192,0,0.052,0.51,0.95,0.579
175,7,193,0,0.032,0.51,0.088,0.579
175,7,193,1,0.032,0.565,0.968,0.634
175,7,193,2,0.582,0.625,0.968,0.694
175,7,194,0,0.032,0.625,0.618,0.694
175,7,194,1,0.032,0.68,0.968,0.749
175,7,194,2,0.663,0.744,0.968,0.812
175,7,195,0,0.032,0.744,0.699,0.812
175,7,195,1,0.032,0.799,0.968,0.868
175,7,195,2,0.056,0.865,0.968,0.933
176,7,196,0,0.053,0.035,0.968,0.103
176,7,197,0,0.032,0.035,0.089,0.103
176,7,197,1,0.032,0.089,0.968,0.159
176,7,197,2,0.628,0.153,0.968,0.223
176,7,198,0,0.032,0.153,0.664,0.223
176,7,198,1,0.286,0.212,0.968,0.282
176,7,199,0,0.032,0.212,0.322,0.282
176,7,199,1,0.37,0.271,0.968,0.341
176,7,200,0,0.032,0.271,0.406,0.341
176,7,200,1,0.126,0.332,0.968,0.402
176,7,201,0,0.032,0.332,0.162,0.402
176,7,201,1,0.032,0.387,0.968,0.457
176,7,201,2,0.619,0.45,0.968,0.519
176,7,202,0,0.032,0.45,0.655,0.519
176,7,202,1,0.732,0.514,0.968,0.583
176,7,203,0,0.032,0.514,0.768,0.583
176,7,203,1,0.032,0.569,0.968,0.638
176,7,203,2,0.435,0.631,0.968,0.7
176,7,204,0,0.032,0.631,0.471,0.7
176,7,204,1,0.286,0.692,0.968,0.76
176,7,205,0,0.032,0.692,0.322,0.76
176,7,205,1,0.032,0.747,0.968,0.816
176,7,205,2,0.41,0.809,0.968,0.878
176,7,206,0,0.032,0.809,0.446,0.878
176,7,206,1,0.053,0.867,0.968,0.935
177,8,1,0,0.032,0.014,0.968,0.303
177,8,1,1,0.779,0.274,0.968,0.344
177,8,2,0,0.032,0.274,0.815,0.344
177,8,2,1,0.032,0.329,0.968,0.399
177,8,2,2,0.752,0.394,0.968,0.464
177,8,3,0,0.032,0.394,0.788,0.464
177,8,3,1,0.791,0.456,0.968,0.525
177,8,4,0,0.032,0.456,0.827,0.525
177,8,4,1,0.362,0.513,0.968,0.582
177,8,5,0,0.032,0.513,0.398,0.582
177,8,5,1,0.055,0.573,0.968,0.641
177,8,6,0,0.032,0.573,0.091,0.641
177,8,6,1,0.032,0.628,0.968,0.697
177,8,6,2,0.687,0.688,0.968,0.756
177,8,7,0,0.032,0.688,0.723,0.756
177,8,7,1,0.032,0.743,0.968,0.867
177,8,7,2,0.912,0.863,0.968,0.931
177,8,8,0,0.052,0.867,0.948,0.935
178,8,9,0,0.032,0.014,0.968,0.083
178,8,9,1,0.492,0.087,0.968,0.156
178,8,10,0,0.032,0.087,0.528,0.156
178,8,10,1,0.032,0.142,0.968,0.211
178,8,10,2,0.673,0.207,0.968,0.276
178,8,11,0,0.032,0.207,0.71,0.276
178,8,11,1,0.032,0.262,0.968,0.331
178,8,11,2,0.047,0.322,0.968,0.392
178,8,12,0,0.032,0.322,0.083,0.392
178,8,12,1,0.032,0.377,0.968,0.501
178,8,12,2,0.286,0.503,0.968,0.572
178,8,13,0,0.032,0.503,0.322,0.572
178,8,13,1,0.032,0.558,0.968,0.627
178,8,13,2,0.67,0.624,0.968,0.693
178,8,14,0,0.032,0.624,0.706,0.693
178,8,14,1,0.692,0.683,0.968,0.752
178,8,15,0,0.032,0.683,0.728,0.752
178,8,15,1,0.352,0.745,0.968,0.814
178,8,16,0,0.032,0.745,0.389,0.814
178,8,16,1,0.032,0.8,0.968,0.869
178,8,16,2,0.046,0.86,0.968,0.928
179,8,17,0,0.032,0.014,0.968,0.193
179,8,17,1,0.525,0.152,0.968,0.222
179,8,18,0,0.032,0.152,0.561,0.222
179,8,18,1,0.745,0.209,0.968,0.279
179,8,19,0,0.032,0.209,0.781,0.279
179,8,19,1,0.032,0.264,0.968,0.334
179,8,19,2,0.148,0.331,0.968,0.401
179,8,20,0,0.032,0.331,0.184,0.401
179,8,20,1,0.032,0.386,0.968,0.456
179,8,20,2,0.765,0.448,0.968,0.517
179,8,21,0,0.032,0.448,0.801,0.517
179,8,21,1,0.723,0.509,0.968,0.578
179,8,22,0,0.032,0.509,0.759,0.578
179,8,22,1,0.621,0.569,0.968,0.637
179,8,23,0,0.032,0.569,0.657,0.637
179,8,23,1,0.261,0.628,0.968,0.697
179,8,24,0,0.032,0.628,0.297,0.697
179,8,24,1,0.032,0.683,0.968,0.807
179,8,24,2,0.697,0.802,0.968,0.871
179,8,25,0,0.032,0.802,0.733,0.871
179,8,25,1,0.058,0.868,0.968,0.936
180,8,26,0,0.032,0.014,0.968,0.138
180,8,26,1,0.368,0.148,0.968,0.217
180,8,27,0,0.032,0.148,0.404,0.217
180,8,27,1,0.032,0.203,0.968,0.273
180,8,27,2,0.914,0.266,0.968,0.336
180,8,28,0,0.032,0.266,0.95,0.336
180,8,28,1,0.58,0.325,0.968,0.395
180,8,29,0,0.032,0.325,0.616,0.395
180,8,29,1,0.032,0.38,0.968,0.45
180,8,29,2,0.366,0.449,0.968,0.518
180,8,30,0,0.032,0.449,0.403,0.518
180,8,30,1,0.032,0.505,0.968,0.574
180,8,30,2,0.456,0.562,0.968,0.631
180,8,31,0,0.032,0.562,0.492,0.631
180,8,31,1,0.032,0.618,0.968,0.686
180,8,31,2,0.636,0.685,0.968,0.754
180,8,32,0,0.032,0.685,0.672,0.754
180,8,32,1,0.032,0.741,0.968,0.809
180,8,32,2,0.529,0.804,0.968,0.873
180,8,33,0,0.032,0.804,0.565,0.873
180,8,33,1,0.053,0.863,0.968,0.931
181,8,34,0,0.032,0.014,0.968,0.138
181,8,34,1,0.38,0.15,0.968,0.22
181,8,35,0,0.032,0.15,0.416,0.22
181,8,35,1,0.032,0.205,0.968,0.275
181,8,35,2,0.508,0.268,0.968,0.338
181,8,36,0,0.032,0.268,0.544,0.338
181,8,36,1,0.032,0.323,0.968,0.448
181,8,36,2,0.717,0.447,0.968,0.516
181,8,37,0,0.032,0.447,0.753,0.516
181,8,37,1,0.032,0.503,0.968,0.572
181,8,37,2,0.233,0.567,0.968,0.635
181,8,38,0,0.032,0.567,0.269,0.635
181,8,38,1,0.032,0.622,0.968,0.691
181,8,38,2,0.345,0.686,0.968,0.755
181,8,39,0,0.032,0.686,0.381,0.755
181,8,39,1,0.032,0.742,0.968,0.81
181,8,39,2,0.219,0.806,0.968,0.875
181,8,40,0,0.032,0.806,0.255,0.875
181,8,40,1,0.059,0.864,0.968,0.932
182,8,41,0,0.032,0.014,0.968,0.248
182,8,41,1,0.089,0.208,0.968,0.278
182,8,42,0,0.032,0.208,0.125,0.278
182,8,42,1,0.032,0.263,0.968,0.497
182,8,42,2,0.694,0.502,0.968,0.571
182,8,43,0,0.032,0.502,0.73,0.571
182,8,43,1,0.032,0.557,0.968,0.626
182,8,43,2,0.115,0.626,0.968,0.695
182,8,44,0,0.032,0.626,0.151,0.695
182,8,44,1,0.032,0.681,0.968,0.805
182,8,44,2,0.686,0.804,0.968,0.873
182,8,45,0,0.032,0.804,0.722,0.873
182,8,45,1,0.059,0.863,0.968,0.931
183,8,46,0,0.032,0.014,0.968,0.138
183,8,46,1,0.351,0.098,0.968,0.167
183,8,47,0,0.032,0.098,0.387,0.167
183,8,47,1,0.032,0.152,0.968,0.222
183,8,47,2,0.253,0.216,0.968,0.286
183,8,48,0,0.032,0.216,0.289,0.286
183,8,48,1,0.032,0.271,0.968,0.451
183,8,48,2,0.227,0.451,0.968,0.52
183,8,49,0,0.032,0.451,0.263,0.52
183,8,49,1,0.032,0.507,0.968,0.576
183,8,49,2,0.052,0.569,0.968,0.637
183,8,50,0,0.032,0.569,0.088,0.637
183,8,50,1,0.032,0.624,0.968,0.693
183,8,50,2,0.143,0.684,0.968,0.753
183,8,51,0,0.032,0.684,0.179,0.753
183,8,51,1,0.052,0.745,0.968,0.814
183,8,52,0,0.032,0.745,0.088,0.814
183,8,52,1,0.032,0.8,0.968,0.869
183,8,52,2,0.053,0.862,0.968,0.93
184,8,53,0,0.032,0.014,0.968,0.083
184,8,53,1,0.318,0.089,0.968,0.158
184,8,54,0,0.032,0.089,0.354,0.158
184,8,54,1,0.032,0.144,0.968,0.213
184,8,54,2,0.05,0.207,0.968,0.276
184,8,55,0,0.032,0.207,0.086,0.276
184,8,55,1,0.05,0.266,0.968,0.336
184,8,56,0,0.032,0.266,0.086,0.336
184,8,56,1,0.032,0.321,0.968,0.391
184,8,56,2,0.639,0.385,0.968,0.455
184,8,57,0,0.032,0.385,0.675,0.455
184,8,57,1,0.356,0.445,0.968,0.514
184,8,58,0,0.032,0.445,0.392,0.514
184,8,58,1,0.032,0.501,0.968,0.57
184,8,58,2,0.915,0.565,0.968,0.633
184,8,59,0,0.052,0.56,0.951,0.629
184,8,60,0,0.032,0.56,0.088,0.629
184,8,60,1,0.032,0.616,0.968,0.795
184,8,60,2,0.303,0.801,0.968,0.87
184,8,61,0,0.032,0.801,0.339,0.87
184,8,61,1,0.053,0.861,0.968,0.929
185,8,62,0,0.032,0.014,0.968,0.083
185,8,62,1,0.568,0.092,0.968,0.162
185,8,63,0,0.032,0.092,0.604,0.162
185,8,63,1,0.032,0.147,0.968,0.216
185,8,63,2,0.351,0.211,0.968,0.281
185,8,64,0,0.032,0.211,0.387,0.281
185,8,64,1,0.385,0.27,0.968,0.34
185,8,65,0,0.032,0.27,0.421,0.34
185,8,65,1,0.032,0.325,0.968,0.45
185,8,65,2,0.247,0.447,0.968,0.516
185,8,66,0,0.032,0.447,0.283,0.516
185,8,66,1,0.032,0.503,0.968,0.627
185,8,66,2,0.421,0.626,0.968,0.695
185,8,67,0,0.032,0.626,0.457,0.695
185,8,67,1,0.032,0.681,0.968,0.75
185,8,67,2,0.284,0.744,0.968,0.812
185,8,68,0,0.032,0.744,0.32,0.812
185,8,68,1,0.212,0.802,0.968,0.871
185,8,69,0,0.032,0.802,0.247,0.871
185,8,69,1,0.05,0.864,0.968,0.932
186,8,70,0,0.032,0.014,0.968,0.138
186,8,70,1,0.607,0.148,0.968,0.217
186,8,71,0,0.032,0.148,0.643,0.217
186,8,71,1,0.191,0.206,0.968,0.275
186,8,72,0,0.032,0.206,0.227,0.275
186,8,72,1,0.032,0.261,0.968,0.495
186,8,72,2,0.148,0.506,0.968,0.575
186,8,73,0,0.032,0.506,0.184,0.575
186,8,73,1,0.032,0.561,0.968,0.63
186,8,73,2,0.49,0.621,0.968,0.69
186,8,74,0,0.032,0.621,0.526,0.69
186,8,74,1,0.032,0.676,0.968,0.745
186,8,74,2,0.325,0.743,0.968,0.811
186,8,75,0,0.032,0.743,0.361,0.811
186,8,75,1,0.032,0.798,0.968,0.867
186,8,75,2,0.047,0.856,0.968,0.924
187,9,1,0,0.032,0.014,0.968,0.138
187,9,1,1,0.05,0.103,0.968,0.172
187,9,2,0,0.032,0.103,0.086,0.172
187,9,2,1,0.032,0.158,0.968,0.227
187,9,2,2,0.455,0.22,0.968,0.289
187,9,3,0,0.032,0.22,0.491,0.289
187,9,3,1,0.032,0.274,0.968,0.454
187,9,3,2,0.915,0.45,0.968,0.519
187,9,4,0,0.032,0.45,0.951,0.519
187,9,4,1,0.032,0.506,0.968,0.575
187,9,4,2,0.435,0.569,0.968,0.637
187,9,5,0,0.032,0.569,0.471,0.637
187,9,5,1,0.032,0.624,0.968,0.748
187,9,5,2,0.05,0.746,0.968,0.815
187,9,6,0,0.032,0.746,0.086,0.815
187,9,6,1,0.032,0.801,0.968,0.87
187,9,6,2,0.049,0.866,0.968,0.934
188,9,7,0,0.032,0.014,0.968,0.248
188,9,7,1,0.915,0.207,0.968,0.277
188,9,8,0,0.032,0.207,0.951,0.277
188,9,8,1,0.032,0.262,0.968,0.332
188,9,8,2,0.728,0.326,0.968,0.396
188,9,9,0,0.032,0.326,0.764,0.396
188,9,9,1,0.199,0.386,0.968,0.456
188,9,10,0,0.032,0.386,0.235,0.456
188,9,10,1,0.05,0.446,0.968,0.515
188,9,11,0,0.032,0.446,0.086,0.515
188,9,11,1,0.032,0.502,0.968,0.571
188,9,11,2,0.219,0.568,0.968,0.636
188,9,12,0,0.032,0.568,0.255,0.636
188,9,12,1,0.032,0.623,0.968,0.747
188,9,12,2,0.914,0.746,0.968,0.815
188,9,13,0,0.032,0.746,0.95,0.815
188,9,13,1,0.032,0.801,0.968,0.87
188,9,13,2,0.05,0.866,0.968,0.934
189,9,14,0,0.032,0.014,0.968,0.083
189,9,14,1,0.241,0.087,0.968,0.156
189,9,15,0,0.032,0.087,0.277,0.156
189,9,15,1,0.032,0.142,0.968,0.211
189,9,15,2,0.917,0.204,0.968,0.273
189,9,16,0,0.032,0.204,0.953,0.273
189,9,16,1,0.032,0.259,0.968,0.328
189,9,16,2,0.32,0.323,0.968,0.393
189,9,17,0,0.032,0.323,0.356,0.393
189,9,17,1,0.032,0.378,0.968,0.448
189,9,17,2,0.055,0.444,0.968,0.513
189,9,18,0,0.032,0.444,0.091,0.513
189,9,18,1,0.032,0.499,0.968,0.624
189,9,18,2,0.339,0.624,0.968,0.693
189,9,19,0,0.032,0.624,0.375,0.693
189,9,19,1,0.032,0.679,0.968,0.803
189,9,19,2,0.774,0.802,0.968,0.871
189,9,20,0,0.032,0.802,0.81,0.871
189,9,20,1,0.052,0.861,0.968,0.929
190,9,21,0,0.032,0.014,0.968,0.083
190,9,21,1,0.708,0.087,0.968,0.156
190,9,22,0,0.032,0.087,0.744,0.156
190,9,22,1,0.784,0.147,0.968,0.216
190,9,23,0,0.032,0.147,0.82,0.216
190,9,23,1,0.032,0.202,0.968,0.272
190,9,23,2,0.153,0.265,0.968,0.335
190,9,24,0,0.032,0.265,0.189,0.335
190,9,24,1,0.032,0.32,0.968,0.554
190,9,24,2,0.573,0.567,0.968,0.635
190,9,25,0,0.032,0.567,0.609,0.635
190,9,25,1,0.032,0.622,0.968,0.746
190,9,25,2,0.37,0.749,0.968,0.818
190,9,26,0,0.032,0.749,0.406,0.818
190,9,26,1,0.032,0.804,0.968,0.873
190,9,26,2,0.05,0.87,0.968,0.939
191,9,27,0,0.032,0.014,0.968,0.083
191,9,27,1,0.788,0.081,0.968,0.15
191,9,28,0,0.032,0.081,0.824,0.15
191,9,28,1,0.032,0.136,0.968,0.26
191,9,28,2,0.297,0.261,0.968,0.331
191,9,29,0,0.032,0.261,0.333,0.331
191,9,29,1,0.032,0.316,0.968,0.495
191,9,29,2,0.914,0.505,0.968,0.574
191,9,30,0,0.032,0.505,0.95,0.574
191,9,30,1,0.032,0.56,0.968,0.684
191,9,30,2,0.419,0.685,0.968,0.754
191,9,31,0,0.032,0.685,0.455,0.754
191,9,31,1,0.032,0.741,0.968,0.865
191,9,31,2,0.055,0.868,0.968,0.936
192,9,32,0,0.032,0.014,0.968,0.083
192,9,32,1,0.247,0.083,0.968,0.152
192,9,33,0,0.032,0.083,0.283,0.152
192,9,33,1,0.032,0.138,0.968,0.207
192,9,33,2,0.314,0.204,0.968,0.273
192,9,34,0,0.032,0.204,0.35,0.273
192,9,34,1,0.032,0.259,0.968,0.438
192,9,34,2,0.227,0.445,0.968,0.514
192,9,35,0,0.032,0.445,0.263,0.514
192,9,35,1,0.032,0.501,0.968,0.625
192,9,35,2,0.705,0.627,0.968,0.696
192,9,36,0,0.032,0.627,0.741,0.696
192,9,36,1,0.032,0.682,0.968,0.861
192,9,36,2,0.055,0.868,0.968,0.936
193,9,37,0,0.032,0.014,0.968,0.248
193,9,37,1,0.366,0.207,0.968,0.277
193,9,38,0,0.032,0.207,0.403,0.277
193,9,38,1,0.032,0.262,0.968,0.387
193,9,38,2,0.056,0.385,0.968,0.455
193,9,39,0,0.032,0.385,0.092,0.455
193,9,39,1,0.032,0.44,0.968,0.565
193,9,39,2,0.801,0.572,0.968,0.64
193,9,40,0,0.032,0.572,0.837,0.64
193,9,40,1,0.032,0.627,0.968,0.861
193,9,40,2,0.055,0.871,0.968,0.94
194,9,41,0,0.032,0.014,0.968,0.083
194,9,41,1,0.046,0.085,0.968,0.154
194,9,42,0,0.032,0.085,0.082,0.154
194,9,42,1,0.032,0.14,0.968,0.264
194,9,42,2,0.047,0.263,0.968,0.333
194,9,43,0,0.032,0.263,0.083,0.333
194,9,43,1,0.032,0.318,0.968,0.388
194,9,43,2,0.413,0.386,0.968,0.456
194,9,44,0,0.032,0.386,0.449,0.456
194,9,44,1,0.032,0.441,0.968,0.51
194,9,44,2,0.391,0.507,0.968,0.576
194,9,45,0,0.032,0.507,0.427,0.576
194,9,45,1,0.032,0.562,0.968,0.631
194,9,45,2,0.504,0.628,0.968,0.697
194,9,46,0,0.032,0.628,0.54,0.697
194,9,46,1,0.032,0.683,0.968,0.752
194,9,46,2,0.345,0.747,0.968,0.816
194,9,47,0,0.032,0.747,0.381,0.816
194,9,47,1,0.032,0.802,0.968,0.871
194,9,47,2,0.05,0.868,0.968,0.936
195,9,48,0,0.032,0.014,0.968,0.083
195,9,48,1,0.053,0.087,0.968,0.156
195,9,49,0,0.032,0.087,0.089,0.156
195,9,49,1,0.032,0.142,0.968,0.266
195,9,49,2,0.917,0.265,0.968,0.335
195,9,50,0,0.032,0.265,0.953,0.335
195,9,50,1,0.032,0.32,0.968,0.39
195,9,50,2,0.611,0.387,0.968,0.457
195,9,51,0,0.032,0.387,0.647,0.457
195,9,51,1,0.032,0.442,0.968,0.511
195,9,51,2,0.918,0.506,0.968,0.575
195,9,52,0,0.032,0.506,0.954,0.575
195,9,52,1,0.032,0.561,0.968,0.63
195,9,52,2,0.103,0.63,0.968,0.699
195,9,53,0,0.032,0.63,0.139,0.699
195,9,53,1,0.032,0.685,0.968,0.754
195,9,53,2,0.684,0.75,0.968,0.819
195,9,54,0,0.032,0.75,0.72,0.819
195,9,54,1,0.032,0.805,0.968,0.874
195,9,54,2,0.058,0.872,0.968,0.941
196,9,55,0,0.032,0.014,0.968,0.083
196,9,55,1,0.049,0.089,0.968,0.158
196,9,56,0,0.032,0.089,0.085,0.158
196,9,56,1,0.032,0.144,0.968,0.213
196,9,56,2,0.659,0.206,0.968,0.275
196,9,57,0,0.032,0.206,0.696,0.275
196,9,57,1,0.332,0.266,0.968,0.336
196,9,58,0,0.032,0.266,0.368,0.336
196,9,58,1,0.032,0.321,0.968,0.391
196,9,58,2,0.632,0.383,0.968,0.453
196,9,59,0,0.032,0.383,0.668,0.453
196,9,59,1,0.032,0.438,0.968,0.507
196,9,59,2,0.376,0.505,0.968,0.574
196,9,60,0,0.032,0.505,0.412,0.574
196,9,60,1,0.032,0.56,0.968,0.684
196,9,60,2,0.153,0.682,0.968,0.751
196,9,61,0,0.032,0.682,0.189,0.751
196,9,61,1,0.032,0.738,0.968,0.862
196,9,61,2,0.05,0.859,0.968,0.927
197,9,62,0,0.032,0.014,0.968,0.083
197,9,62,1,0.343,0.087,0.968,0.156
197,9,63,0,0.032,0.087,0.379,0.156
197,9,63,1,0.032,0.142,0.968,0.211
197,9,63,2,0.441,0.206,0.968,0.275
197,9,64,0,0.032,0.206,0.477,0.275
197,9,64,1,0.032,0.261,0.968,0.33
197,9,64,2,0.359,0.325,0.968,0.395
197,9,65,0,0.032,0.325,0.395,0.395
197,9,65,1,0.032,0.38,0.968,0.45
197,9,65,2,0.399,0.445,0.968,0.514
197,9,66,0,0.032,0.445,0.435,0.514
197,9,66,1,0.032,0.501,0.968,0.57
197,9,66,2,0.449,0.561,0.968,0.63
197,9,67,0,0.032,0.561,0.485,0.63
197,9,67,1,0.032,0.617,0.968,0.741
197,9,67,2,0.224,0.738,0.968,0.806
197,9,68,0,0.032,0.738,0.26,0.806
197,9,68,1,0.032,0.793,0.968,0.862
197,9,68,2,0.053,0.86,0.968,0.928
198,9,69,0,0.032,0.014,0.968,0.303
198,9,69,1,0.21,0.265,0.968,0.335
198,9,70,0,0.032,0.265,0.246,0.335
198,9,70,1,0.032,0.32,0.968,0.499
198,9,70,2,0.523,0.509,0.968,0.578
198,9,71,0,0.032,0.509,0.559,0.578
198,9,71,1,0.032,0.564,0.968,0.688
198,9,71,2,0.044,0.688,0.968,0.756
198,9,72,0,0.032,0.688,0.08,0.756
198,9,72,1,0.032,0.743,0.968,0.867
198,9,72,2,0.046,0.867,0.968,0.935
199,9,73,0,0.032,0.014,0.968,0.083
199,9,73,1,0.32,0.091,0.968,0.161
199,9,74,0,0.032,0.091,0.356,0.161
199,9,74,1,0.032,0.146,0.968,0.381
199,9,74,2,0.598,0.384,0.968,0.454
199,9,75,0,0.032,0.384,0.634,0.454
199,9,75,1,0.058,0.442,0.968,0.511
199,9,76,0,0.032,0.442,0.094,0.511
199,9,76,1,0.032,0.497,0.968,0.567
199,9,76,2,0.92,0.561,0.968,0.63
199,9,77,0,0.032,0.561,0.956,0.63
199,9,77,1,0.21,0.625,0.968,0.694
199,9,78,0,0.032,0.625,0.246,0.694
199,9,78,1,0.032,0.68,0.968,0.749
199,9,78,2,0.743,0.743,0.968,0.811
199,9,79,0,0.032,0.743,0.779,0.811
199,9,79,1,0.032,0.798,0.968,0.867
199,9,79,2,0.052,0.862,0.968,0.93
200,9,80,0,0.032,0.014,0.968,0.138
200,9,80,1,0.382,0.145,0.968,0.214
200,9,81,0,0.032,0.145,0.418,0.214
200,9,81,1,0.032,0.2,0.968,0.325
200,9,81,2,0.486,0.323,0.968,0.393
200,9,82,0,0.032,0.323,0.522,0.393
200,9,82,1,0.508,0.385,0.968,0.455
200,9,83,0,0.032,0.385,0.544,0.455
200,9,83,1,0.032,0.44,0.968,0.565
200,9,83,2,0.722,0.564,0.968,0.632
200,9,84,0,0.032,0.564,0.758,0.632
200,9,84,1,0.032,0.619,0.968,0.688
200,9,84,2,0.917,0.681,0.968,0.75
200,9,85,0,0.032,0.681,0.953,0.75
200,9,85,1,0.136,0.747,0.968,0.816
200,9,86,0,0.032,0.747,0.171,0.816
200,9,86,1,0.032,0.802,0.968,0.871
200,9,86,2,0.053,0.865,0.968,0.933
201,9,87,0,0.032,0.014,0.968,0.083
201,9,87,1,0.669,0.085,0.968,0.154
201,9,88,0,0.032,0.085,0.705,0.154
201,9,88,1,0.032,0.14,0.968,0.209
201,9,88,2,0.508,0.204,0.968,0.273
201,9,89,0,0.032,0.204,0.544,0.273
201,9,89,1,0.122,0.265,0.968,0.335
201,9,90,0,0.032,0.265,0.158,0.335
201,9,90,1,0.032,0.32,0.968,0.445
201,9,90,2,0.917,0.448,0.968,0.517
201,9,91,0,0.032,0.448,0.953,0.517
201,9,91,1,0.032,0.504,0.968,0.573
201,9,91,2,0.05,0.564,0.968,0.632
201,9,92,0,0.032,0.564,0.086,0.632
201,9,92,1,0.032,0.619,0.968,0.743
201,9,92,2,0.411,0.746,0.968,0.815
201,9,93,0,0.032,0.746,0.448,0.815
201,9,93,1,0.032,0.801,0.968,0.87
201,9,93,2,0.056,0.869,0.968,0.938
202,9,94,0,0.032,0.014,0.968,0.248
202,9,94,1,0.232,0.207,0.968,0.276
202,9,95,0,0.032,0.207,0.268,0.276
202,9,95,1,0.032,0.262,0.968,0.386
202,9,95,2,0.681,0.384,0.968,0.454
202,9,96,0,0.032,0.384,0.717,0.454
202,9,96,1,0.032,0.439,0.968,0.508
202,9,96,2,0.917,0.505,0.968,0.574
202,9,97,0,0.032,0.505,0.953,0.574
202,9,97,1,0.115,0.568,0.968,0.636
202,9,98,0,0.032,0.568,0.151,0.636
202,9,98,1,0.032,0.623,0.968,0.692
202,9,98,2,0.19,0.682,0.968,0.751
202,9,99,0,0.032,0.682,0.226,0.751
202,9,99,1,0.032,0.738,0.968,0.862
202,9,99,2,0.046,0.864,0.968,0.932
203,9,100,0,0.032,0.014,0.968,0.193
203,9,100,1,0.602,0.205,0.968,0.274
203,9,101,0,0.032,0.205,0.638,0.274
203,9,101,1,0.032,0.26,0.968,0.384
203,9,101,2,0.816,0.386,0.968,0.456
203,9,102,0,0.032,0.386,0.852,0.456
203,9,102,1,0.049,0.446,0.968,0.515
203,9,103,0,0.032,0.446,0.085,0.515
203,9,103,1,0.032,0.502,0.968,0.571
203,9,103,2,0.222,0.565,0.968,0.633
203,9,104,0,0.032,0.565,0.258,0.633
203,9,104,1,0.032,0.62,0.968,0.689
203,9,104,2,0.529,0.689,0.968,0.757
203,9,105,0,0.032,0.689,0.565,0.757
203,9,105,1,0.032,0.744,0.968,0.812
203,9,105,2,0.472,0.805,0.968,0.874
203,9,106,0,0.032,0.805,0.508,0.874
203,9,106,1,0.052,0.869,0.968,0.938
204,9,107,0,0.032,0.014,0.968,0.193
204,9,107,1,0.917,0.202,0.968,0.271
204,9,108,0,0.032,0.202,0.953,0.271
204,9,108,1,0.032,0.257,0.968,0.326
204,9,108,2,0.497,0.327,0.968,0.397
204,9,109,0,0.032,0.327,0.533,0.397
204,9,109,1,0.032,0.382,0.968,0.506
204,9,109,2,0.601,0.508,0.968,0.577
204,9,110,0,0.032,0.508,0.637,0.577
204,9,110,1,0.046,0.569,0.968,0.637
204,9,111,0,0.032,0.569,0.082,0.637
204,9,111,1,0.032,0.624,0.968,0.858
204,9,111,2,0.049,0.866,0.968,0.934
205,9,112,0,0.032,0.014,0.968,0.193
205,9,112,1,0.61,0.202,0.968,0.271
205,9,113,0,0.032,0.202,0.646,0.271
205,9,113,1,0.032,0.257,0.968,0.326
205,9,113,2,0.272,0.323,0.968,0.393
205,9,114,0,0.032,0.323,0.308,0.393
205,9,114,1,0.032,0.378,0.968,0.502
205,9,114,2,0.918,0.51,0.968,0.579
205,9,115,0,0.032,0.51,0.954,0.579
205,9,115,1,0.143,0.569,0.968,0.637
205,9,116,0,0.032,0.569,0.179,0.637
205,9,116,1,0.032,0.624,0.968,0.693
205,9,116,2,0.382,0.692,0.968,0.76
205,9,117,0,0.032,0.692,0.418,0.76
205,9,117,1,0.032,0.747,0.968,0.871
205,9,117,2,0.055,0.875,0.968,0.944
206,9,118,0,0.032,0.014,0.968,0.248
206,9,118,1,0.774,0.208,0.968,0.278
206,9,119,0,0.032,0.208,0.81,0.278
206,9,119,1,0.684,0.264,0.968,0.334
206,9,120,0,0.032,0.264,0.72,0.334
206,9,120,1,0.032,0.319,0.968,0.553
206,9,120,2,0.044,0.566,0.968,0.634
206,9,121,0,0.032,0.566,0.08,0.634
206,9,121,1,0.032,0.621,0.968,0.745
206,9,121,2,0.793,0.749,0.968,0.818
206,9,122,0,0.032,0.749,0.829,0.818
206,9,122,1,0.032,0.804,0.968,0.873
206,9,122,2,0.052,0.865,0.968,0.933
207,9,123,0,0.032,0.014,0.968,0.083
207,9,123,1,0.049,0.081,0.968,0.15
207,9,124,0,0.032,0.081,0.085,0.15
207,9,124,1,0.032,0.136,0.968,0.26
207,9,124,2,0.912,0.262,0.968,0.332
207,9,125,0,0.213,0.316,0.948,0.386
207,9,126,0,0.032,0.316,0.249,0.386
207,9,126,1,0.032,0.371,0.968,0.441
207,9,126,2,0.3,0.44,0.968,0.509
207,9,127,0,0.032,0.44,0.336,0.509
207,9,127,1,0.032,0.494,0.968,0.619
207,9,127,2,0.909,0.615,0.968,0.683
207,9,128,0,0.032,0.615,0.945,0.683
207,9,128,1,0.032,0.67,0.968,0.739
207,9,128,2,0.641,0.734,0.968,0.802
207,9,129,0,0.032,0.734,0.677,0.802
207,9,129,1,0.052,0.793,0.968,0.862
208,10,1,0,0.032,0.014,0.968,0.083
208,10,1,1,0.366,0.085,0.968,0.154
208,10,2,0,0.032,0.085,0.403,0.154
208,10,2,1,0.032,0.14,0.968,0.264
208,10,2,2,0.722,0.268,0.968,0.338
208,10,3,0,0.032,0.268,0.758,0.338
208,10,3,1,0.032,0.323,0.968,0.448
208,10,3,2,0.742,0.447,0.968,0.516
208,10,4,0,0.032,0.447,0.778,0.516
208,10,4,1,0.032,0.503,0.968,0.627
208,10,4,2,0.455,0.634,0.968,0.703
208,10,5,0,0.032,0.634,0.491,0.703
208,10,5,1,0.032,0.689,0.968,0.813
208,10,5,2,0.691,0.817,0.968,0.885
208,10,6,0,0.032,0.817,0.727,0.885
208,10,6,1,0.05,0.874,0.968,0.943
209,10,7,0,0.032,0.014,0.968,0.083
209,10,7,1,0.322,0.083,0.968,0.152
209,10,8,0,0.032,0.083,0.358,0.152
209,10,8,1,0.379,0.145,0.968,0.214
209,10,9,0,0.032,0.145,0.415,0.214
209,10,9,1,0.032,0.2,0.968,0.27
209,10,9,2,0.39,0.265,0.968,0.335
209,10,10,0,0.032,0.265,0.426,0.335
209,10,10,1,0.032,0.32,0.968,0.39
209,10,10,2,0.622,0.387,0.968,0.457
209,10,11,0,0.032,0.387,0.658,0.457
209,10,11,1,0.032,0.442,0.968,0.511
209,10,11,2,0.201,0.508,0.968,0.577
209,10,12,0,0.032,0.508,0.237,0.577
209,10,12,1,0.032,0.563,0.968,0.687
209,10,12,2,0.419,0.691,0.968,0.759
209,10,13,0,0.032,0.691,0.455,0.759
209,10,13,1,0.032,0.746,0.968,0.815
209,10,13,2,0.261,0.81,0.968,0.879
209,10,14,0,0.032,0.81,0.297,0.879
209,10,14,1,0.055,0.872,0.968,0.941
210,10,15,0,0.032,0.014,0.968,0.248
210,10,15,1,0.219,0.208,0.968,0.278
210,10,16,0,0.032,0.208,0.255,0.278
210,10,16,1,0.032,0.263,0.968,0.333
210,10,16,2,0.205,0.326,0.968,0.396
210,10,17,0,0.032,0.326,0.241,0.396
210,10,17,1,0.032,0.381,0.968,0.451
210,10,17,2,0.521,0.447,0.968,0.516
210,10,18,0,0.032,0.447,0.557,0.516
210,10,18,1,0.032,0.503,0.968,0.627
210,10,18,2,0.177,0.631,0.968,0.7
210,10,19,0,0.032,0.631,0.213,0.7
210,10,19,1,0.032,0.686,0.968,0.81
210,10,19,2,0.915,0.809,0.968,0.878
210,10,20,0,0.032,0.809,0.951,0.878
210,10,20,1,0.05,0.869,0.968,0.938
211,10,21,0,0.032,0.014,0.968,0.138
211,10,21,1,0.923,0.141,0.968,0.21
211,10,22,0,0.032,0.141,0.959,0.21
211,10,22,1,0.032,0.196,0.968,0.375
211,10,22,2,0.762,0.382,0.968,0.452
211,10,23,0,0.032,0.382,0.798,0.452
211,10,23,1,0.032,0.437,0.968,0.506
211,10,23,2,0.052,0.498,0.968,0.568
211,10,24,0,0.032,0.498,0.088,0.568
211,10,24,1,0.032,0.554,0.968,0.843
211,10,24,2,0.12,0.803,0.968,0.872
211,10,25,0,0.032,0.803,0.156,0.872
211,10,25,1,0.05,0.866,0.968,0.934
212,10,26,0,0.032,0.014,0.968,0.083
212,10,26,1,0.148,0.09,0.968,0.16
212,10,27,0,0.032,0.09,0.184,0.16
212,10,27,1,0.032,0.145,0.968,0.27
212,10,27,2,0.308,0.271,0.968,0.341
212,10,28,0,0.032,0.271,0.344,0.341
212,10,28,1,0.032,0.326,0.968,0.396
212,10,28,2,0.218,0.391,0.968,0.461
212,10,29,0,0.032,0.391,0.254,0.461
212,10,29,1,0.047,0.451,0.968,0.52
212,10,30,0,0.032,0.451,0.083,0.52
212,10,30,1,0.032,0.507,0.968,0.576
212,10,30,2,0.312,0.571,0.968,0.639
212,10,31,0,0.032,0.571,0.348,0.639
212,10,31,1,0.032,0.626,0.968,0.75
212,10,31,2,0.43,0.751,0.968,0.82
212,10,32,0,0.032,0.751,0.466,0.82
212,10,32,1,0.174,0.808,0.968,0.877
212,10,33,0,0.032,0.808,0.21,0.877
212,10,33,1,0.049,0.873,0.968,0.942
213,10,34,0,0.032,0.014,0.968,0.083
213,10,34,1,0.477,0.093,0.968,0.163
213,10,35,0,0.032,0.093,0.513,0.163
213,10,35,1,0.032,0.148,0.968,0.217
213,10,35,2,0.05,0.207,0.968,0.276
213,10,36,0,0.032,0.207,0.086,0.276
213,10,36,1,0.032,0.262,0.968,0.331
213,10,36,2,0.67,0.332,0.968,0.402
213,10,37,0,0.032,0.332,0.706,0.402
213,10,37,1,0.032,0.387,0.968,0.457
213,10,37,2,0.611,0.448,0.968,0.517
213,10,38,0,0.032,0.448,0.647,0.517
213,10,38,1,0.05,0.51,0.968,0.579
213,10,39,0,0.032,0.51,0.086,0.579
213,10,39,1,0.032,0.565,0.968,0.634
213,10,39,2,0.053,0.626,0.968,0.695
213,10,40,0,0.032,0.626,0.089,0.695
213,10,40,1,0.032,0.681,0.968,0.75
213,10,40,2,0.751,0.749,0.968,0.818
213,10,41,0,0.032,0.749,0.787,0.818
213,10,41,1,0.193,0.809,0.968,0.878
213,10,42,0,0.032,0.809,0.229,0.878
213,10,42,1,0.052,0.867,0.968,0.935
214,10,43,0,0.032,0.014,0.968,0.083
214,10,43,1,0.677,0.085,0.968,0.154
214,10,44,0,0.032,0.085,0.713,0.154
214,10,44,1,0.534,0.147,0.968,0.216
214,10,45,0,0.032,0.147,0.57,0.216
214,10,45,1,0.032,0.202,0.968,0.272
214,10,45,2,0.644,0.265,0.968,0.335
214,10,46,0,0.032,0.265,0.68,0.335
214,10,46,1,0.185,0.326,0.968,0.396
214,10,47,0,0.032,0.326,0.221,0.396
214,10,47,1,0.032,0.381,0.968,0.451
214,10,47,2,0.737,0.445,0.968,0.514
214,10,48,0,0.032,0.445,0.773,0.514
214,10,48,1,0.917,0.506,0.968,0.575
214,10,49,0,0.032,0.506,0.953,0.575
214,10,49,1,0.046,0.566,0.968,0.634
214,10,50,0,0.032,0.566,0.082,0.634
214,10,50,1,0.032,0.621,0.968,0.69
214,10,50,2,0.763,0.686,0.968,0.755
214,10,51,0,0.032,0.686,0.799,0.755
214,10,51,1,0.729,0.746,0.968,0.815
214,10,52,0,0.032,0.746,0.765,0.815
214,10,52,1,0.326,0.808,0.968,0.877
214,10,53,0,0.032,0.808,0.362,0.877
214,10,53,1,0.049,0.866,0.968,0.934
215,10,54,0,0.032,0.014,0.968,0.138
215,10,54,1,0.74,0.139,0.968,0.208
215,10,55,0,0.032,0.139,0.776,0.208
215,10,55,1,0.3,0.204,0.968,0.273
215,10,56,0,0.032,0.204,0.336,0.273
215,10,56,1,0.619,0.262,0.968,0.332
215,10,57,0,0.032,0.262,0.655,0.332
215,10,57,1,0.032,0.317,0.968,0.387
215,10,57,2,0.921,0.383,0.968,0.453
215,10,58,0,0.032,0.383,0.958,0.453
215,10,58,1,0.774,0.444,0.968,0.513
215,10,59,0,0.032,0.444,0.81,0.513
215,10,59,1,0.032,0.499,0.968,0.569
215,10,59,2,0.756,0.561,0.968,0.63
215,10,60,0,0.032,0.561,0.792,0.63
215,10,60,1,0.032,0.617,0.968,0.685
215,10,60,2,0.722,0.684,0.968,0.753
215,10,61,0,0.032,0.684,0.758,0.753
215,10,61,1,0.032,0.74,0.968,0.864
215,10,61,2,0.053,0.868,0.968,0.936
216,10,62,0,0.032,0.014,0.968,0.083
216,10,62,1,0.915,0.082,0.968,0.151
216,10,63,0,0.253,0.082,0.951,0.151
216,10,64,0,0.032,0.082,0.289,0.151
216,10,64,1,0.032,0.137,0.968,0.206
216,10,64,2,0.495,0.208,0.968,0.278
216,10,65,0,0.032,0.208,0.531,0.278
216,10,65,1,0.247,0.264,0.968,0.334
216,10,66,0,0.032,0.264,0.283,0.334
216,10,66,1,0.032,0.319,0.968,0.444
216,10,66,2,0.382,0.448,0.968,0.517
216,10,67,0,0.032,0.448,0.418,0.517
216,10,67,1,0.032,0.504,0.968,0.573
216,10,67,2,0.5,0.569,0.968,0.637
216,10,68,0,0.032,0.569,0.536,0.637
216,10,68,1,0.032,0.624,0.968,0.748
216,10,68,2,0.739,0.755,0.968,0.824
216,10,69,0,0.032,0.755,0.775,0.824
216,10,69,1,0.689,0.816,0.968,0.884
216,10,70,0,0.032,0.816,0.725,0.884
216,10,70,1,0.053,0.872,0.968,0.941
217,10,71,0,0.032,0.014,0.968,0.193
217,10,71,1,0.672,0.204,0.968,0.273
217,10,72,0,0.032,0.204,0.708,0.273
217,10,72,1,0.053,0.265,0.968,0.335
217,10,73,0,0.032,0.265,0.089,0.335
217,10,73,1,0.032,0.32,0.968,0.445
217,10,73,2,0.917,0.445,0.968,0.514
217,10,74,0,0.032,0.445,0.953,0.514
217,10,74,1,0.032,0.501,0.968,0.57
217,10,74,2,0.756,0.568,0.968,0.636
217,10,75,0,0.032,0.568,0.792,0.636
217,10,75,1,0.053,0.632,0.968,0.701
217,10,76,0,0.032,0.632,0.089,0.701
217,10,76,1,0.05,0.693,0.968,0.761
217,10,77,0,0.032,0.693,0.086,0.761
217,10,77,1,0.032,0.748,0.968,0.817
217,10,77,2,0.754,0.808,0.968,0.877
217,10,78,0,0.032,0.808,0.79,0.877
217,10,78,1,0.055,0.873,0.968,0.942
218,10,79,0,0.314,0.023,0.968,0.091
218,10,80,0,0.032,0.023,0.35,0.091
218,10,80,1,0.294,0.082,0.968,0.151
218,10,81,0,0.032,0.082,0.33,0.151
218,10,81,1,0.032,0.137,0.968,0.206
218,10,81,2,0.647,0.203,0.968,0.272
218,10,82,0,0.032,0.203,0.683,0.272
218,10,82,1,0.743,0.261,0.968,0.331
218,10,83,0,0.032,0.261,0.779,0.331
218,10,83,1,0.032,0.316,0.968,0.386
218,10,83,2,0.443,0.383,0.968,0.453
218,10,84,0,0.032,0.383,0.479,0.453
218,10,84,1,0.263,0.443,0.968,0.512
218,10,85,0,0.032,0.443,0.299,0.512
218,10,85,1,0.149,0.506,0.968,0.575
218,10,86,0,0.032,0.506,0.185,0.575
218,10,86,1,0.439,0.568,0.968,0.636
218,10,87,0,0.032,0.568,0.475,0.636
218,10,87,1,0.032,0.623,0.968,0.692
218,10,87,2,0.281,0.684,0.968,0.753
218,10,88,0,0.032,0.684,0.317,0.753
218,10,88,1,0.032,0.74,0.968,0.864
218,10,88,2,0.052,0.868,0.968,0.936
219,10,89,0,0.032,0.014,0.968,0.083
219,10,89,1,0.599,0.086,0.968,0.155
219,10,90,0,0.032,0.086,0.635,0.155
219,10,90,1,0.032,0.141,0.968,0.265
219,10,90,2,0.632,0.265,0.968,0.335
219,10,91,0,0.032,0.265,0.668,0.335
219,10,91,1,0.667,0.327,0.968,0.397
219,10,92,0,0.032,0.327,0.703,0.397
219,10,92,1,0.052,0.392,0.968,0.462
219,10,93,0,0.032,0.392,0.088,0.462
219,10,93,1,0.032,0.447,0.968,0.572
219,10,93,2,0.559,0.569,0.968,0.637
219,10,94,0,0.032,0.569,0.595,0.637
219,10,94,1,0.032,0.624,0.968,0.693
219,10,94,2,0.225,0.691,0.968,0.759
219,10,95,0,0.032,0.691,0.261,0.759
219,10,95,1,0.032,0.746,0.968,0.815
219,10,95,2,0.918,0.807,0.968,0.876
219,10,96,0,0.032,0.807,0.954,0.876
219,10,96,1,0.92,0.869,0.968,0.938
219,10,97,0,0.055,0.87,0.956,0.939
220,10,98,0,0.032,0.014,0.968,0.138
220,10,98,1,0.773,0.149,0.968,0.218
220,10,99,0,0.032,0.149,0.809,0.218
220,10,99,1,0.101,0.21,0.968,0.28
220,10,100,0,0.032,0.21,0.137,0.28
220,10,100,1,0.032,0.265,0.968,0.335
220,10,100,2,0.531,0.328,0.968,0.398
220,10,101,0,0.032,0.328,0.567,0.398
220,10,101,1,0.047,0.389,0.968,0.459
220,10,102,0,0.032,0.389,0.083,0.459
220,10,102,1,0.032,0.444,0.968,0.513
220,10,102,2,0.202,0.511,0.968,0.58
220,10,103,0,0.032,0.511,0.238,0.58
220,10,103,1,0.032,0.566,0.968,0.635
220,10,103,2,0.914,0.632,0.968,0.701
220,10,104,0,0.032,0.632,0.95,0.701
220,10,104,1,0.032,0.687,0.968,0.756
220,10,104,2,0.559,0.75,0.968,0.819
220,10,105,0,0.032,0.75,0.595,0.819
220,10,105,1,0.399,0.81,0.968,0.879
220,10,106,0,0.032,0.81,0.435,0.879
220,10,106,1,0.047,0.87,0.968,0.939
221,10,107,0,0.032,0.014,0.968,0.138
221,10,107,1,0.568,0.15,0.968,0.22
221,10,108,0,0.032,0.15,0.604,0.22
221,10,108,1,0.032,0.205,0.968,0.275
221,10,108,2,0.137,0.269,0.968,0.339
221,10,109,0,0.032,0.269,0.173,0.339
221,10,109,1,0.052,0.325,0.968,0.395
221,11,1,0,0.032,0.325,0.088,0.395
221,11,1,1,0.032,0.38,0.968,0.504
221,11,1,2,0.05,0.51,0.968,0.579
221,11,2,0,0.032,0.51,0.086,0.579
221,11,2,1,0.25,0.57,0.968,0.638
221,11,3,0,0.032,0.57,0.286,0.638
221,11,3,1,0.032,0.625,0.968,0.749
221,11,3,2,0.847,0.754,0.968,0.823
221,11,4,0,0.162,0.751,0.883,0.82
221,11,5,0,0.032,0.751,0.198,0.82
221,11,5,1,0.032,0.806,0.968,0.875
221,11,5,2,0.05,0.864,0.968,0.932
222,11,6,0,0.032,0.014,0.968,0.083
222,11,6,1,0.295,0.086,0.968,0.155
222,11,7,0,0.032,0.086,0.331,0.155
222,11,7,1,0.032,0.141,0.968,0.32
222,11,7,2,0.517,0.326,0.968,0.396
222,11,8,0,0.032,0.326,0.553,0.396
222,11,8,1,0.032,0.381,0.968,0.451
222,11,8,2,0.05,0.448,0.968,0.517
222,11,9,0,0.032,0.448,0.086,0.517
222,11,9,1,0.032,0.504,0.968,0.573
222,11,9,2,0.613,0.57,0.968,0.638
222,11,10,0,0.032,0.57,0.649,0.638
222,11,10,1,0.049,0.628,0.968,0.697
222,11,11,0,0.032,0.628,0.085,0.697
222,11,11,1,0.032,0.683,0.968,0.752
222,11,11,2,0.677,0.751,0.968,0.82
222,11,12,0,0.032,0.751,0.713,0.82
222,11,12,1,0.032,0.806,0.968,0.875
222,11,12,2,0.047,0.871,0.968,0.94
223,11,13,0,0.032,0.014,0.968,0.083
223,11,13,1,0.053,0.092,0.968,0.162
223,11,14,0,0.032,0.092,0.089,0.162
223,11,14,1,0.032,0.147,0.968,0.216
223,11,14,2,0.39,0.209,0.968,0.279
223,11,15,0,0.032,0.209,0.426,0.279
223,11,15,1,0.032,0.264,0.968,0.334
223,11,15,2,0.918,0.328,0.968,0.398
223,11,16,0,0.032,0.328,0.954,0.398
223,11,16,1,0.212,0.387,0.968,0.457
223,11,17,0,0.032,0.387,0.247,0.457
223,11,17,1,0.032,0.442,0.968,0.622
223,11,17,2,0.117,0.629,0.968,0.698
223,11,18,0,0.032,0.629,0.153,0.698
223,11,18,1,0.032,0.684,0.968,0.808
223,11,18,2,0.294,0.806,0.968,0.875
223,11,19,0,0.032,0.806,0.33,0.875
223,11,19,1,0.049,0.865,0.968,0.933
224,11,20,0,0.032,0.014,0.968,0.138
224,11,20,1,0.413,0.143,0.968,0.212
224,11,21,0,0.032,0.143,0.449,0.212
224,11,21,1,0.256,0.204,0.968,0.273
224,11,22,0,0.032,0.204,0.292,0.273
224,11,22,1,0.416,0.264,0.968,0.334
224,11,23,0,0.032,0.264,0.452,0.334
224,11,23,1,0.032,0.319,0.968,0.389
224,11,23,2,0.602,0.386,0.968,0.456
224,11,24,0,0.032,0.386,0.638,0.456
224,11,24,1,0.032,0.441,0.968,0.51
224,11,24,2,0.918,0.505,0.968,0.574
224,11,25,0,0.047,0.507,0.954,0.576
224,11,26,0,0.032,0.507,0.083,0.576
224,11,26,1,0.032,0.562,0.968,0.631
224,11,26,2,0.915,0.63,0.968,0.699
224,11,27,0,0.032,0.63,0.951,0.699
224,11,27,1,0.032,0.685,0.968,0.809
224,11,27,2,0.917,0.811,0.968,0.88
224,11,28,0,0.032,0.811,0.953,0.88
224,11,28,1,0.044,0.874,0.968,0.943
225,11,29,0,0.032,0.014,0.968,0.138
225,11,29,1,0.678,0.149,0.968,0.218
225,11,30,0,0.032,0.149,0.714,0.218
225,11,30,1,0.658,0.21,0.968,0.28
225,11,31,0,0.032,0.21,0.694,0.28
225,11,31,1,0.032,0.265,0.968,0.39
225,11,31,2,0.675,0.393,0.968,0.463
225,11,32,0,0.032,0.393,0.711,0.463
225,11,32,1,0.114,0.45,0.968,0.519
225,11,33,0,0.032,0.45,0.15,0.519
225,11,33,1,0.215,0.511,0.968,0.58
225,11,34,0,0.032,0.511,0.251,0.58
225,11,34,1,0.032,0.566,0.968,0.635
225,11,34,2,0.456,0.631,0.968,0.7
225,11,35,0,0.032,0.631,0.492,0.7
225,11,35,1,0.053,0.69,0.968,0.758
225,11,36,0,0.032,0.69,0.089,0.758
225,11,36,1,0.032,0.745,0.968,0.814
225,11,36,2,0.408,0.804,0.968,0.873
225,11,37,0,0.032,0.804,0.444,0.873
225,11,37,1,0.05,0.868,0.968,0.936
226,11,38,0,0.032,0.014,0.968,0.083
226,11,38,1,0.047,0.088,0.968,0.157
226,11,39,0,0.032,0.088,0.083,0.157
226,11,39,1,0.032,0.143,0.968,0.212
226,11,39,2,0.799,0.207,0.968,0.276
226,11,40,0,0.032,0.207,0.835,0.276
226,11,40,1,0.032,0.262,0.968,0.331
226,11,40,2,0.323,0.329,0.968,0.399
226,11,41,0,0.032,0.329,0.359,0.399
226,11,41,1,0.106,0.388,0.968,0.458
226,11,42,0,0.032,0.388,0.142,0.458
226,11,42,1,0.032,0.443,0.968,0.512
226,11,42,2,0.047,0.508,0.968,0.577
226,11,43,0,0.032,0.508,0.083,0.577
226,11,43,1,0.032,0.563,0.968,0.687
226,11,43,2,0.642,0.692,0.968,0.76
226,11,44,0,0.032,0.692,0.678,0.76
226,11,44,1,0.032,0.747,0.968,0.816
226,11,44,2,0.565,0.808,0.968,0.877
226,11,45,0,0.032,0.808,0.601,0.877
226,11,45,1,0.049,0.87,0.968,0.939
227,11,46,0,0.032,0.014,0.968,0.083
227,11,46,1,0.052,0.092,0.968,0.162
227,11,47,0,0.032,0.092,0.088,0.162
227,11,47,1,0.032,0.147,0.968,0.216
227,11,47,2,0.219,0.211,0.968,0.281
227,11,48,0,0.032,0.211,0.255,0.281
227,11,48,1,0.032,0.266,0.968,0.336
227,11,48,2,0.162,0.33,0.968,0.4
227,11,49,0,0.032,0.33,0.198,0.4
227,11,49,1,0.032,0.385,0.968,0.455
227,11,49,2,0.191,0.452,0.968,0.521
227,11,50,0,0.032,0.452,0.227,0.521
227,11,50,1,0.032,0.508,0.968,0.577
227,11,50,2,0.402,0.57,0.968,0.638
227,11,51,0,0.032,0.57,0.438,0.638
227,11,51,1,0.052,0.632,0.968,0.701
227,11,52,0,0.032,0.632,0.088,0.701
227,11,52,1,0.032,0.687,0.968,0.811
227,11,52,2,0.734,0.812,0.968,0.881
227,11,53,0,0.032,0.812,0.77,0.881
227,11,53,1,0.055,0.875,0.968,0.944
228,11,54,0,0.032,0.014,0.968,0.083
228,11,54,1,0.362,0.088,0.968,0.157
228,11,55,0,0.032,0.088,0.398,0.157
228,11,55,1,0.598,0.151,0.968,0.221
228,11,56,0,0.032,0.151,0.634,0.221
228,11,56,1,0.032,0.206,0.968,0.276
228,11,56,2,0.918,0.265,0.968,0.335
228,11,57,0,0.032,0.265,0.954,0.335
228,11,57,1,0.032,0.32,0.968,0.39
228,11,57,2,0.917,0.389,0.968,0.459
228,11,58,0,0.032,0.389,0.953,0.459
228,11,58,1,0.452,0.447,0.968,0.516
228,11,59,0,0.032,0.447,0.488,0.516
228,11,59,1,0.149,0.507,0.968,0.576
228,11,60,0,0.032,0.507,0.185,0.576
228,11,60,1,0.032,0.562,0.968,0.631
228,11,60,2,0.622,0.633,0.968,0.702
228,11,61,0,0.032,0.633,0.658,0.702
228,11,61,1,0.032,0.688,0.968,0.812
228,11,61,2,0.917,0.808,0.968,0.877
228,11,62,0,0.032,0.808,0.953,0.877
228,11,62,1,0.05,0.868,0.968,0.936
229,11,63,0,0.032,0.014,0.968,0.138
229,11,63,1,0.718,0.146,0.968,0.215
229,11,64,0,0.032,0.146,0.754,0.215
229,11,64,1,0.032,0.201,0.968,0.271
229,11,64,2,0.692,0.265,0.968,0.335
229,11,65,0,0.032,0.265,0.728,0.335
229,11,65,1,0.233,0.325,0.968,0.395
229,11,66,0,0.032,0.325,0.269,0.395
229,11,66,1,0.032,0.38,0.968,0.45
229,11,66,2,0.134,0.445,0.968,0.514
229,11,67,0,0.032,0.445,0.17,0.514
229,11,67,1,0.032,0.501,0.968,0.57
229,11,67,2,0.92,0.568,0.968,0.636
229,11,68,0,0.032,0.568,0.956,0.636
229,11,68,1,0.799,0.632,0.968,0.701
229,11,69,0,0.032,0.632,0.835,0.701
229,11,69,1,0.108,0.688,0.968,0.756
229,11,70,0,0.032,0.688,0.144,0.756
229,11,70,1,0.032,0.743,0.968,0.811
229,11,70,2,0.294,0.811,0.968,0.88
229,11,71,0,0.032,0.811,0.33,0.88
229,11,71,1,0.053,0.872,0.968,0.941
230,11,72,0,0.032,0.014,0.968,0.083
230,11,72,1,0.683,0.092,0.968,0.162
230,11,73,0,0.032,0.092,0.719,0.162
230,11,73,1,0.207,0.149,0.968,0.218
230,11,74,0,0.032,0.149,0.243,0.218
230,11,74,1,0.049,0.207,0.968,0.277
230,11,75,0,0.032,0.207,0.085,0.277
230,11,75,1,0.508,0.27,0.968,0.34
230,11,76,0,0.032,0.27,0.544,0.34
230,11,76,1,0.111,0.326,0.968,0.396
230,11,77,0,0.032,0.326,0.147,0.396
230,11,77,1,0.032,0.381,0.968,0.451
230,11,77,2,0.709,0.453,0.968,0.522
230,11,78,0,0.032,0.453,0.745,0.522
230,11,78,1,0.032,0.509,0.968,0.633
230,11,78,2,0.917,0.626,0.968,0.695
230,11,79,0,0.032,0.626,0.953,0.695
230,11,79,1,0.915,0.69,0.968,0.758
230,11,80,0,0.123,0.685,0.951,0.754
230,11,81,0,0.032,0.685,0.159,0.754
230,11,81,1,0.032,0.741,0.968,0.865
230,11,81,2,0.047,0.865,0.968,0.933
231,11,82,0,0.032,0.014,0.968,0.083
231,11,82,1,0.43,0.084,0.968,0.153
231,11,83,0,0.032,0.084,0.466,0.153
231,11,83,1,0.396,0.144,0.968,0.213
231,11,84,0,0.032,0.144,0.432,0.213
231,11,84,1,0.032,0.199,0.968,0.323
231,11,84,2,0.179,0.323,0.968,0.393
231,11,85,0,0.032,0.323,0.215,0.393
231,11,85,1,0.032,0.378,0.968,0.448
231,11,85,2,0.055,0.446,0.968,0.515
231,11,86,0,0.032,0.446,0.091,0.515
231,11,86,1,0.032,0.502,0.968,0.571
231,11,86,2,0.763,0.567,0.968,0.635
231,11,87,0,0.032,0.567,0.799,0.635
231,11,87,1,0.032,0.622,0.968,0.691
231,11,87,2,0.433,0.69,0.968,0.758
231,11,88,0,0.032,0.69,0.469,0.758
231,11,88,1,0.032,0.745,0.968,0.869
231,11,88,2,0.049,0.871,0.968,0.94
232,11,89,0,0.032,0.014,0.968,0.138
232,11,89,1,0.799,0.144,0.968,0.213
232,11,90,0,0.032,0.144,0.835,0.213
232,11,90,1,0.695,0.202,0.968,0.271
232,11,91,0,0.032,0.202,0.731,0.271
232,11,91,1,0.032,0.257,0.968,0.326
232,11,91,2,0.701,0.325,0.968,0.395
232,11,92,0,0.032,0.325,0.737,0.395
232,11,92,1,0.032,0.38,0.968,0.45
232,11,92,2,0.808,0.447,0.968,0.516
232,11,93,0,0.032,0.447,0.844,0.516
232,11,93,1,0.032,0.503,0.968,0.572
232,11,93,2,0.246,0.567,0.968,0.635
232,11,94,0,0.032,0.567,0.282,0.635
232,11,94,1,0.032,0.622,0.968,0.691
232,11,94,2,0.052,0.685,0.968,0.754
232,11,95,0,0.032,0.685,0.088,0.754
232,11,95,1,0.131,0.749,0.968,0.818
232,11,96,0,0.032,0.749,0.167,0.818
232,11,96,1,0.301,0.81,0.968,0.879
232,11,97,0,0.032,0.81,0.337,0.879
232,11,97,1,0.05,0.871,0.968,0.94
233,11,98,0,0.032,0.014,0.968,0.083
233,11,98,1,0.779,0.091,0.968,0.161
233,11,99,0,0.032,0.091,0.815,0.161
233,11,99,1,0.675,0.153,0.968,0.223
233,11,100,0,0.032,0.153,0.711,0.223
233,11,100,1,0.537,0.211,0.968,0.281
233,11,101,0,0.032,0.211,0.573,0.281
233,11,101,1,0.032,0.266,0.968,0.336
233,11,101,2,0.047,0.334,0.968,0.404
233,11,102,0,0.032,0.334,0.083,0.404
233,11,102,1,0.032,0.389,0.968,0.459
233,11,102,2,0.743,0.447,0.968,0.516
233,11,103,0,0.032,0.447,0.779,0.516
233,11,103,1,0.137,0.51,0.968,0.579
233,11,104,0,0.032,0.51,0.173,0.579
233,11,104,1,0.489,0.571,0.968,0.639
233,11,105,0,0.032,0.571,0.525,0.639
233,11,105,1,0.363,0.632,0.968,0.701
233,11,106,0,0.032,0.632,0.399,0.701
233,11,106,1,0.456,0.69,0.968,0.758
233,11,107,0,0.032,0.69,0.492,0.758
233,11,107,1,0.044,0.75,0.968,0.819
233,11,108,0,0.032,0.75,0.08,0.819
233,11,108,1,0.032,0.805,0.968,0.874
233,11,108,2,0.05,0.868,0.968,0.936
234,11,109,0,0.032,0.014,0.968,0.083
234,11,109,1,0.046,0.09,0.968,0.16
234,11,110,0,0.032,0.09,0.082,0.16
234,11,110,1,0.032,0.145,0.968,0.27
234,11,110,2,0.915,0.271,0.968,0.341
234,11,111,0,0.807,0.325,0.951,0.395
234,11,112,0,0.032,0.325,0.843,0.395
234,11,112,1,0.5,0.387,0.968,0.457
234,11,113,0,0.032,0.387,0.536,0.457
234,11,113,1,0.032,0.442,0.968,0.511
234,11,113,2,0.684,0.507,0.968,0.576
234,11,114,0,0.032,0.507,0.72,0.576
234,11,114,1,0.032,0.562,0.968,0.631
234,11,114,2,0.915,0.625,0.968,0.694
234,11,115,0,0.154,0.628,0.951,0.697
234,11,116,0,0.032,0.628,0.19,0.697
234,11,116,1,0.032,0.683,0.968,0.807
234,11,116,2,0.244,0.805,0.968,0.874
234,11,117,0,0.032,0.805,0.28,0.874
234,11,117,1,0.053,0.867,0.968,0.935
235,11,118,0,0.032,0.014,0.968,0.083
235,11,118,1,0.921,0.096,0.968,0.165
235,11,119,0,0.23,0.15,0.958,0.22
235,11,120,0,0.032,0.15,0.266,0.22
235,11,120,1,0.032,0.205,0.968,0.275
235,11,120,2,0.376,0.271,0.968,0.341
235,11,121,0,0.032,0.271,0.412,0.341
235,11,121,1,0.404,0.328,0.968,0.398
235,11,122,0,0.032,0.328,0.44,0.398
235,11,122,1,0.92,0.391,0.968,0.461
235,11,123,0,0.032,0.391,0.956,0.461
235,11,123,1,0.053,0.448,0.968,0.517
235,12,1,0,0.032,0.448,0.089,0.517
235,12,1,1,0.032,0.504,0.968,0.628
235,12,1,2,0.404,0.628,0.968,0.697
235,12,2,0,0.032,0.628,0.44,0.697
235,12,2,1,0.608,0.685,0.968,0.754
235,12,3,0,0.032,0.685,0.644,0.754
235,12,3,1,0.032,0.741,0.968,0.809
235,12,3,2,0.659,0.804,0.968,0.873
235,12,4,0,0.032,0.804,0.696,0.873
235,12,4,1,0.056,0.863,0.968,0.931
236,12,5,0,0.032,0.014,0.968,0.138
236,12,5,1,0.323,0.097,0.968,0.166
236,12,6,0,0.032,0.097,0.359,0.166
236,12,6,1,0.032,0.151,0.968,0.276
236,12,6,2,0.552,0.272,0.968,0.342
236,12,7,0,0.032,0.272,0.589,0.342
236,12,7,1,0.639,0.333,0.968,0.403
236,12,8,0,0.032,0.333,0.675,0.403
236,12,8,1,0.151,0.39,0.968,0.46
236,12,9,0,0.032,0.39,0.187,0.46
236,12,9,1,0.032,0.445,0.968,0.514
236,12,9,2,0.584,0.512,0.968,0.581
236,12,10,0,0.032,0.512,0.62,0.581
236,12,10,1,0.032,0.567,0.968,0.636
236,12,10,2,0.808,0.631,0.968,0.7
236,12,11,0,0.032,0.631,0.844,0.7
236,12,11,1,0.74,0.69,0.968,0.758
236,12,12,0,0.032,0.69,0.776,0.758
236,12,12,1,0.732,0.751,0.968,0.82
236,12,13,0,0.032,0.751,0.768,0.82
236,12,13,1,0.207,0.81,0.968,0.879
236,12,14,0,0.032,0.81,0.243,0.879
236,12,14,1,0.056,0.871,0.968,0.94
237,12,15,0,0.032,0.014,0.968,0.083
237,12,15,1,0.168,0.09,0.968,0.159
237,12,16,0,0.032,0.09,0.204,0.159
237,12,16,1,0.551,0.146,0.968,0.215
237,12,17,0,0.032,0.146,0.587,0.215
237,12,17,1,0.032,0.201,0.968,0.271
237,12,17,2,0.373,0.268,0.968,0.338
237,12,18,0,0.032,0.268,0.409,0.338
237,12,18,1,0.032,0.323,0.968,0.393
237,12,18,2,0.408,0.388,0.968,0.458
237,12,19,0,0.032,0.388,0.444,0.458
237,12,19,1,0.032,0.443,0.968,0.512
237,12,19,2,0.446,0.509,0.968,0.578
237,12,20,0,0.032,0.509,0.482,0.578
237,12,20,1,0.143,0.567,0.968,0.635
237,12,21,0,0.032,0.567,0.179,0.635
237,12,21,1,0.032,0.622,0.968,0.801
237,12,21,2,0.198,0.808,0.968,0.877
237,12,22,0,0.032,0.808,0.233,0.877
237,12,22,1,0.058,0.868,0.968,0.936
238,12,23,0,0.032,0.014,0.968,0.138
238,12,23,1,0.501,0.144,0.968,0.213
238,12,24,0,0.032,0.144,0.537,0.213
238,12,24,1,0.032,0.199,0.968,0.268
238,12,24,2,0.216,0.266,0.968,0.336
238,12,25,0,0.032,0.266,0.252,0.336
238,12,25,1,0.032,0.321,0.968,0.446
238,12,25,2,0.833,0.446,0.968,0.515
238,12,26,0,0.032,0.446,0.869,0.515
238,12,26,1,0.032,0.502,0.968,0.571
238,12,26,2,0.756,0.565,0.968,0.633
238,12,27,0,0.032,0.565,0.792,0.633
238,12,27,1,0.692,0.624,0.968,0.693
238,12,28,0,0.032,0.624,0.728,0.693
238,12,28,1,0.349,0.684,0.968,0.753
238,12,29,0,0.032,0.684,0.385,0.753
238,12,29,1,0.036,0.745,0.968,0.814
238,12,30,0,0.032,0.745,0.072,0.814
238,12,30,1,0.032,0.8,0.968,0.869
238,12,30,2,0.049,0.868,0.968,0.936
239,12,31,0,0.032,0.014,0.968,0.193
239,12,31,1,0.829,0.204,0.968,0.273
239,12,32,0,0.032,0.204,0.865,0.273
239,12,32,1,0.032,0.259,0.968,0.328
239,12,32,2,0.698,0.325,0.968,0.395
239,12,33,0,0.032,0.325,0.734,0.395
239,12,33,1,0.032,0.38,0.968,0.45
239,12,33,2,0.92,0.444,0.968,0.513
239,12,34,0,0.032,0.444,0.956,0.513
239,12,34,1,0.808,0.503,0.968,0.572
239,12,35,0,0.032,0.503,0.844,0.572
239,12,35,1,0.756,0.565,0.968,0.633
239,12,36,0,0.032,0.565,0.792,0.633
239,12,36,1,0.032,0.62,0.968,0.744
239,12,36,2,0.734,0.745,0.968,0.814
239,12,37,0,0.032,0.745,0.77,0.814
239,12,37,1,0.032,0.8,0.968,0.869
239,12,37,2,0.058,0.864,0.968,0.932
240,12,38,0,0.032,0.014,0.968,0.138
240,12,38,1,0.212,0.146,0.968,0.215
240,12,39,0,0.032,0.146,0.247,0.215
240,12,39,1,0.032,0.201,0.968,0.271
240,12,39,2,0.912,0.262,0.968,0.332
240,12,40,0,0.032,0.262,0.948,0.332
240,12,40,1,0.032,0.317,0.968,0.442
240,12,40,2,0.562,0.446,0.968,0.515
240,12,41,0,0.032,0.446,0.598,0.515
240,12,41,1,0.032,0.502,0.968,0.571
240,12,41,2,0.213,0.57,0.968,0.638
240,12,42,0,0.032,0.57,0.249,0.638
240,12,42,1,0.032,0.625,0.968,0.749
240,12,42,2,0.912,0.752,0.968,0.821
240,12,43,0,0.032,0.752,0.948,0.821
240,12,43,1,0.032,0.807,0.968,0.876
240,12,43,2,0.049,0.872,0.968,0.941
241,12,44,0,0.044,0.026,0.968,0.096
241,12,45,0,0.032,0.026,0.08,0.096
241,12,45,1,0.032,0.082,0.968,0.151
241,12,45,2,0.779,0.147,0.968,0.216
241,12,46,0,0.032,0.147,0.815,0.216
241,12,46,1,0.032,0.202,0.968,0.272
241,12,46,2,0.106,0.263,0.968,0.333
241,12,47,0,0.032,0.263,0.142,0.333
241,12,47,1,0.032,0.318,0.968,0.388
241,12,47,2,0.658,0.387,0.968,0.457
241,12,48,0,0.032,0.387,0.694,0.457
241,12,48,1,0.37,0.447,0.968,0.516
241,12,49,0,0.032,0.447,0.406,0.516
241,12,49,1,0.337,0.506,0.968,0.575
241,12,50,0,0.032,0.506,0.373,0.575
241,12,50,1,0.032,0.561,0.968,0.63
241,12,50,2,0.115,0.624,0.968,0.693
241,12,51,0,0.032,0.624,0.151,0.693
241,12,51,1,0.032,0.679,0.968,0.803
241,12,51,2,0.123,0.806,0.968,0.875
241,12,52,0,0.032,0.806,0.159,0.875
241,12,52,1,0.052,0.867,0.968,0.935
242,12,53,0,0.032,0.014,0.968,0.083
242,12,53,1,0.532,0.089,0.968,0.158
242,12,54,0,0.032,0.089,0.568,0.158
242,12,54,1,0.111,0.144,0.968,0.213
242,12,55,0,0.032,0.144,0.147,0.213
242,12,55,1,0.171,0.207,0.968,0.276
242,12,56,0,0.032,0.207,0.207,0.276
242,12,56,1,0.032,0.262,0.968,0.331
242,12,56,2,0.162,0.327,0.968,0.397
242,12,57,0,0.032,0.327,0.198,0.397
242,12,57,1,0.264,0.389,0.968,0.459
242,12,58,0,0.032,0.389,0.3,0.459
242,12,58,1,0.12,0.448,0.968,0.517
242,12,59,0,0.032,0.448,0.156,0.517
242,12,59,1,0.032,0.504,0.968,0.573
242,12,59,2,0.368,0.569,0.968,0.637
242,12,60,0,0.032,0.569,0.404,0.637
242,12,60,1,0.418,0.632,0.968,0.701
242,12,61,0,0.032,0.632,0.454,0.701
242,12,61,1,0.709,0.695,0.968,0.763
242,12,62,0,0.032,0.695,0.745,0.763
242,12,62,1,0.032,0.75,0.968,0.819
242,12,62,2,0.912,0.814,0.968,0.882
242,12,63,0,0.032,0.814,0.948,0.882
242,12,63,1,0.053,0.872,0.968,0.941
243,12,64,0,0.032,0.014,0.968,0.083
243,12,64,1,0.222,0.085,0.968,0.154
243,12,65,0,0.032,0.085,0.258,0.154
243,12,65,1,0.032,0.14,0.968,0.264
243,12,65,2,0.167,0.265,0.968,0.335
243,12,66,0,0.032,0.265,0.202,0.335
243,12,66,1,0.032,0.32,0.968,0.445
243,12,66,2,0.92,0.447,0.968,0.516
243,12,67,0,0.032,0.447,0.956,0.516
243,12,67,1,0.032,0.503,0.968,0.572
243,12,67,2,0.12,0.571,0.968,0.639
243,12,68,0,0.032,0.571,0.156,0.639
243,12,68,1,0.032,0.626,0.968,0.805
243,12,68,2,0.915,0.81,0.968,0.879
243,12,69,0,0.032,0.81,0.951,0.879
243,12,69,1,0.063,0.873,0.968,0.942
244,12,70,0,0.032,0.014,0.968,0.083
244,12,70,1,0.258,0.084,0.968,0.153
244,12,71,0,0.032,0.084,0.294,0.153
244,12,71,1,0.495,0.143,0.968,0.212
244,12,72,0,0.032,0.143,0.531,0.212
244,12,72,1,0.229,0.207,0.968,0.276
244,12,73,0,0.032,0.207,0.265,0.276
244,12,73,1,0.032,0.262,0.968,0.331
244,12,73,2,0.912,0.321,0.968,0.391
244,12,74,0,0.224,0.326,0.948,0.396
244,12,75,0,0.032,0.326,0.26,0.396
244,12,75,1,0.032,0.381,0.968,0.451
244,12,75,2,0.914,0.446,0.968,0.515
244,12,76,0,0.032,0.446,0.95,0.515
244,12,76,1,0.032,0.502,0.968,0.626
244,12,76,2,0.404,0.631,0.968,0.7
244,12,77,0,0.032,0.631,0.44,0.7
244,12,77,1,0.032,0.686,0.968,0.81
244,12,77,2,0.739,0.81,0.968,0.879
244,12,78,0,0.032,0.81,0.775,0.879
244,12,78,1,0.052,0.875,0.968,0.944
245,12,79,0,0.032,0.014,0.968,0.083
245,12,79,1,0.664,0.085,0.968,0.154
245,12,80,0,0.032,0.085,0.7,0.154
245,12,80,1,0.032,0.14,0.968,0.319
245,12,80,2,0.918,0.327,0.968,0.397
245,12,81,0,0.032,0.327,0.954,0.397
245,12,81,1,0.032,0.382,0.968,0.452
245,12,81,2,0.92,0.449,0.968,0.518
245,12,82,0,0.032,0.449,0.956,0.518
245,12,82,1,0.624,0.507,0.968,0.576
245,12,83,0,0.032,0.507,0.66,0.576
245,12,83,1,0.032,0.562,0.968,0.631
245,12,83,2,0.549,0.629,0.968,0.698
245,12,84,0,0.032,0.629,0.585,0.698
245,12,84,1,0.052,0.689,0.968,0.757
245,12,85,0,0.032,0.689,0.088,0.757
245,12,85,1,0.032,0.744,0.968,0.812
245,12,85,2,0.402,0.806,0.968,0.875
245,12,86,0,0.032,0.806,0.438,0.875
245,12,86,1,0.058,0.871,0.968,0.94
246,12,87,0,0.032,0.014,0.968,0.138
246,12,87,1,0.914,0.144,0.968,0.213
246,12,88,0,0.032,0.144,0.95,0.213
246,12,88,1,0.032,0.199,0.968,0.269
246,12,88,2,0.422,0.265,0.968,0.335
246,12,89,0,0.032,0.265,0.458,0.335
246,12,89,1,0.29,0.324,0.968,0.394
246,12,90,0,0.032,0.324,0.327,0.394
246,12,90,1,0.032,0.379,0.968,0.503
246,12,90,2,0.703,0.508,0.968,0.577
246,12,91,0,0.032,0.508,0.739,0.577
246,12,91,1,0.453,0.568,0.968,0.636
246,12,92,0,0.032,0.568,0.489,0.636
246,12,92,1,0.047,0.634,0.968,0.703
246,12,93,0,0.032,0.634,0.083,0.703
246,12,93,1,0.032,0.689,0.968,0.758
246,12,93,2,0.306,0.752,0.968,0.821
246,12,94,0,0.032,0.752,0.342,0.821
246,12,94,1,0.032,0.807,0.968,0.876
246,12,94,2,0.78,0.87,0.968,0.939
246,12,95,0,0.052,0.873,0.816,0.942
247,12,96,0,0.032,0.014,0.968,0.083
247,12,96,1,0.126,0.092,0.968,0.162
247,12,97,0,0.032,0.092,0.162,0.162
247,12,97,1,0.236,0.152,0.968,0.222
247,12,98,0,0.032,0.152,0.272,0.222
247,12,98,1,0.157,0.214,0.968,0.284
247,12,99,0,0.032,0.214,0.193,0.284
247,12,99,1,0.032,0.269,0.968,0.339
247,12,99,2,0.588,0.332,0.968,0.402
247,12,100,0,0.032,0.332,0.624,0.402
247,12,100,1,0.032,0.387,0.968,0.567
247,12,100,2,0.176,0.573,0.968,0.641
247,12,101,0,0.032,0.573,0.212,0.641
247,12,101,1,0.032,0.628,0.968,0.752
247,12,101,2,0.418,0.753,0.968,0.822
247,12,102,0,0.032,0.753,0.454,0.822
247,12,102,1,0.032,0.808,0.968,0.877
247,12,102,2,0.917,0.873,0.968,0.942
247,12,103,0,0.056,0.876,0.953,0.945
248,12,104,0,0.047,0.025,0.968,0.095
248,12,105,0,0.032,0.025,0.083,0.095
248,12,105,1,0.032,0.081,0.968,0.15
248,12,105,2,0.568,0.146,0.968,0.215
248,12,106,0,0.032,0.146,0.604,0.215
248,12,106,1,0.689,0.206,0.968,0.275
248,12,107,0,0.032,0.206,0.725,0.275
248,12,107,1,0.201,0.266,0.968,0.336
248,12,108,0,0.032,0.266,0.237,0.336
248,12,108,1,0.032,0.321,0.968,0.391
248,12,108,2,0.439,0.387,0.968,0.457
248,12,109,0,0.032,0.387,0.475,0.457
248,12,109,1,0.032,0.442,0.968,0.567
248,12,109,2,0.122,0.57,0.968,0.638
248,12,110,0,0.032,0.57,0.158,0.638
248,12,110,1,0.032,0.625,0.968,0.749
248,12,110,2,0.914,0.754,0.968,0.823
248,12,111,0,0.032,0.754,0.95,0.823
248,12,111,1,0.032,0.809,0.968,0.878
248,12,111,2,0.052,0.872,0.968,0.941
249,13,1,0,0.032,0.014,0.968,0.248
249,13,1,1,0.47,0.217,0.968,0.287
249,13,2,0,0.032,0.217,0.506,0.287
249,13,2,1,0.032,0.272,0.968,0.397
249,13,2,2,0.708,0.395,0.968,0.465
249,13,3,0,0.032,0.395,0.744,0.465
249,13,3,1,0.032,0.45,0.968,0.519
249,13,3,2,0.247,0.512,0.968,0.581
249,13,4,0,0.032,0.512,0.283,0.581
249,13,4,1,0.032,0.567,0.968,0.691
249,13,4,2,0.052,0.69,0.968,0.758
249,13,5,0,0.032,0.69,0.088,0.758
249,13,5,1,0.032,0.745,0.968,0.869
249,13,5,2,0.052,0.869,0.968,0.938
250,13,6,0,0.032,0.014,0.968,0.138
250,13,6,1,0.447,0.144,0.968,0.213
250,13,7,0,0.032,0.144,0.483,0.213
250,13,7,1,0.032,0.199,0.968,0.268
250,13,7,2,0.915,0.262,0.968,0.332
250,13,8,0,0.032,0.262,0.951,0.332
250,13,8,1,0.255,0.325,0.968,0.395
250,13,9,0,0.032,0.325,0.291,0.395
250,13,9,1,0.393,0.384,0.968,0.454
250,13,10,0,0.032,0.384,0.429,0.454
250,13,10,1,0.032,0.439,0.968,0.508
250,13,10,2,0.802,0.503,0.968,0.572
250,13,11,0,0.032,0.503,0.838,0.572
250,13,11,1,0.032,0.558,0.968,0.682
250,13,11,2,0.838,0.684,0.968,0.753
250,13,12,0,0.032,0.684,0.874,0.753
250,13,12,1,0.475,0.745,0.968,0.814
250,13,13,0,0.032,0.745,0.511,0.814
250,13,13,1,0.032,0.8,0.968,0.869
250,13,13,2,0.047,0.865,0.968,0.933
251,13,14,0,0.032,0.014,0.968,0.138
251,13,14,1,0.728,0.146,0.968,0.215
251,13,15,0,0.032,0.146,0.764,0.215
251,13,15,1,0.371,0.205,0.968,0.274
251,13,16,0,0.032,0.205,0.407,0.274
251,13,16,1,0.032,0.26,0.968,0.439
251,13,16,2,0.207,0.443,0.968,0.512
251,13,17,0,0.032,0.443,0.243,0.512
251,13,17,1,0.032,0.498,0.968,0.678
251,13,17,2,0.053,0.681,0.968,0.75
251,13,18,0,0.032,0.681,0.089,0.75
251,13,18,1,0.032,0.737,0.968,0.861
251,13,18,2,0.05,0.86,0.968,0.928
252,13,19,0,0.032,0.014,0.968,0.083
252,13,19,1,0.706,0.089,0.968,0.158
252,13,20,0,0.032,0.089,0.742,0.158
252,13,20,1,0.914,0.15,0.968,0.22
252,13,21,0,0.032,0.15,0.95,0.22
252,13,21,1,0.563,0.208,0.968,0.278
252,13,22,0,0.032,0.208,0.599,0.278
252,13,22,1,0.032,0.263,0.968,0.333
252,13,22,2,0.323,0.328,0.968,0.398
252,13,23,0,0.032,0.328,0.359,0.398
252,13,23,1,0.032,0.383,0.968,0.453
252,13,23,2,0.647,0.448,0.968,0.517
252,13,24,0,0.032,0.448,0.683,0.517
252,13,24,1,0.914,0.51,0.968,0.579
252,13,25,0,0.032,0.51,0.95,0.579
252,13,25,1,0.032,0.565,0.968,0.634
252,13,25,2,0.683,0.63,0.968,0.699
252,13,26,0,0.032,0.63,0.719,0.699
252,13,26,1,0.148,0.686,0.968,0.755
252,13,27,0,0.032,0.686,0.184,0.755
252,13,27,1,0.032,0.742,0.968,0.81
252,13,27,2,0.394,0.808,0.968,0.877
252,13,28,0,0.032,0.808,0.43,0.877
252,13,28,1,0.05,0.867,0.968,0.935
253,13,29,0,0.032,0.014,0.968,0.083
253,13,29,1,0.824,0.09,0.968,0.159
253,13,30,0,0.032,0.09,0.86,0.159
253,13,30,1,0.032,0.145,0.968,0.214
253,13,30,2,0.05,0.207,0.968,0.277
253,13,31,0,0.032,0.207,0.086,0.277
253,13,31,1,0.032,0.262,0.968,0.496
253,13,31,2,0.379,0.506,0.968,0.575
253,13,32,0,0.032,0.506,0.415,0.575
253,13,32,1,0.032,0.561,0.968,0.63
253,13,32,2,0.821,0.625,0.968,0.694
253,13,33,0,0.032,0.625,0.857,0.694
253,13,33,1,0.032,0.68,0.968,0.804
253,13,33,2,0.345,0.804,0.968,0.873
253,13,34,0,0.032,0.804,0.381,0.873
253,13,34,1,0.053,0.873,0.968,0.942
254,13,35,0,0.032,0.014,0.968,0.193
254,13,35,1,0.646,0.16,0.968,0.229
254,13,36,0,0.032,0.16,0.682,0.229
254,13,36,1,0.032,0.214,0.968,0.284
254,13,36,2,0.046,0.274,0.968,0.344
254,13,37,0,0.032,0.274,0.082,0.344
254,13,37,1,0.032,0.329,0.968,0.399
254,13,37,2,0.137,0.391,0.968,0.461
254,13,38,0,0.032,0.391,0.173,0.461
254,13,38,1,0.032,0.446,0.968,0.515
254,13,38,2,0.046,0.51,0.968,0.579
254,13,39,0,0.032,0.51,0.082,0.579
254,13,39,1,0.047,0.572,0.968,0.64
254,13,40,0,0.032,0.572,0.083,0.64
254,13,40,1,0.032,0.627,0.968,0.696
254,13,40,2,0.556,0.691,0.968,0.759
254,13,41,0,0.032,0.691,0.592,0.759
254,13,41,1,0.032,0.746,0.968,0.815
254,13,41,2,0.787,0.812,0.968,0.881
254,13,42,0,0.032,0.812,0.823,0.881
254,13,42,1,0.047,0.87,0.968,0.939
255,13,43,0,0.032,0.014,0.968,0.083
255,13,43,1,0.061,0.086,0.968,0.155
255,14,1,0,0.032,0.086,0.097,0.155
255,14,1,1,0.032,0.141,0.968,0.32
255,14,1,2,0.056,0.331,0.968,0.401
255,14,2,0,0.032,0.331,0.092,0.401
255,14,2,1,0.032,0.386,0.968,0.456
255,14,2,2,0.357,0.451,0.968,0.52
255,14,3,0,0.032,0.451,0.393,0.52
255,14,3,1,0.032,0.507,0.968,0.576
255,14,3,2,0.241,0.569,0.968,0.637
255,14,4,0,0.032,0.569,0.277,0.637
255,14,4,1,0.032,0.624,0.968,0.748
255,14,4,2,0.914,0.748,0.968,0.817
255,14,5,0,0.032,0.748,0.95,0.817
255,14,5,1,0.032,0.803,0.968,0.872
255,14,5,2,0.055,0.867,0.968,0.935
256,14,6,0,0.032,0.014,0.968,0.193
256,14,6,1,0.269,0.205,0.968,0.274
256,14,7,0,0.032,0.205,0.305,0.274
256,14,7,1,0.032,0.26,0.968,0.329
256,14,7,2,0.703,0.321,0.968,0.391
256,14,8,0,0.032,0.321,0.739,0.391
256,14,8,1,0.446,0.382,0.968,0.452
256,14,9,0,0.032,0.382,0.482,0.452
256,14,9,1,0.032,0.437,0.968,0.617
256,14,9,2,0.224,0.623,0.968,0.692
256,14,10,0,0.032,0.623,0.26,0.692
256,14,10,1,0.032,0.678,0.968,0.857
256,14,10,2,0.052,0.861,0.968,0.929
257,14,11,0,0.032,0.014,0.968,0.248
257,14,11,1,0.918,0.207,0.968,0.277
257,14,12,0,0.032,0.207,0.954,0.277
257,14,12,1,0.032,0.262,0.968,0.332
257,14,12,2,0.917,0.328,0.968,0.398
257,14,13,0,0.032,0.328,0.953,0.398
257,14,13,1,0.032,0.383,0.968,0.453
257,14,13,2,0.689,0.45,0.968,0.519
257,14,14,0,0.032,0.45,0.725,0.519
257,14,14,1,0.264,0.508,0.968,0.577
257,14,15,0,0.032,0.508,0.3,0.577
257,14,15,1,0.424,0.569,0.968,0.637
257,14,16,0,0.032,0.569,0.46,0.637
257,14,16,1,0.641,0.628,0.968,0.697
257,14,17,0,0.032,0.628,0.677,0.697
257,14,17,1,0.032,0.683,0.968,0.752
257,14,17,2,0.59,0.744,0.968,0.812
257,14,18,0,0.032,0.744,0.626,0.812
257,14,18,1,0.032,0.799,0.968,0.868
257,14,18,2,0.056,0.867,0.968,0.935
258,14,19,0,0.032,0.014,0.968,0.083
258,14,19,1,0.45,0.082,0.968,0.151
258,14,20,0,0.032,0.082,0.486,0.151
258,14,20,1,0.914,0.147,0.968,0.216
258,14,21,0,0.032,0.147,0.95,0.216
258,14,21,1,0.032,0.202,0.968,0.327
258,14,21,2,0.29,0.327,0.968,0.397
258,14,22,0,0.032,0.327,0.327,0.397
258,14,22,1,0.032,0.382,0.968,0.727
258,14,22,2,0.914,0.692,0.968,0.76
258,14,23,0,0.032,0.692,0.95,0.76
258,14,23,1,0.032,0.747,0.968,0.816
258,14,23,2,0.763,0.814,0.968,0.882
258,14,24,0,0.032,0.814,0.799,0.882
258,14,24,1,0.052,0.873,0.968,0.942
259,14,25,0,0.032,0.014,0.968,0.083
259,14,25,1,0.387,0.089,0.968,0.158
259,14,26,0,0.032,0.089,0.423,0.158
259,14,26,1,0.032,0.144,0.968,0.213
259,14,26,2,0.912,0.207,0.968,0.277
259,14,27,0,0.032,0.207,0.948,0.277
259,14,27,1,0.032,0.262,0.968,0.332
259,14,27,2,0.714,0.325,0.968,0.395
259,14,28,0,0.032,0.325,0.75,0.395
259,14,28,1,0.489,0.387,0.968,0.457
259,14,29,0,0.032,0.387,0.525,0.457
259,14,29,1,0.784,0.447,0.968,0.516
259,14,30,0,0.032,0.447,0.82,0.516
259,14,30,1,0.34,0.506,0.968,0.575
259,14,31,0,0.032,0.506,0.376,0.575
259,14,31,1,0.032,0.561,0.968,0.63
259,14,31,2,0.269,0.626,0.968,0.695
259,14,32,0,0.032,0.626,0.305,0.695
259,14,32,1,0.032,0.681,0.968,0.805
259,14,32,2,0.267,0.806,0.968,0.875
259,14,33,0,0.032,0.806,0.303,0.875
259,14,33,1,0.053,0.866,0.968,0.934
260,14,34,0,0.032,0.014,0.968,0.083
260,14,34,1,0.126,0.086,0.968,0.155
260,14,35,0,0.032,0.086,0.162,0.155
260,14,35,1,0.032,0.141,0.968,0.21
260,14,35,2,0.615,0.208,0.968,0.278
260,14,36,0,0.032,0.208,0.651,0.278
260,14,36,1,0.049,0.266,0.968,0.336
260,14,37,0,0.032,0.266,0.085,0.336
260,14,37,1,0.032,0.321,0.968,0.446
260,14,37,2,0.05,0.445,0.968,0.514
260,14,38,0,0.032,0.445,0.086,0.514
260,14,38,1,0.032,0.501,0.968,0.57
260,14,38,2,0.487,0.569,0.968,0.637
260,14,39,0,0.032,0.569,0.523,0.637
260,14,39,1,0.047,0.626,0.968,0.695
260,14,40,0,0.032,0.626,0.083,0.695
260,14,40,1,0.032,0.681,0.968,0.75
260,14,40,2,0.805,0.749,0.968,0.818
260,14,41,0,0.032,0.749,0.841,0.818
260,14,41,1,0.729,0.811,0.968,0.88
260,14,42,0,0.032,0.811,0.765,0.88
260,14,42,1,0.047,0.869,0.968,0.938
261,14,43,0,0.032,0.014,0.968,0.083
261,14,43,1,0.829,0.086,0.968,0.155
261,14,44,0,0.032,0.086,0.865,0.155
261,14,44,1,0.032,0.141,0.968,0.265
261,14,44,2,0.749,0.264,0.968,0.334
261,14,45,0,0.032,0.264,0.785,0.334
261,14,45,1,0.032,0.319,0.968,0.389
261,14,45,2,0.646,0.386,0.968,0.456
261,14,46,0,0.032,0.386,0.682,0.456
261,14,46,1,0.032,0.441,0.968,0.51
261,14,46,2,0.918,0.503,0.968,0.572
261,14,47,0,0.032,0.503,0.954,0.572
261,14,47,1,0.742,0.569,0.968,0.637
261,14,48,0,0.032,0.569,0.778,0.637
261,14,48,1,0.473,0.627,0.968,0.696
261,14,49,0,0.032,0.627,0.509,0.696
261,14,49,1,0.549,0.688,0.968,0.756
261,14,50,0,0.032,0.688,0.585,0.756
261,14,50,1,0.641,0.749,0.968,0.818
261,14,51,0,0.032,0.749,0.677,0.818
261,14,51,1,0.475,0.807,0.968,0.876
261,14,52,0,0.032,0.807,0.511,0.876
261,14,52,1,0.055,0.87,0.968,0.939
262,15,1,0,0.032,0.014,0.968,0.193
262,15,1,1,0.205,0.154,0.968,0.224
262,15,2,0,0.032,0.154,0.241,0.224
262,15,2,1,0.349,0.211,0.968,0.281
262,15,3,0,0.032,0.211,0.385,0.281
262,15,3,1,0.219,0.272,0.968,0.342
262,15,4,0,0.032,0.272,0.255,0.342
262,15,4,1,0.365,0.331,0.968,0.401
262,15,5,0,0.032,0.331,0.401,0.401
262,15,5,1,0.549,0.391,0.968,0.461
262,15,6,0,0.032,0.391,0.585,0.461
262,15,6,1,0.576,0.45,0.968,0.519
262,15,7,0,0.032,0.45,0.612,0.519
262,15,7,1,0.68,0.511,0.968,0.58
262,15,8,0,0.032,0.511,0.716,0.58
262,15,8,1,0.723,0.572,0.968,0.64
262,15,9,0,0.047,0.569,0.759,0.637
262,15,10,0,0.032,0.569,0.083,0.637
262,15,10,1,0.261,0.631,0.968,0.7
262,15,11,0,0.032,0.631,0.297,0.7
262,15,11,1,0.39,0.689,0.968,0.757
262,15,12,0,0.032,0.689,0.426,0.757
262,15,12,1,0.65,0.751,0.968,0.82
262,15,13,0,0.032,0.751,0.686,0.82
262,15,13,1,0.914,0.806,0.968,0.875
262,15,14,0,0.032,0.806,0.95,0.875
262,15,14,1,0.914,0.866,0.968,0.934
262,15,15,0,0.047,0.871,0.95,0.94
263,15,16,0,0.059,0.023,0.968,0.091
263,15,17,0,0.032,0.023,0.096,0.091
263,15,17,1,0.37,0.082,0.968,0.151
263,15,18,0,0.032,0.082,0.406,0.151
263,15,18,1,0.593,0.142,0.968,0.211
263,15,19,0,0.032,0.142,0.629,0.211
263,15,19,1,0.311,0.202,0.968,0.271
263,15,20,0,0.032,0.202,0.347,0.271
263,15,20,1,0.449,0.262,0.968,0.332
263,15,21,0,0.032,0.262,0.485,0.332
263,15,21,1,0.332,0.319,0.968,0.389
263,15,22,0,0.032,0.319,0.368,0.389
263,15,22,1,0.032,0.374,0.968,0.444
263,15,22,2,0.77,0.442,0.968,0.511
263,15,23,0,0.053,0.441,0.806,0.51
263,15,24,0,0.032,0.441,0.089,0.51
263,15,24,1,0.052,0.505,0.968,0.574
263,15,25,0,0.032,0.505,0.088,0.574
263,15,25,1,0.342,0.567,0.968,0.635
263,15,26,0,0.032,0.567,0.378,0.635
263,15,26,1,0.495,0.626,0.968,0.695
263,15,27,0,0.032,0.626,0.531,0.695
263,15,27,1,0.78,0.688,0.968,0.756
263,15,28,0,0.032,0.688,0.816,0.756
263,15,28,1,0.49,0.747,0.968,0.816
263,15,29,0,0.032,0.747,0.526,0.816
263,15,29,1,0.506,0.807,0.968,0.876
263,15,30,0,0.032,0.807,0.542,0.876
263,15,30,1,0.79,0.866,0.968,0.934
263,15,31,0,0.055,0.868,0.826,0.936
264,15,32,0,0.236,0.025,0.968,0.095
264,15,33,0,0.032,0.025,0.272,0.095
264,15,33,1,0.108,0.085,0.968,0.154
264,15,34,0,0.032,0.085,0.144,0.154
264,15,34,1,0.517,0.144,0.968,0.213
264,15,35,0,0.032,0.144,0.553,0.213
264,15,35,1,0.822,0.204,0.968,0.273
264,15,36,0,0.204,0.202,0.858,0.271
264,15,37,0,0.032,0.202,0.24,0.271
264,15,37,1,0.692,0.264,0.968,0.334
264,15,38,0,0.227,0.262,0.728,0.332
264,15,39,0,0.032,0.262,0.263,0.332
264,15,39,1,0.047,0.322,0.968,0.392
264,15,40,0,0.032,0.322,0.083,0.392
264,15,40,1,0.391,0.383,0.968,0.453
264,15,41,0,0.032,0.383,0.427,0.453
264,15,41,1,0.751,0.446,0.968,0.515
264,15,42,0,0.032,0.446,0.787,0.515
264,15,42,1,0.58,0.505,0.968,0.574
264,15,43,0,0.047,0.505,0.616,0.574
264,15,44,0,0.032,0.505,0.083,0.574
264,15,44,1,0.139,0.565,0.968,0.633
264,15,45,0,0.032,0.565,0.175,0.633
264,15,45,1,0.481,0.626,0.968,0.695
264,15,46,0,0.049,0.624,0.517,0.693
264,15,47,0,0.032,0.624,0.085,0.693
264,15,47,1,0.032,0.679,0.968,0.748
264,15,47,2,0.914,0.744,0.968,0.812
264,15,48,0,0.047,0.747,0.95,0.816
264,15,49,0,0.032,0.747,0.083,0.816
264,15,49,1,0.269,0.805,0.968,0.874
264,15,50,0,0.032,0.805,0.305,0.874
264,15,50,1,0.56,0.866,0.968,0.934
264,15,51,0,0.052,0.869,0.596,0.938
265,15,52,0,0.146,0.024,0.968,0.093
265,15,53,0,0.032,0.024,0.182,0.093
265,15,53,1,0.416,0.085,0.968,0.154
265,15,54,0,0.032,0.085,0.452,0.154
265,15,54,1,0.411,0.145,0.968,0.214
265,15,55,0,0.032,0.145,0.448,0.214
265,15,55,1,0.514,0.206,0.968,0.275
265,15,56,0,0.032,0.206,0.55,0.275
265,15,56,1,0.571,0.263,0.968,0.333
265,15,57,0,0.032,0.263,0.607,0.333
265,15,57,1,0.918,0.323,0.968,0.393
265,15,58,0,0.28,0.323,0.954,0.393
265,15,59,0,0.032,0.323,0.316,0.393
265,15,59,1,0.495,0.386,0.968,0.456
265,15,60,0,0.032,0.386,0.531,0.456
265,15,60,1,0.711,0.446,0.968,0.515
265,15,61,0,0.134,0.446,0.747,0.515
265,15,62,0,0.032,0.446,0.17,0.515
265,15,62,1,0.56,0.505,0.968,0.574
265,15,63,0,0.032,0.505,0.596,0.574
265,15,63,1,0.756,0.567,0.968,0.635
265,15,64,0,0.149,0.566,0.792,0.634
265,15,65,0,0.032,0.566,0.185,0.634
265,15,65,1,0.032,0.621,0.968,0.69
265,15,65,2,0.546,0.689,0.968,0.757
265,15,66,0,0.032,0.689,0.582,0.757
265,15,66,1,0.41,0.751,0.968,0.82
265,15,67,0,0.032,0.751,0.446,0.82
265,15,67,1,0.754,0.807,0.968,0.876
265,15,68,0,0.143,0.807,0.79,0.876
265,15,69,0,0.032,0.807,0.179,0.876
265,15,69,1,0.661,0.867,0.968,0.935
265,15,70,0,0.049,0.869,0.697,0.938
266,15,71,0,0.416,0.023,0.968,0.091
266,15,72,0,0.032,0.023,0.452,0.091
266,15,72,1,0.785,0.084,0.968,0.153
266,15,73,0,0.283,0.084,0.821,0.153
266,15,74,0,0.032,0.084,0.319,0.153
266,15,74,1,0.239,0.144,0.968,0.213
266,15,75,0,0.032,0.144,0.275,0.213
266,15,75,1,0.63,0.207,0.968,0.276
266,15,76,0,0.239,0.204,0.666,0.273
266,15,77,0,0.032,0.204,0.275,0.273
266,15,77,1,0.675,0.264,0.968,0.334
266,15,78,0,0.05,0.262,0.711,0.332
266,15,79,0,0.032,0.262,0.086,0.332
266,15,79,1,0.379,0.323,0.968,0.393
266,15,80,0,0.032,0.323,0.415,0.393
266,15,80,1,0.649,0.387,0.968,0.457
266,15,81,0,0.032,0.387,0.685,0.457
266,15,81,1,0.915,0.447,0.968,0.516
266,15,82,0,0.202,0.444,0.951,0.513
266,15,83,0,0.032,0.444,0.238,0.513
266,15,83,1,0.621,0.508,0.968,0.577
266,15,84,0,0.049,0.506,0.657,0.575
266,15,85,0,0.032,0.506,0.085,0.575
266,15,85,1,0.032,0.561,0.968,0.63
266,15,85,2,0.286,0.63,0.968,0.699
266,15,86,0,0.032,0.63,0.322,0.699
266,15,86,1,0.712,0.689,0.968,0.757
266,15,87,0,0.032,0.689,0.748,0.757
266,15,87,1,0.816,0.752,0.968,0.821
266,15,88,0,0.032,0.752,0.852,0.821
266,15,88,1,0.221,0.81,0.968,0.879
266,15,89,0,0.032,0.81,0.257,0.879
266,15,89,1,0.579,0.869,0.968,0.938
266,15,90,0,0.058,0.872,0.615,0.941
267,15,91,0,0.421,0.023,0.968,0.091
267,15,92,0,0.032,0.023,0.457,0.091
267,15,92,1,0.802,0.084,0.968,0.153
267,15,93,0,0.446,0.083,0.838,0.152
267,15,94,0,0.032,0.083,0.482,0.152
267,15,94,1,0.697,0.144,0.968,0.213
267,15,95,0,0.18,0.144,0.733,0.213
267,15,96,0,0.032,0.144,0.216,0.213
267,15,96,1,0.204,0.203,0.968,0.272
267,15,97,0,0.032,0.203,0.24,0.272
267,15,97,1,0.43,0.262,0.968,0.332
267,15,98,0,0.032,0.262,0.466,0.332
267,15,98,1,0.691,0.322,0.968,0.392
267,15,99,0,0.066,0.323,0.727,0.393
267,16,1,0,0.032,0.323,0.102,0.393
267,16,1,1,0.032,0.378,0.968,0.557
267,16,1,2,0.917,0.565,0.968,0.633
267,16,2,0,0.032,0.565,0.953,0.633
267,16,2,1,0.315,0.624,0.968,0.693
267,16,3,0,0.032,0.624,0.351,0.693
267,16,3,1,0.174,0.684,0.968,0.753
267,16,4,0,0.032,0.684,0.21,0.753
267,16,4,1,0.196,0.745,0.968,0.814
267,16,5,0,0.032,0.745,0.232,0.814
267,16,5,1,0.032,0.8,0.968,0.869
267,16,5,2,0.917,0.867,0.968,0.935
267,16,6,0,0.052,0.866,0.953,0.934
268,16,7,0,0.032,0.014,0.968,0.083
268,16,7,1,0.295,0.087,0.968,0.156
268,16,8,0,0.032,0.087,0.331,0.156
268,16,8,1,0.047,0.146,0.968,0.215
268,16,9,0,0.032,0.146,0.083,0.215
268,16,9,1,0.032,0.201,0.968,0.271
268,16,9,2,0.757,0.265,0.968,0.335
268,16,10,0,0.032,0.265,0.793,0.335
268,16,10,1,0.244,0.325,0.968,0.395
268,16,11,0,0.032,0.325,0.28,0.395
268,16,11,1,0.032,0.38,0.968,0.45
268,16,11,2,0.049,0.445,0.968,0.514
268,16,12,0,0.032,0.445,0.085,0.514
268,16,12,1,0.032,0.501,0.968,0.625
268,16,12,2,0.914,0.627,0.968,0.696
268,16,13,0,0.032,0.627,0.95,0.696
268,16,13,1,0.256,0.685,0.968,0.754
268,16,14,0,0.032,0.685,0.292,0.754
268,16,14,1,0.032,0.741,0.968,0.865
268,16,14,2,0.05,0.867,0.968,0.935
269,16,15,0,0.032,0.014,0.968,0.083
269,16,15,1,0.615,0.085,0.968,0.154
269,16,16,0,0.032,0.085,0.651,0.154
269,16,16,1,0.921,0.144,0.968,0.213
269,16,17,0,0.123,0.146,0.958,0.215
269,16,18,0,0.032,0.146,0.159,0.215
269,16,18,1,0.05,0.205,0.968,0.274
269,16,19,0,0.032,0.205,0.086,0.274
269,16,19,1,0.309,0.266,0.968,0.336
269,16,20,0,0.032,0.266,0.345,0.336
269,16,20,1,0.222,0.328,0.968,0.398
269,16,21,0,0.032,0.328,0.258,0.398
269,16,21,1,0.337,0.388,0.968,0.458
269,16,22,0,0.032,0.388,0.373,0.458
269,16,22,1,0.032,0.443,0.968,0.512
269,16,22,2,0.918,0.51,0.968,0.579
269,16,23,0,0.032,0.51,0.954,0.579
269,16,23,1,0.537,0.571,0.968,0.639
269,16,24,0,0.032,0.571,0.573,0.639
269,16,24,1,0.504,0.63,0.968,0.699
269,16,25,0,0.032,0.63,0.54,0.699
269,16,25,1,0.032,0.685,0.968,0.754
269,16,25,2,0.604,0.752,0.968,0.821
269,16,26,0,0.032,0.752,0.64,0.821
269,16,26,1,0.032,0.807,0.968,0.876
269,16,26,2,0.055,0.873,0.968,0.942
270,16,27,0,0.032,0.014,0.968,0.138
270,16,27,1,0.421,0.145,0.968,0.214
270,16,28,0,0.032,0.145,0.457,0.214
270,16,28,1,0.032,0.2,0.968,0.27
270,16,28,2,0.382,0.263,0.968,0.333
270,16,29,0,0.032,0.263,0.418,0.333
270,16,29,1,0.198,0.325,0.968,0.395
270,16,30,0,0.032,0.325,0.233,0.395
270,16,30,1,0.032,0.38,0.968,0.504
270,16,30,2,0.92,0.505,0.968,0.574
270,16,31,0,0.032,0.505,0.956,0.574
270,16,31,1,0.241,0.564,0.968,0.632
270,16,32,0,0.032,0.564,0.277,0.632
270,16,32,1,0.032,0.619,0.968,0.688
270,16,32,2,0.68,0.684,0.968,0.753
270,16,33,0,0.032,0.684,0.716,0.753
270,16,33,1,0.032,0.74,0.968,0.808
270,16,33,2,0.23,0.807,0.968,0.876
270,16,34,0,0.032,0.807,0.266,0.876
270,16,34,1,0.05,0.87,0.968,0.939
271,16,35,0,0.032,0.014,0.968,0.248
271,16,35,1,0.918,0.207,0.968,0.276
271,16,36,0,0.032,0.207,0.954,0.276
271,16,36,1,0.032,0.262,0.968,0.386
271,16,36,2,0.45,0.387,0.968,0.457
271,16,37,0,0.032,0.387,0.486,0.457
271,16,37,1,0.052,0.445,0.968,0.514
271,16,38,0,0.032,0.445,0.088,0.514
271,16,38,1,0.032,0.501,0.968,0.57
271,16,38,2,0.052,0.568,0.968,0.636
271,16,39,0,0.032,0.568,0.088,0.636
271,16,39,1,0.032,0.623,0.968,0.692
271,16,39,2,0.647,0.689,0.968,0.757
271,16,40,0,0.032,0.689,0.683,0.757
271,16,40,1,0.683,0.749,0.968,0.818
271,16,41,0,0.032,0.749,0.719,0.818
271,16,41,1,0.032,0.804,0.968,0.873
271,16,41,2,0.787,0.869,0.968,0.938
271,16,42,0,0.059,0.869,0.823,0.938
272,16,43,0,0.032,0.014,0.968,0.083
272,16,43,1,0.5,0.085,0.968,0.154
272,16,44,0,0.032,0.085,0.536,0.154
272,16,44,1,0.032,0.14,0.968,0.209
272,16,44,2,0.914,0.206,0.968,0.275
272,16,45,0,0.032,0.206,0.95,0.275
272,16,45,1,0.232,0.263,0.968,0.333
272,16,46,0,0.032,0.263,0.268,0.333
272,16,46,1,0.439,0.324,0.968,0.394
272,16,47,0,0.032,0.324,0.475,0.394
272,16,47,1,0.588,0.386,0.968,0.456
272,16,48,0,0.032,0.386,0.624,0.456
272,16,48,1,0.032,0.441,0.968,0.51
272,16,48,2,0.911,0.508,0.968,0.577
272,16,49,0,0.032,0.508,0.947,0.577
272,16,49,1,0.415,0.566,0.968,0.634
272,16,50,0,0.032,0.566,0.451,0.634
272,16,50,1,0.543,0.63,0.968,0.699
272,16,51,0,0.032,0.63,0.579,0.699
272,16,51,1,0.29,0.686,0.968,0.755
272,16,52,0,0.032,0.686,0.327,0.755
272,16,52,1,0.249,0.749,0.968,0.818
272,16,53,0,0.032,0.749,0.285,0.818
272,16,53,1,0.108,0.805,0.968,0.874
272,16,54,0,0.032,0.805,0.144,0.874
272,16,54,1,0.05,0.867,0.968,0.935
273,16,55,0,0.182,0.03,0.968,0.099
273,16,56,0,0.032,0.03,0.218,0.099
273,16,56,1,0.032,0.085,0.968,0.154
273,16,56,2,0.802,0.148,0.968,0.217
273,16,57,0,0.032,0.148,0.838,0.217
273,16,57,1,0.92,0.21,0.968,0.28
273,16,58,0,0.032,0.21,0.956,0.28
273,16,58,1,0.92,0.268,0.968,0.338
273,16,59,0,0.032,0.268,0.956,0.338
273,16,59,1,0.303,0.325,0.968,0.395
273,16,60,0,0.032,0.325,0.339,0.395
273,16,60,1,0.032,0.38,0.968,0.45
273,16,60,2,0.92,0.449,0.968,0.518
273,16,61,0,0.032,0.449,0.956,0.518
273,16,61,1,0.032,0.505,0.968,0.574
273,16,61,2,0.556,0.568,0.968,0.636
273,16,62,0,0.032,0.568,0.592,0.636
273,16,62,1,0.032,0.623,0.968,0.692
273,16,62,2,0.542,0.686,0.968,0.755
273,16,63,0,0.032,0.686,0.578,0.755
273,16,63,1,0.032,0.742,0.968,0.81
273,16,63,2,0.717,0.808,0.968,0.877
273,16,64,0,0.032,0.808,0.753,0.877
273,16,64,1,0.058,0.867,0.968,0.935
274,16,65,0,0.032,0.014,0.968,0.083
274,16,65,1,0.625,0.091,0.968,0.161
274,16,66,0,0.032,0.091,0.661,0.161
274,16,66,1,0.047,0.152,0.968,0.222
274,16,67,0,0.032,0.152,0.083,0.222
274,16,67,1,0.032,0.207,0.968,0.277
274,16,67,2,0.352,0.27,0.968,0.34
274,16,68,0,0.032,0.27,0.389,0.34
274,16,68,1,0.143,0.33,0.968,0.4
274,16,69,0,0.032,0.33,0.179,0.4
274,16,69,1,0.032,0.385,0.968,0.509
274,16,69,2,0.777,0.507,0.968,0.576
274,16,70,0,0.032,0.507,0.813,0.576
274,16,70,1,0.122,0.569,0.968,0.637
274,16,71,0,0.032,0.569,0.158,0.637
274,16,71,1,0.032,0.624,0.968,0.748
274,16,71,2,0.639,0.747,0.968,0.816
274,16,72,0,0.032,0.747,0.675,0.816
274,16,72,1,0.032,0.802,0.968,0.871
274,16,72,2,0.052,0.869,0.968,0.938
275,16,73,0,0.032,0.014,0.968,0.083
275,16,73,1,0.452,0.086,0.968,0.155
275,16,74,0,0.032,0.086,0.488,0.155
275,16,74,1,0.467,0.145,0.968,0.214
275,16,75,0,0.032,0.145,0.503,0.214
275,16,75,1,0.032,0.2,0.968,0.325
275,16,75,2,0.49,0.325,0.968,0.395
275,16,76,0,0.032,0.325,0.526,0.395
275,16,76,1,0.032,0.38,0.968,0.504
275,16,76,2,0.216,0.507,0.968,0.576
275,16,77,0,0.032,0.507,0.252,0.576
275,16,77,1,0.032,0.562,0.968,0.631
275,16,77,2,0.126,0.629,0.968,0.698
275,16,78,0,0.032,0.629,0.162,0.698
275,16,78,1,0.032,0.684,0.968,0.808
275,16,78,2,0.918,0.805,0.968,0.874
275,16,79,0,0.032,0.805,0.954,0.874
275,16,79,1,0.055,0.869,0.968,0.938
276,16,80,0,0.032,0.014,0.968,0.193
276,16,80,1,0.911,0.204,0.968,0.273
276,16,81,0,0.032,0.204,0.947,0.273
276,16,81,1,0.032,0.259,0.968,0.383
276,16,81,2,0.394,0.383,0.968,0.453
276,16,82,0,0.032,0.383,0.43,0.453
276,16,82,1,0.686,0.444,0.968,0.513
276,16,83,0,0.032,0.444,0.722,0.513
276,16,83,1,0.438,0.504,0.968,0.573
276,16,84,0,0.032,0.504,0.474,0.573
276,16,84,1,0.032,0.559,0.968,0.628
276,16,84,2,0.914,0.627,0.968,0.696
276,16,85,0,0.032,0.627,0.95,0.696
276,16,85,1,0.728,0.683,0.968,0.752
276,16,86,0,0.032,0.683,0.764,0.752
276,16,86,1,0.032,0.739,0.968,0.807
276,16,86,2,0.159,0.805,0.968,0.874
276,16,87,0,0.032,0.805,0.195,0.874
276,16,87,1,0.047,0.865,0.968,0.933
277,16,88,0,0.032,0.014,0.968,0.083
277,16,88,1,0.352,0.089,0.968,0.158
277,16,89,0,0.032,0.089,0.389,0.158
277,16,89,1,0.032,0.144,0.968,0.268
277,16,89,2,0.458,0.268,0.968,0.338
277,16,90,0,0.032,0.268,0.494,0.338
277,16,90,1,0.032,0.323,0.968,0.448
277,16,90,2,0.918,0.45,0.968,0.519
277,16,91,0,0.032,0.45,0.954,0.519
277,16,91,1,0.032,0.506,0.968,0.575
277,16,91,2,0.515,0.57,0.968,0.638
277,16,92,0,0.032,0.57,0.551,0.638
277,16,92,1,0.032,0.625,0.968,0.749
277,16,92,2,0.053,0.753,0.968,0.822
277,16,93,0,0.032,0.753,0.089,0.822
277,16,93,1,0.032,0.808,0.968,0.877
277,16,93,2,0.052,0.874,0.968,0.943
278,16,94,0,0.032,0.014,0.968,0.138
278,16,94,1,0.797,0.15,0.968,0.22
278,16,95,0,0.032,0.15,0.834,0.22
278,16,95,1,0.325,0.208,0.968,0.278
278,16,96,0,0.032,0.208,0.361,0.278
278,16,96,1,0.032,0.263,0.968,0.333
278,16,96,2,0.539,0.329,0.968,0.399
278,16,97,0,0.032,0.329,0.575,0.399
278,16,97,1,0.032,0.384,0.968,0.454
278,16,97,2,0.314,0.451,0.968,0.52
278,16,98,0,0.032,0.451,0.35,0.52
278,16,98,1,0.348,0.513,0.968,0.582
278,16,99,0,0.032,0.513,0.384,0.582
278,16,99,1,0.139,0.571,0.968,0.639
278,16,100,0,0.032,0.571,0.175,0.639
278,16,100,1,0.032,0.626,0.968,0.695
278,16,100,2,0.912,0.694,0.968,0.762
278,16,101,0,0.032,0.694,0.948,0.762
278,16,101,1,0.032,0.749,0.968,0.818
278,16,101,2,0.914,0.812,0.968,0.881
278,16,102,0,0.032,0.812,0.95,0.881
278,16,102,1,0.058,0.873,0.968,0.942
279,16,103,0,0.032,0.014,0.968,0.138
279,16,103,1,0.794,0.15,0.968,0.22
279,16,104,0,0.032,0.15,0.83,0.22
279,16,104,1,0.512,0.209,0.968,0.279
279,16,105,0,0.032,0.209,0.548,0.279
279,16,105,1,0.032,0.264,0.968,0.334
279,16,105,2,0.917,0.331,0.968,0.401
279,16,106,0,0.032,0.331,0.953,0.401
279,16,106,1,0.032,0.386,0.968,0.456
279,16,106,2,0.055,0.451,0.968,0.52
279,16,107,0,0.032,0.451,0.091,0.52
279,16,107,1,0.032,0.507,0.968,0.576
279,16,107,2,0.21,0.572,0.968,0.64
279,16,108,0,0.032,0.572,0.246,0.64
279,16,108,1,0.032,0.627,0.968,0.696
279,16,108,2,0.427,0.692,0.968,0.76
279,16,109,0,0.032,0.692,0.463,0.76
279,16,109,1,0.39,0.753,0.968,0.822
279,16,110,0,0.032,0.753,0.426,0.822
279,16,110,1,0.032,0.808,0.968,0.877
279,16,110,2,0.058,0.873,0.968,0.942
280,16,111,0,0.032,0.014,0.968,0.083
280,16,111,1,0.309,0.09,0.968,0.159
280,16,112,0,0.032,0.09,0.345,0.159
280,16,112,1,0.032,0.145,0.968,0.269
280,16,112,2,0.151,0.266,0.968,0.336
280,16,113,0,0.032,0.266,0.187,0.336
280,16,113,1,0.032,0.321,0.968,0.391
280,16,113,2,0.725,0.386,0.968,0.456
280,16,114,0,0.032,0.386,0.761,0.456
280,16,114,1,0.052,0.446,0.968,0.515
280,16,115,0,0.032,0.446,0.088,0.515
280,16,115,1,0.032,0.502,0.968,0.626
280,16,115,2,0.613,0.627,0.968,0.696
280,16,116,0,0.032,0.627,0.649,0.696
280,16,116,1,0.032,0.682,0.968,0.751
280,16,116,2,0.212,0.746,0.968,0.815
280,16,117,0,0.032,0.746,0.247,0.815
280,16,117,1,0.666,0.805,0.968,0.874
280,16,118,0,0.032,0.805,0.702,0.874
280,16,118,1,0.049,0.867,0.968,0.935
281,16,119,0,0.032,0.014,0.968,0.083
281,16,119,1,0.05,0.086,0.968,0.155
281,16,120,0,0.032,0.086,0.086,0.155
281,16,120,1,0.032,0.141,0.968,0.21
281,16,120,2,0.918,0.204,0.968,0.273
281,16,121,0,0.032,0.204,0.954,0.273
281,16,121,1,0.918,0.262,0.968,0.332
281,16,122,0,0.032,0.262,0.954,0.332
281,16,122,1,0.918,0.325,0.968,0.395
281,16,123,0,0.032,0.325,0.954,0.395
281,16,123,1,0.608,0.386,0.968,0.456
281,16,124,0,0.032,0.386,0.644,0.456
281,16,124,1,0.032,0.441,0.968,0.51
281,16,124,2,0.534,0.508,0.968,0.577
281,16,125,0,0.032,0.508,0.57,0.577
281,16,125,1,0.032,0.563,0.968,0.632
281,16,125,2,0.052,0.629,0.968,0.698
281,16,126,0,0.032,0.629,0.088,0.698
281,16,126,1,0.032,0.684,0.968,0.753
281,16,126,2,0.542,0.749,0.968,0.818
281,16,127,0,0.032,0.749,0.578,0.818
281,16,127,1,0.032,0.804,0.968,0.873
281,16,127,2,0.917,0.87,0.968,0.939
281,16,128,0,0.055,0.872,0.953,0.941
282,17,1,0,0.032,0.014,0.968,0.303
282,17,1,1,0.576,0.269,0.968,0.339
282,17,2,0,0.032,0.269,0.612,0.339
282,17,2,1,0.049,0.329,0.968,0.399
282,17,3,0,0.032,0.329,0.085,0.399
282,17,3,1,0.047,0.392,0.968,0.462
282,17,4,0,0.032,0.392,0.083,0.462
282,17,4,1,0.032,0.447,0.968,0.516
282,17,4,2,0.459,0.509,0.968,0.578
282,17,5,0,0.032,0.509,0.495,0.578
282,17,5,1,0.032,0.564,0.968,0.633
282,17,5,2,0.565,0.629,0.968,0.698
282,17,6,0,0.032,0.629,0.601,0.698
282,17,6,1,0.049,0.695,0.968,0.763
282,17,7,0,0.032,0.695,0.085,0.763
282,17,7,1,0.032,0.75,0.968,0.874
282,17,7,2,0.053,0.874,0.968,0.943
283,17,8,0,0.032,0.014,0.968,0.083
283,17,8,1,0.799,0.086,0.968,0.155
283,17,9,0,0.032,0.086,0.835,0.155
283,17,9,1,0.052,0.149,0.968,0.218
283,17,10,0,0.032,0.149,0.088,0.218
283,17,10,1,0.052,0.207,0.968,0.277
283,17,11,0,0.032,0.207,0.088,0.277
283,17,11,1,0.052,0.268,0.968,0.338
283,17,12,0,0.032,0.268,0.088,0.338
283,17,12,1,0.032,0.323,0.968,0.448
283,17,12,2,0.182,0.448,0.968,0.517
283,17,13,0,0.032,0.448,0.218,0.517
283,17,13,1,0.032,0.504,0.968,0.573
283,17,13,2,0.706,0.567,0.968,0.635
283,17,14,0,0.032,0.567,0.742,0.635
283,17,14,1,0.92,0.629,0.968,0.698
283,17,15,0,0.032,0.629,0.956,0.698
283,17,15,1,0.032,0.684,0.968,0.753
283,17,15,2,0.818,0.752,0.968,0.821
283,17,16,0,0.032,0.752,0.854,0.821
283,17,16,1,0.363,0.811,0.968,0.88
283,17,17,0,0.032,0.811,0.399,0.88
283,17,17,1,0.052,0.872,0.968,0.941
284,17,18,0,0.032,0.014,0.968,0.083
284,17,18,1,0.229,0.08,0.968,0.149
284,17,19,0,0.032,0.08,0.265,0.149
284,17,19,1,0.032,0.135,0.968,0.204
284,17,19,2,0.627,0.2,0.968,0.269
284,17,20,0,0.032,0.2,0.663,0.269
284,17,20,1,0.346,0.261,0.968,0.331
284,17,21,0,0.032,0.261,0.382,0.331
284,17,21,1,0.032,0.316,0.968,0.386
284,17,21,2,0.914,0.379,0.968,0.449
284,17,22,0,0.047,0.384,0.95,0.454
284,17,23,0,0.032,0.384,0.083,0.454
284,17,23,1,0.032,0.439,0.968,0.564
284,17,23,2,0.188,0.569,0.968,0.637
284,17,24,0,0.032,0.569,0.224,0.637
284,17,24,1,0.032,0.624,0.968,0.693
284,17,24,2,0.811,0.683,0.968,0.752
284,17,25,0,0.032,0.683,0.848,0.752
284,17,25,1,0.411,0.749,0.968,0.818
284,17,26,0,0.032,0.749,0.448,0.818
284,17,26,1,0.233,0.809,0.968,0.878
284,17,27,0,0.032,0.809,0.269,0.878
284,17,27,1,0.05,0.875,0.968,0.944
285,17,28,0,0.032,0.014,0.968,0.083
285,17,28,1,0.807,0.083,0.968,0.152
285,17,29,0,0.032,0.083,0.843,0.152
285,17,29,1,0.404,0.143,0.968,0.212
285,17,30,0,0.032,0.143,0.44,0.212
285,17,30,1,0.201,0.203,0.968,0.272
285,17,31,0,0.032,0.203,0.237,0.272
285,17,31,1,0.032,0.258,0.968,0.327
285,17,31,2,0.708,0.327,0.968,0.397
285,17,32,0,0.032,0.327,0.744,0.397
285,17,32,1,0.811,0.385,0.968,0.455
285,17,33,0,0.032,0.385,0.848,0.455
285,17,33,1,0.032,0.44,0.968,0.509
285,17,33,2,0.501,0.507,0.968,0.576
285,17,34,0,0.032,0.507,0.537,0.576
285,17,34,1,0.032,0.562,0.968,0.631
285,17,34,2,0.811,0.628,0.968,0.697
285,17,35,0,0.032,0.628,0.848,0.697
285,17,35,1,0.539,0.689,0.968,0.757
285,17,36,0,0.032,0.689,0.575,0.757
285,17,36,1,0.053,0.748,0.968,0.817
285,17,37,0,0.032,0.748,0.089,0.817
285,17,37,1,0.032,0.803,0.968,0.872
285,17,37,2,0.725,0.869,0.968,0.938
285,17,38,0,0.052,0.87,0.761,0.939
286,17,39,0,0.032,0.014,0.968,0.083
286,17,39,1,0.349,0.087,0.968,0.156
286,17,40,0,0.032,0.087,0.385,0.156
286,17,40,1,0.049,0.148,0.968,0.217
286,17,41,0,0.032,0.148,0.085,0.217
286,17,41,1,0.05,0.208,0.968,0.278
286,17,42,0,0.032,0.208,0.086,0.278
286,17,42,1,0.032,0.263,0.968,0.333
286,17,42,2,0.915,0.327,0.968,0.397
286,17,43,0,0.286,0.33,0.951,0.4
286,17,44,0,0.032,0.33,0.322,0.4
286,17,44,1,0.032,0.385,0.968,0.455
286,17,44,2,0.238,0.452,0.968,0.521
286,17,45,0,0.032,0.452,0.274,0.521
286,17,45,1,0.032,0.508,0.968,0.577
286,17,45,2,0.799,0.569,0.968,0.637
286,17,46,0,0.032,0.569,0.835,0.637
286,17,46,1,0.032,0.624,0.968,0.693
286,17,46,2,0.915,0.69,0.968,0.758
286,17,47,0,0.032,0.69,0.951,0.758
286,17,47,1,0.151,0.754,0.968,0.823
286,17,48,0,0.032,0.754,0.187,0.823
286,17,48,1,0.049,0.815,0.968,0.883
286,17,49,0,0.032,0.815,0.085,0.883
286,17,49,1,0.049,0.874,0.968,0.943
287,17,50,0,0.463,0.019,0.968,0.088
287,17,51,0,0.032,0.019,0.499,0.088
287,17,51,1,0.032,0.075,0.968,0.199
287,17,51,2,0.689,0.201,0.968,0.27
287,17,52,0,0.032,0.201,0.725,0.27
287,17,52,1,0.492,0.262,0.968,0.332
287,17,53,0,0.032,0.262,0.528,0.332
287,17,53,1,0.032,0.317,0.968,0.387
287,17,53,2,0.752,0.384,0.968,0.454
287,17,54,0,0.032,0.384,0.788,0.454
287,17,54,1,0.247,0.444,0.968,0.513
287,17,55,0,0.032,0.444,0.283,0.513
287,17,55,1,0.032,0.499,0.968,0.569
287,17,55,2,0.628,0.568,0.968,0.636
287,17,56,0,0.032,0.568,0.664,0.636
287,17,56,1,0.241,0.627,0.968,0.696
287,17,57,0,0.032,0.627,0.277,0.696
287,17,57,1,0.032,0.682,0.968,0.751
287,17,57,2,0.053,0.75,0.968,0.819
287,17,58,0,0.032,0.75,0.089,0.819
287,17,58,1,0.032,0.805,0.968,0.874
287,17,58,2,0.052,0.871,0.968,0.94
288,17,59,0,0.032,0.014,0.968,0.138
288,17,59,1,0.739,0.148,0.968,0.217
288,17,60,0,0.032,0.148,0.775,0.217
288,17,60,1,0.032,0.203,0.968,0.273
288,17,60,2,0.049,0.265,0.968,0.335
288,17,61,0,0.032,0.265,0.085,0.335
288,17,61,1,0.032,0.32,0.968,0.39
288,17,61,2,0.419,0.385,0.968,0.455
288,17,62,0,0.032,0.385,0.455,0.455
288,17,62,1,0.032,0.44,0.968,0.509
288,17,62,2,0.625,0.506,0.968,0.575
288,17,63,0,0.032,0.506,0.661,0.575
288,17,63,1,0.428,0.567,0.968,0.635
288,17,64,0,0.032,0.567,0.465,0.635
288,17,64,1,0.032,0.622,0.968,0.746
288,17,64,2,0.818,0.75,0.968,0.819
288,17,65,0,0.032,0.75,0.854,0.819
288,17,65,1,0.636,0.807,0.968,0.876
288,17,66,0,0.032,0.807,0.672,0.876
288,17,66,1,0.053,0.868,0.968,0.936
289,17,67,0,0.032,0.014,0.968,0.083
289,17,67,1,0.348,0.092,0.968,0.162
289,17,68,0,0.032,0.092,0.384,0.162
289,17,68,1,0.032,0.147,0.968,0.216
289,17,68,2,0.763,0.212,0.968,0.282
289,17,69,0,0.032,0.212,0.799,0.282
289,17,69,1,0.032,0.267,0.968,0.337
289,17,69,2,0.605,0.331,0.968,0.401
289,17,70,0,0.032,0.331,0.641,0.401
289,17,70,1,0.032,0.386,0.968,0.456
289,17,70,2,0.438,0.451,0.968,0.52
289,17,71,0,0.032,0.451,0.474,0.52
289,17,71,1,0.032,0.507,0.968,0.576
289,17,71,2,0.391,0.572,0.968,0.64
289,17,72,0,0.032,0.572,0.427,0.64
289,17,72,1,0.258,0.631,0.968,0.7
289,17,73,0,0.032,0.631,0.294,0.7
289,17,73,1,0.032,0.686,0.968,0.755
289,17,73,2,0.539,0.751,0.968,0.82
289,17,74,0,0.032,0.751,0.575,0.82
289,17,74,1,0.443,0.808,0.968,0.877
289,17,75,0,0.032,0.808,0.479,0.877
289,17,75,1,0.053,0.868,0.968,0.936
290,17,76,0,0.032,0.014,0.968,0.083
290,17,76,1,0.29,0.083,0.968,0.152
290,17,77,0,0.032,0.083,0.327,0.152
290,17,77,1,0.1,0.142,0.968,0.211
290,17,78,0,0.032,0.142,0.136,0.211
290,17,78,1,0.032,0.197,0.968,0.266
290,17,78,2,0.455,0.265,0.968,0.335
290,17,79,0,0.032,0.265,0.491,0.335
290,17,79,1,0.188,0.323,0.968,0.393
290,17,80,0,0.032,0.323,0.224,0.393
290,17,80,1,0.032,0.378,0.968,0.448
290,17,80,2,0.568,0.446,0.968,0.515
290,17,81,0,0.032,0.446,0.604,0.515
290,17,81,1,0.567,0.507,0.968,0.576
290,17,82,0,0.032,0.507,0.603,0.576
290,17,82,1,0.137,0.566,0.968,0.634
290,17,83,0,0.032,0.566,0.173,0.634
290,17,83,1,0.032,0.621,0.968,0.69
290,17,83,2,0.915,0.686,0.968,0.755
290,17,84,0,0.032,0.686,0.951,0.755
290,17,84,1,0.821,0.748,0.968,0.817
290,17,85,0,0.032,0.748,0.857,0.817
290,17,85,1,0.405,0.807,0.968,0.876
290,17,86,0,0.032,0.807,0.441,0.876
290,17,86,1,0.047,0.868,0.968,0.936
291,17,87,0,0.095,0.021,0.968,0.089
291,17,88,0,0.032,0.021,0.131,0.089
291,17,88,1,0.032,0.076,0.968,0.145
291,17,88,2,0.134,0.144,0.968,0.213
291,17,89,0,0.032,0.144,0.17,0.213
291,17,89,1,0.032,0.199,0.968,0.269
291,17,89,2,0.694,0.262,0.968,0.332
291,17,90,0,0.032,0.262,0.73,0.332
291,17,90,1,0.691,0.324,0.968,0.394
291,17,91,0,0.032,0.324,0.727,0.394
291,17,91,1,0.432,0.381,0.968,0.451
291,17,92,0,0.032,0.381,0.468,0.451
291,17,92,1,0.055,0.444,0.968,0.513
291,17,93,0,0.032,0.444,0.091,0.513
291,17,93,1,0.032,0.499,0.968,0.624
291,17,93,2,0.588,0.625,0.968,0.694
291,17,94,0,0.032,0.625,0.624,0.694
291,17,94,1,0.241,0.686,0.968,0.755
291,17,95,0,0.032,0.686,0.277,0.755
291,17,95,1,0.032,0.742,0.968,0.81
291,17,95,2,0.401,0.804,0.968,0.873
291,17,96,0,0.032,0.804,0.437,0.873
291,17,96,1,0.052,0.871,0.968,0.94
292,17,97,0,0.032,0.014,0.968,0.138
292,17,97,1,0.049,0.145,0.968,0.214
292,17,98,0,0.032,0.145,0.085,0.214
292,17,98,1,0.032,0.2,0.968,0.27
292,17,98,2,0.373,0.264,0.968,0.334
292,17,99,0,0.032,0.264,0.409,0.334
292,17,99,1,0.032,0.319,0.968,0.389
292,17,99,2,0.05,0.388,0.968,0.458
292,17,100,0,0.032,0.388,0.086,0.458
292,17,100,1,0.032,0.443,0.968,0.512
292,17,100,2,0.432,0.51,0.968,0.579
292,17,101,0,0.032,0.51,0.468,0.579
292,17,101,1,0.032,0.565,0.968,0.634
292,17,101,2,0.416,0.632,0.968,0.701
292,17,102,0,0.032,0.632,0.452,0.701
292,17,102,1,0.032,0.687,0.968,0.756
292,17,102,2,0.579,0.753,0.968,0.822
292,17,103,0,0.032,0.753,0.615,0.822
292,17,103,1,0.503,0.812,0.968,0.881
292,17,104,0,0.032,0.812,0.539,0.881
292,17,104,1,0.049,0.872,0.968,0.941
293,17,105,0,0.052,0.029,0.968,0.098
293,17,106,0,0.032,0.029,0.088,0.098
293,17,106,1,0.052,0.089,0.968,0.158
293,17,107,0,0.032,0.089,0.088,0.158
293,17,107,1,0.032,0.144,0.968,0.213
293,17,107,2,0.489,0.21,0.968,0.28
293,17,108,0,0.032,0.21,0.525,0.28
293,17,108,1,0.636,0.269,0.968,0.339
293,17,109,0,0.032,0.269,0.672,0.339
293,17,109,1,0.762,0.329,0.968,0.399
293,17,110,0,0.032,0.329,0.798,0.399
293,17,110,1,0.032,0.384,0.968,0.454
293,17,110,2,0.686,0.45,0.968,0.519
293,17,111,0,0.032,0.45,0.722,0.519
293,17,111,1,0.05,0.512,0.968,0.581
293,18,1,0,0.032,0.512,0.086,0.581
293,18,1,1,0.032,0.567,0.968,0.691
293,18,1,2,0.052,0.695,0.968,0.763
293,18,2,0,0.032,0.695,0.088,0.763
293,18,2,1,0.032,0.75,0.968,0.819
293,18,2,2,0.201,0.812,0.968,0.881
293,18,3,0,0.032,0.812,0.237,0.881
293,18,3,1,0.76,0.875,0.968,0.944
293,18,4,0,0.05,0.872,0.796,0.941
294,18,5,0,0.032,0.014,0.968,0.083
294,18,5,1,0.397,0.081,0.968,0.15
294,18,6,0,0.032,0.081,0.433,0.15
294,18,6,1,0.118,0.143,0.968,0.212
294,18,7,0,0.032,0.143,0.154,0.212
294,18,7,1,0.032,0.198,0.968,0.267
294,18,7,2,0.912,0.262,0.968,0.332
294,18,8,0,0.253,0.261,0.948,0.331
294,18,9,0,0.032,0.261,0.289,0.331
294,18,9,1,0.049,0.322,0.968,0.392
294,18,10,0,0.032,0.322,0.085,0.392
294,18,10,1,0.032,0.377,0.968,0.447
294,18,10,2,0.477,0.441,0.968,0.51
294,18,11,0,0.032,0.441,0.513,0.51
294,18,11,1,0.508,0.503,0.968,0.572
294,18,12,0,0.032,0.503,0.544,0.572
294,18,12,1,0.573,0.564,0.968,0.632
294,18,13,0,0.032,0.564,0.609,0.632
294,18,13,1,0.187,0.624,0.968,0.693
294,18,14,0,0.032,0.624,0.223,0.693
294,18,14,1,0.032,0.679,0.968,0.748
294,18,14,2,0.16,0.745,0.968,0.814
294,18,15,0,0.032,0.745,0.196,0.814
294,18,15,1,0.032,0.8,0.968,0.869
294,18,15,2,0.049,0.866,0.968,0.934
295,18,16,0,0.032,0.014,0.968,0.083
295,18,16,1,0.047,0.084,0.968,0.153
295,18,17,0,0.032,0.084,0.083,0.153
295,18,17,1,0.032,0.139,0.968,0.318
295,18,17,2,0.387,0.322,0.968,0.392
295,18,18,0,0.032,0.322,0.423,0.392
295,18,18,1,0.032,0.377,0.968,0.501
295,18,18,2,0.446,0.504,0.968,0.573
295,18,19,0,0.032,0.504,0.482,0.573
295,18,19,1,0.032,0.559,0.968,0.848
295,18,19,2,0.63,0.807,0.968,0.876
295,18,20,0,0.032,0.807,0.666,0.876
295,18,20,1,0.058,0.869,0.968,0.938
296,18,21,0,0.032,0.014,0.968,0.248
296,18,21,1,0.328,0.207,0.968,0.277
296,18,22,0,0.032,0.207,0.364,0.277
296,18,22,1,0.032,0.262,0.968,0.442
296,18,22,2,0.366,0.449,0.968,0.518
296,18,23,0,0.032,0.449,0.403,0.518
296,18,23,1,0.576,0.508,0.968,0.577
296,18,24,0,0.032,0.508,0.612,0.577
296,18,24,1,0.032,0.563,0.968,0.632
296,18,24,2,0.915,0.632,0.968,0.701
296,18,25,0,0.032,0.632,0.951,0.701
296,18,25,1,0.917,0.691,0.968,0.759
296,18,26,0,0.032,0.691,0.953,0.759
296,18,26,1,0.032,0.746,0.968,0.815
296,18,26,2,0.611,0.814,0.968,0.882
296,18,27,0,0.032,0.814,0.647,0.882
296,18,27,1,0.047,0.874,0.968,0.943
297,18,28,0,0.032,0.014,0.968,0.193
297,18,28,1,0.765,0.206,0.968,0.275
297,18,29,0,0.032,0.206,0.801,0.275
297,18,29,1,0.032,0.261,0.968,0.385
297,18,29,2,0.525,0.385,0.968,0.455
297,18,30,0,0.032,0.385,0.561,0.455
297,18,30,1,0.171,0.448,0.968,0.517
297,18,31,0,0.032,0.448,0.207,0.517
297,18,31,1,0.032,0.504,0.968,0.628
297,18,31,2,0.216,0.634,0.968,0.703
297,18,32,0,0.032,0.634,0.252,0.703
297,18,32,1,0.032,0.689,0.968,0.758
297,18,32,2,0.531,0.752,0.968,0.821
297,18,33,0,0.032,0.752,0.567,0.821
297,18,33,1,0.343,0.815,0.968,0.883
297,18,34,0,0.032,0.815,0.379,0.883
297,18,34,1,0.059,0.874,0.968,0.943
298,18,35,0,0.032,0.014,0.968,0.083
298,18,35,1,0.836,0.086,0.968,0.155
298,18,36,0,0.032,0.086,0.872,0.155
298,18,36,1,0.497,0.144,0.968,0.213
298,18,37,0,0.032,0.144,0.533,0.213
298,18,37,1,0.032,0.199,0.968,0.269
298,18,37,2,0.912,0.263,0.968,0.333
298,18,38,0,0.18,0.263,0.948,0.333
298,18,39,0,0.032,0.263,0.216,0.333
298,18,39,1,0.032,0.318,0.968,0.388
298,18,39,2,0.57,0.386,0.968,0.456
298,18,40,0,0.032,0.386,0.606,0.456
298,18,40,1,0.032,0.441,0.968,0.51
298,18,40,2,0.839,0.506,0.968,0.575
298,18,41,0,0.047,0.504,0.875,0.573
298,18,42,0,0.032,0.504,0.083,0.573
298,18,42,1,0.032,0.559,0.968,0.628
298,18,42,2,0.246,0.628,0.968,0.697
298,18,43,0,0.032,0.628,0.282,0.697
298,18,43,1,0.261,0.688,0.968,0.756
298,18,44,0,0.032,0.688,0.297,0.756
298,18,44,1,0.401,0.751,0.968,0.82
298,18,45,0,0.032,0.751,0.437,0.82
298,18,45,1,0.032,0.806,0.968,0.875
298,18,45,2,0.047,0.869,0.968,0.938
299,18,46,0,0.032,0.014,0.968,0.083
299,18,46,1,0.43,0.084,0.968,0.153
299,18,47,0,0.032,0.084,0.466,0.153
299,18,47,1,0.185,0.145,0.968,0.214
299,18,48,0,0.032,0.145,0.221,0.214
299,18,48,1,0.032,0.2,0.968,0.27
299,18,48,2,0.556,0.265,0.968,0.335
299,18,49,0,0.032,0.265,0.592,0.335
299,18,49,1,0.032,0.32,0.968,0.445
299,18,49,2,0.449,0.447,0.968,0.516
299,18,50,0,0.032,0.447,0.485,0.516
299,18,50,1,0.032,0.503,0.968,0.627
299,18,50,2,0.574,0.627,0.968,0.696
299,18,51,0,0.032,0.627,0.61,0.696
299,18,51,1,0.032,0.682,0.968,0.751
299,18,51,2,0.917,0.75,0.968,0.819
299,18,52,0,0.032,0.75,0.953,0.819
299,18,52,1,0.3,0.807,0.968,0.876
299,18,53,0,0.032,0.807,0.336,0.876
299,18,53,1,0.058,0.865,0.968,0.933
300,18,54,0,0.032,0.014,0.968,0.083
300,18,54,1,0.449,0.081,0.968,0.15
300,18,55,0,0.032,0.081,0.485,0.15
300,18,55,1,0.032,0.136,0.968,0.205
300,18,55,2,0.388,0.201,0.968,0.27
300,18,56,0,0.032,0.201,0.424,0.27
300,18,56,1,0.032,0.256,0.968,0.325
300,18,56,2,0.112,0.323,0.968,0.393
300,18,57,0,0.032,0.323,0.148,0.393
300,18,57,1,0.032,0.378,0.968,0.502
300,18,57,2,0.154,0.504,0.968,0.573
300,18,58,0,0.032,0.504,0.19,0.573
300,18,58,1,0.032,0.559,0.968,0.628
300,18,58,2,0.047,0.626,0.968,0.695
300,18,59,0,0.032,0.626,0.083,0.695
300,18,59,1,0.032,0.681,0.968,0.75
300,18,59,2,0.766,0.748,0.968,0.817
300,18,60,0,0.032,0.748,0.802,0.817
300,18,60,1,0.238,0.807,0.968,0.876
300,18,61,0,0.032,0.807,0.274,0.876
300,18,61,1,0.047,0.869,0.968,0.938
301,18,62,0,0.032,0.014,0.968,0.083
301,18,62,1,0.757,0.08,0.968,0.149
301,18,63,0,0.032,0.08,0.793,0.149
301,18,63,1,0.032,0.135,0.968,0.204
301,18,63,2,0.703,0.2,0.968,0.269
301,18,64,0,0.032,0.2,0.739,0.269
301,18,64,1,0.791,0.262,0.968,0.332
301,18,65,0,0.032,0.262,0.827,0.332
301,18,65,1,0.456,0.321,0.968,0.391
301,18,66,0,0.032,0.321,0.492,0.391
301,18,66,1,0.38,0.384,0.968,0.454
301,18,67,0,0.032,0.384,0.416,0.454
301,18,67,1,0.749,0.445,0.968,0.514
301,18,68,0,0.106,0.445,0.785,0.514
301,18,69,0,0.032,0.445,0.142,0.514
301,18,69,1,0.111,0.505,0.968,0.574
301,18,70,0,0.032,0.505,0.147,0.574
301,18,70,1,0.032,0.56,0.968,0.629
301,18,70,2,0.915,0.627,0.968,0.696
301,18,71,0,0.032,0.627,0.951,0.696
301,18,71,1,0.362,0.69,0.968,0.758
301,18,72,0,0.032,0.69,0.398,0.758
301,18,72,1,0.582,0.751,0.968,0.82
301,18,73,0,0.032,0.751,0.618,0.82
301,18,73,1,0.562,0.811,0.968,0.88
301,18,74,0,0.032,0.811,0.598,0.88
301,18,74,1,0.052,0.871,0.968,0.94
302,18,75,0,0.153,0.023,0.968,0.091
302,18,76,0,0.032,0.023,0.189,0.091
302,18,76,1,0.032,0.078,0.968,0.147
302,18,76,2,0.914,0.142,0.968,0.211
302,18,77,0,0.032,0.142,0.95,0.211
302,18,77,1,0.032,0.197,0.968,0.266
302,18,77,2,0.368,0.264,0.968,0.334
302,18,78,0,0.032,0.264,0.404,0.334
302,18,78,1,0.12,0.324,0.968,0.394
302,18,79,0,0.032,0.324,0.156,0.394
302,18,79,1,0.032,0.379,0.968,0.449
302,18,79,2,0.236,0.447,0.968,0.516
302,18,80,0,0.032,0.447,0.272,0.516
302,18,80,1,0.032,0.503,0.968,0.572
302,18,80,2,0.912,0.568,0.968,0.636
302,18,81,0,0.032,0.568,0.948,0.636
302,18,81,1,0.915,0.628,0.968,0.697
302,18,82,0,0.032,0.628,0.951,0.697
302,18,82,1,0.032,0.683,0.968,0.807
302,18,82,2,0.191,0.806,0.968,0.875
302,18,83,0,0.032,0.806,0.227,0.875
302,18,83,1,0.049,0.867,0.968,0.935
303,18,84,0,0.207,0.026,0.968,0.096
303,18,85,0,0.032,0.026,0.243,0.096
303,18,85,1,0.92,0.083,0.968,0.152
303,18,86,0,0.032,0.083,0.956,0.152
303,18,86,1,0.032,0.138,0.968,0.207
303,18,86,2,0.757,0.205,0.968,0.274
303,18,87,0,0.032,0.205,0.793,0.274
303,18,87,1,0.635,0.265,0.968,0.335
303,18,88,0,0.032,0.265,0.671,0.335
303,18,88,1,0.385,0.326,0.968,0.396
303,18,89,0,0.125,0.327,0.421,0.397
303,18,90,0,0.032,0.327,0.161,0.397
303,18,90,1,0.032,0.382,0.968,0.452
303,18,90,2,0.737,0.447,0.968,0.516
303,18,91,0,0.17,0.45,0.773,0.519
303,18,92,0,0.032,0.45,0.206,0.519
303,18,92,1,0.841,0.508,0.968,0.577
303,18,93,0,0.032,0.508,0.877,0.577
303,18,93,1,0.571,0.568,0.968,0.636
303,18,94,0,0.032,0.568,0.607,0.636
303,18,94,1,0.032,0.623,0.968,0.692
303,18,94,2,0.856,0.688,0.968,0.756
303,18,95,0,0.032,0.688,0.892,0.756
303,18,95,1,0.749,0.75,0.968,0.819
303,18,96,0,0.032,0.75,0.785,0.819
303,18,96,1,0.032,0.805,0.968,0.874
303,18,96,2,0.917,0.869,0.968,0.938
303,18,97,0,0.055,0.872,0.953,0.941
304,18,98,0,0.032,0.014,0.968,0.083
304,18,98,1,0.855,0.091,0.968,0.161
304,18,99,0,0.032,0.091,0.891,0.161
304,18,99,1,0.703,0.154,0.968,0.224
304,18,100,0,0.049,0.151,0.739,0.221
304,18,101,0,0.032,0.151,0.085,0.221
304,18,101,1,0.032,0.206,0.968,0.276
304,18,101,2,0.85,0.268,0.968,0.338
304,18,102,0,0.032,0.268,0.886,0.338
304,18,102,1,0.393,0.329,0.968,0.399
304,18,103,0,0.032,0.329,0.429,0.399
304,18,103,1,0.822,0.388,0.968,0.458
304,18,104,0,0.032,0.388,0.858,0.458
304,18,104,1,0.698,0.449,0.968,0.518
304,18,105,0,0.032,0.449,0.734,0.518
304,18,105,1,0.229,0.51,0.968,0.579
304,18,106,0,0.032,0.51,0.265,0.579
304,18,106,1,0.249,0.57,0.968,0.638
304,18,107,0,0.032,0.57,0.285,0.638
304,18,107,1,0.153,0.629,0.968,0.698
304,18,108,0,0.032,0.629,0.189,0.698
304,18,108,1,0.571,0.69,0.968,0.758
304,18,109,0,0.032,0.69,0.607,0.758
304,18,109,1,0.087,0.749,0.968,0.818
304,18,110,0,0.032,0.749,0.123,0.818
304,18,110,1,0.032,0.804,0.968,0.873
304,18,110,2,0.046,0.868,0.968,0.936
305,19,1,0,0.032,0.014,0.968,0.193
305,19,1,1,0.691,0.162,0.968,0.231
305,19,2,0,0.055,0.161,0.727,0.23
305,19,3,0,0.032,0.161,0.091,0.23
305,19,3,1,0.463,0.22,0.968,0.289
305,19,4,0,0.032,0.22,0.499,0.289
305,19,4,1,0.032,0.274,0.968,0.344
305,19,4,2,0.821,0.338,0.968,0.408
305,19,5,0,0.032,0.338,0.857,0.408
305,19,5,1,0.239,0.396,0.968,0.466
305,19,6,0,0.032,0.396,0.275,0.466
305,19,6,1,0.246,0.454,0.968,0.523
305,19,7,0,0.032,0.454,0.282,0.523
305,19,7,1,0.032,0.51,0.968,0.579
305,19,7,2,0.918,0.571,0.968,0.639
305,19,8,0,0.032,0.571,0.954,0.639
305,19,8,1,0.267,0.63,0.968,0.699
305,19,9,0,0.032,0.63,0.303,0.699
305,19,9,1,0.032,0.685,0.968,0.754
305,19,9,2,0.822,0.749,0.968,0.818
305,19,10,0,0.032,0.749,0.858,0.818
305,19,10,1,0.325,0.807,0.968,0.876
305,19,11,0,0.032,0.807,0.361,0.876
305,19,11,1,0.055,0.87,0.968,0.939
306,19,12,0,0.049,0.03,0.968,0.099
306,19,13,0,0.032,0.03,0.085,0.099
306,19,13,1,0.328,0.089,0.968,0.158
306,19,14,0,0.032,0.089,0.364,0.158
306,19,14,1,0.59,0.149,0.968,0.218
306,19,15,0,0.032,0.149,0.626,0.218
306,19,15,1,0.635,0.207,0.968,0.276
306,19,16,0,0.032,0.207,0.671,0.276
306,19,16,1,0.514,0.265,0.968,0.335
306,19,17,0,0.032,0.265,0.55,0.335
306,19,17,1,0.184,0.329,0.968,0.399
306,19,18,0,0.032,0.329,0.22,0.399
306,19,18,1,0.366,0.388,0.968,0.458
306,19,19,0,0.032,0.388,0.403,0.458
306,19,19,1,0.363,0.451,0.968,0.52
306,19,20,0,0.032,0.451,0.399,0.52
306,19,20,1,0.273,0.507,0.968,0.576
306,19,21,0,0.032,0.507,0.309,0.576
306,19,21,1,0.032,0.562,0.968,0.631
306,19,21,2,0.449,0.631,0.968,0.7
306,19,22,0,0.032,0.631,0.485,0.7
306,19,22,1,0.633,0.689,0.968,0.757
306,19,23,0,0.032,0.689,0.669,0.757
306,19,23,1,0.049,0.751,0.968,0.82
306,19,24,0,0.032,0.751,0.085,0.82
306,19,24,1,0.049,0.814,0.968,0.882
306,19,25,0,0.032,0.814,0.085,0.882
306,19,25,1,0.047,0.873,0.968,0.942
307,19,26,0,0.032,0.014,0.968,0.083
307,19,26,1,0.052,0.092,0.968,0.162
307,19,27,0,0.032,0.092,0.088,0.162
307,19,27,1,0.032,0.147,0.968,0.216
307,19,27,2,0.852,0.211,0.968,0.281
307,19,28,0,0.032,0.211,0.888,0.281
307,19,28,1,0.763,0.268,0.968,0.338
307,19,29,0,0.032,0.268,0.799,0.338
307,19,29,1,0.7,0.327,0.968,0.397
307,19,30,0,0.032,0.327,0.736,0.397
307,19,30,1,0.856,0.389,0.968,0.459
307,19,31,0,0.032,0.389,0.892,0.459
307,19,31,1,0.498,0.449,0.968,0.518
307,19,32,0,0.032,0.449,0.534,0.518
307,19,32,1,0.718,0.508,0.968,0.577
307,19,33,0,0.032,0.508,0.754,0.577
307,19,33,1,0.656,0.569,0.968,0.637
307,19,34,0,0.032,0.569,0.692,0.637
307,19,34,1,0.646,0.627,0.968,0.696
307,19,35,0,0.032,0.627,0.682,0.696
307,19,35,1,0.334,0.689,0.968,0.757
307,19,36,0,0.032,0.689,0.37,0.757
307,19,36,1,0.408,0.748,0.968,0.817
307,19,37,0,0.032,0.748,0.444,0.817
307,19,37,1,0.188,0.806,0.968,0.875
307,19,38,0,0.032,0.806,0.224,0.875
307,19,38,1,0.052,0.871,0.968,0.94
308,19,39,0,0.032,0.014,0.968,0.083
308,19,39,1,0.915,0.083,0.968,0.152
308,19,40,0,0.143,0.082,0.951,0.151
308,19,41,0,0.032,0.082,0.179,0.151
308,19,41,1,0.325,0.143,0.968,0.212
308,19,42,0,0.032,0.143,0.361,0.212
308,19,42,1,0.143,0.205,0.968,0.274
308,19,43,0,0.032,0.205,0.179,0.274
308,19,43,1,0.032,0.26,0.968,0.329
308,19,43,2,0.839,0.323,0.968,0.393
308,19,44,0,0.032,0.323,0.875,0.393
308,19,44,1,0.811,0.385,0.968,0.455
308,19,45,0,0.032,0.385,0.848,0.455
308,19,45,1,0.537,0.444,0.968,0.513
308,19,46,0,0.032,0.444,0.573,0.513
308,19,46,1,0.12,0.506,0.968,0.575
308,19,47,0,0.032,0.506,0.156,0.575
308,19,47,1,0.047,0.566,0.968,0.634
308,19,48,0,0.032,0.566,0.083,0.634
308,19,48,1,0.032,0.621,0.968,0.69
308,19,48,2,0.467,0.686,0.968,0.755
308,19,49,0,0.032,0.686,0.503,0.755
308,19,49,1,0.047,0.747,0.968,0.816
308,19,50,0,0.032,0.747,0.083,0.816
308,19,50,1,0.046,0.806,0.968,0.875
308,19,51,0,0.032,0.806,0.082,0.875
308,19,51,1,0.046,0.868,0.968,0.936
309,19,52,0,0.246,0.023,0.968,0.092
309,19,53,0,0.032,0.023,0.282,0.092
309,19,53,1,0.604,0.084,0.968,0.153
309,19,54,0,0.032,0.084,0.64,0.153
309,19,54,1,0.459,0.144,0.968,0.213
309,19,55,0,0.032,0.144,0.495,0.213
309,19,55,1,0.461,0.205,0.968,0.274
309,19,56,0,0.032,0.205,0.497,0.274
309,19,56,1,0.601,0.264,0.968,0.334
309,19,57,0,0.256,0.263,0.637,0.333
309,19,58,0,0.032,0.263,0.292,0.333
309,19,58,1,0.032,0.318,0.968,0.443
309,19,58,2,0.348,0.446,0.968,0.515
309,19,59,0,0.032,0.446,0.384,0.515
309,19,59,1,0.032,0.502,0.968,0.571
309,19,59,2,0.918,0.567,0.968,0.635
309,19,60,0,0.032,0.567,0.954,0.635
309,19,60,1,0.635,0.626,0.968,0.695
309,19,61,0,0.032,0.626,0.671,0.695
309,19,61,1,0.508,0.686,0.968,0.755
309,19,62,0,0.032,0.686,0.544,0.755
309,19,62,1,0.446,0.746,0.968,0.815
309,19,63,0,0.032,0.746,0.482,0.815
309,19,63,1,0.635,0.809,0.968,0.878
309,19,64,0,0.032,0.809,0.671,0.878
309,19,64,1,0.052,0.87,0.968,0.939
310,19,65,0,0.032,0.014,0.968,0.083
310,19,65,1,0.608,0.081,0.968,0.15
310,19,66,0,0.032,0.081,0.644,0.15
310,19,66,1,0.739,0.143,0.968,0.212
310,19,67,0,0.032,0.143,0.775,0.212
310,19,67,1,0.684,0.204,0.968,0.273
310,19,68,0,0.032,0.204,0.72,0.273
310,19,68,1,0.397,0.262,0.968,0.332
310,19,69,0,0.032,0.262,0.433,0.332
310,19,69,1,0.373,0.324,0.968,0.394
310,19,70,0,0.032,0.324,0.409,0.394
310,19,70,1,0.653,0.386,0.968,0.456
310,19,71,0,0.032,0.386,0.689,0.456
310,19,71,1,0.703,0.449,0.968,0.518
310,19,72,0,0.032,0.449,0.739,0.518
310,19,72,1,0.774,0.509,0.968,0.578
310,19,73,0,0.032,0.509,0.81,0.578
310,19,73,1,0.103,0.568,0.968,0.636
310,19,74,0,0.032,0.568,0.139,0.636
310,19,74,1,0.162,0.629,0.968,0.698
310,19,75,0,0.032,0.629,0.198,0.698
310,19,75,1,0.032,0.684,0.968,0.808
310,19,75,2,0.669,0.81,0.968,0.879
310,19,76,0,0.032,0.81,0.705,0.879
310,19,76,1,0.053,0.871,0.968,0.94
311,19,77,0,0.032,0.014,0.968,0.083
311,19,77,1,0.921,0.085,0.968,0.154
311,19,78,0,0.215,0.085,0.958,0.154
311,19,79,0,0.032,0.085,0.251,0.154
311,19,79,1,0.179,0.144,0.968,0.213
311,19,80,0,0.032,0.144,0.215,0.213
311,19,80,1,0.585,0.206,0.968,0.275
311,19,81,0,0.032,0.206,0.621,0.275
311,19,81,1,0.652,0.263,0.968,0.333
311,19,82,0,0.032,0.263,0.688,0.333
311,19,82,1,0.725,0.326,0.968,0.396
311,19,83,0,0.032,0.326,0.761,0.396
311,19,83,1,0.763,0.385,0.968,0.455
311,19,84,0,0.049,0.385,0.799,0.455
311,19,85,0,0.032,0.385,0.085,0.455
311,19,85,1,0.322,0.446,0.968,0.515
311,19,86,0,0.032,0.446,0.358,0.515
311,19,86,1,0.67,0.505,0.968,0.574
311,19,87,0,0.032,0.505,0.706,0.574
311,19,87,1,0.667,0.567,0.968,0.635
311,19,88,0,0.145,0.565,0.703,0.633
311,19,89,0,0.032,0.565,0.181,0.633
311,19,89,1,0.652,0.628,0.968,0.697
311,19,90,0,0.032,0.628,0.688,0.697
311,19,90,1,0.38,0.685,0.968,0.754
311,19,91,0,0.032,0.685,0.416,0.754
311,19,91,1,0.92,0.749,0.968,0.818
311,19,92,0,0.334,0.749,0.956,0.818
311,19,93,0,0.032,0.749,0.37,0.818
311,19,93,1,0.258,0.808,0.968,0.877
311,19,94,0,0.032,0.808,0.294,0.877
311,19,94,1,0.687,0.869,0.968,0.938
311,19,95,0,0.053,0.87,0.723,0.939
312,19,96,0,0.032,0.014,0.968,0.083
312,19,96,1,0.717,0.081,0.968,0.15
312,19,97,0,0.032,0.081,0.753,0.15
312,19,97,1,0.393,0.141,0.968,0.21
312,19,98,0,0.032,0.141,0.429,0.21
312,19,98,1,0.046,0.2,0.968,0.269
312,20,1,0,0.032,0.2,0.082,0.269
312,20,1,1,0.032,0.255,0.968,0.379
312,20,1,2,0.838,0.383,0.968,0.453
312,20,2,0,0.266,0.383,0.874,0.453
312,20,3,0,0.032,0.383,0.302,0.453
312,20,3,1,0.739,0.445,0.968,0.514
312,20,4,0,0.047,0.444,0.775,0.513
312,20,5,0,0.032,0.444,0.083,0.513
312,20,5,1,0.467,0.504,0.968,0.573
312,20,6,0,0.032,0.504,0.503,0.573
312,20,6,1,0.335,0.562,0.968,0.631
312,20,7,0,0.032,0.562,0.371,0.631
312,20,7,1,0.573,0.626,0.968,0.695
312,20,8,0,0.032,0.626,0.609,0.695
312,20,8,1,0.777,0.689,0.968,0.757
312,20,9,0,0.239,0.685,0.813,0.754
312,20,10,0,0.032,0.685,0.275,0.754
312,20,10,1,0.032,0.741,0.968,0.809
312,20,10,2,0.517,0.804,0.968,0.873
312,20,11,0,0.049,0.807,0.553,0.876
312,20,12,0,0.032,0.807,0.085,0.876
312,20,12,1,0.047,0.868,0.968,0.936
313,20,13,0,0.461,0.024,0.968,0.093
313,20,14,0,0.032,0.024,0.497,0.093
313,20,14,1,0.365,0.085,0.968,0.154
313,20,15,0,0.032,0.085,0.401,0.154
313,20,15,1,0.263,0.144,0.968,0.213
313,20,16,0,0.032,0.144,0.299,0.213
313,20,16,1,0.232,0.202,0.968,0.271
313,20,17,0,0.032,0.202,0.268,0.271
313,20,17,1,0.61,0.264,0.968,0.334
313,20,18,0,0.032,0.264,0.646,0.334
313,20,18,1,0.199,0.325,0.968,0.395
313,20,19,0,0.032,0.325,0.235,0.395
313,20,19,1,0.787,0.386,0.968,0.456
313,20,20,0,0.23,0.386,0.823,0.456
313,20,21,0,0.032,0.386,0.266,0.456
313,20,21,1,0.267,0.445,0.968,0.514
313,20,22,0,0.032,0.445,0.303,0.514
313,20,22,1,0.149,0.507,0.968,0.576
313,20,23,0,0.032,0.507,0.185,0.576
313,20,23,1,0.632,0.568,0.968,0.636
313,20,24,0,0.137,0.568,0.668,0.636
313,20,25,0,0.032,0.568,0.173,0.636
313,20,25,1,0.604,0.63,0.968,0.699
313,20,26,0,0.315,0.632,0.64,0.701
313,20,27,0,0.032,0.632,0.351,0.701
313,20,27,1,0.827,0.691,0.968,0.759
313,20,28,0,0.585,0.691,0.863,0.759
313,20,29,0,0.139,0.689,0.621,0.757
313,20,30,0,0.032,0.689,0.175,0.757
313,20,30,1,0.844,0.751,0.968,0.82
313,20,31,0,0.54,0.752,0.88,0.821
313,20,32,0,0.224,0.749,0.576,0.818
313,20,33,0,0.032,0.749,0.26,0.818
313,20,33,1,0.836,0.811,0.968,0.88
313,20,34,0,0.549,0.81,0.872,0.879
313,20,35,0,0.171,0.808,0.585,0.877
313,20,36,0,0.032,0.808,0.207,0.877
313,20,36,1,0.573,0.873,0.968,0.942
313,20,37,0,0.056,0.87,0.609,0.939
314,20,38,0,0.483,0.023,0.968,0.091
314,20,39,0,0.032,0.023,0.519,0.091
314,20,39,1,0.032,0.078,0.968,0.147
314,20,39,2,0.352,0.147,0.968,0.216
314,20,40,0,0.032,0.147,0.389,0.216
314,20,40,1,0.032,0.202,0.968,0.327
314,20,40,2,0.046,0.318,0.968,0.388
314,20,41,0,0.032,0.318,0.082,0.388
314,20,41,1,0.601,0.387,0.968,0.457
314,20,42,0,0.032,0.387,0.637,0.457
314,20,42,1,0.776,0.446,0.968,0.515
314,20,43,0,0.304,0.446,0.812,0.515
314,20,44,0,0.032,0.446,0.341,0.515
314,20,44,1,0.571,0.508,0.968,0.577
314,20,45,0,0.032,0.508,0.607,0.577
314,20,45,1,0.722,0.567,0.968,0.635
314,20,46,0,0.032,0.567,0.758,0.635
314,20,46,1,0.914,0.628,0.968,0.697
314,20,47,0,0.032,0.628,0.95,0.697
314,20,47,1,0.032,0.683,0.968,0.752
314,20,47,2,0.802,0.749,0.968,0.818
314,20,48,0,0.032,0.749,0.838,0.818
314,20,48,1,0.827,0.808,0.968,0.877
314,20,49,0,0.37,0.807,0.863,0.876
314,20,50,0,0.032,0.807,0.406,0.876
314,20,50,1,0.523,0.867,0.968,0.935
314,20,51,0,0.05,0.865,0.559,0.933
315,20,52,0,0.05,0.024,0.968,0.093
315,20,53,0,0.032,0.024,0.086,0.093
315,20,53,1,0.032,0.08,0.968,0.149
315,20,53,2,0.123,0.143,0.968,0.212
315,20,54,0,0.032,0.143,0.159,0.212
315,20,54,1,0.151,0.206,0.968,0.275
315,20,55,0,0.032,0.206,0.187,0.275
315,20,55,1,0.131,0.265,0.968,0.335
315,20,56,0,0.032,0.265,0.167,0.335
315,20,56,1,0.38,0.323,0.968,0.393
315,20,57,0,0.032,0.323,0.416,0.393
315,20,57,1,0.463,0.385,0.968,0.455
315,20,58,0,0.032,0.385,0.499,0.455
315,20,58,1,0.032,0.44,0.968,0.509
315,20,58,2,0.833,0.506,0.968,0.575
315,20,59,0,0.032,0.506,0.869,0.575
315,20,59,1,0.918,0.567,0.968,0.635
315,20,60,0,0.244,0.562,0.954,0.631
315,20,61,0,0.032,0.562,0.28,0.631
315,20,61,1,0.032,0.618,0.968,0.686
315,20,61,2,0.567,0.688,0.968,0.756
315,20,62,0,0.032,0.688,0.603,0.756
315,20,62,1,0.794,0.749,0.968,0.818
315,20,63,0,0.032,0.749,0.83,0.818
315,20,63,1,0.16,0.808,0.968,0.877
315,20,64,0,0.032,0.808,0.196,0.877
315,20,64,1,0.055,0.87,0.968,0.939
316,20,65,0,0.115,0.023,0.968,0.092
316,20,66,0,0.032,0.023,0.151,0.092
316,20,66,1,0.032,0.079,0.968,0.148
316,20,66,2,0.914,0.143,0.968,0.212
316,20,67,0,0.352,0.143,0.95,0.212
316,20,68,0,0.032,0.143,0.389,0.212
316,20,68,1,0.751,0.206,0.968,0.275
316,20,69,0,0.032,0.206,0.787,0.275
316,20,69,1,0.32,0.262,0.968,0.332
316,20,70,0,0.032,0.262,0.356,0.332
316,20,70,1,0.463,0.325,0.968,0.395
316,20,71,0,0.032,0.325,0.499,0.395
316,20,71,1,0.032,0.38,0.968,0.504
316,20,71,2,0.582,0.506,0.968,0.575
316,20,72,0,0.032,0.506,0.618,0.575
316,20,72,1,0.032,0.561,0.968,0.63
316,20,72,2,0.728,0.63,0.968,0.699
316,20,73,0,0.032,0.63,0.764,0.699
316,20,73,1,0.394,0.693,0.968,0.761
316,20,74,0,0.032,0.693,0.43,0.761
316,20,74,1,0.345,0.752,0.968,0.821
316,20,75,0,0.032,0.752,0.381,0.821
316,20,75,1,0.216,0.811,0.968,0.88
316,20,76,0,0.032,0.811,0.252,0.88
316,20,76,1,0.047,0.874,0.968,0.943
317,20,77,0,0.032,0.014,0.968,0.083
317,20,77,1,0.294,0.081,0.968,0.15
317,20,78,0,0.032,0.081,0.33,0.15
317,20,78,1,0.354,0.144,0.968,0.213
317,20,79,0,0.032,0.144,0.39,0.213
317,20,79,1,0.766,0.206,0.968,0.275
317,20,80,0,0.032,0.206,0.802,0.275
317,20,80,1,0.122,0.263,0.968,0.333
317,20,81,0,0.032,0.263,0.158,0.333
317,20,81,1,0.032,0.318,0.968,0.388
317,20,81,2,0.363,0.386,0.968,0.456
317,20,82,0,0.032,0.386,0.399,0.456
317,20,82,1,0.415,0.447,0.968,0.516
317,20,83,0,0.032,0.447,0.451,0.516
317,20,83,1,0.673,0.511,0.968,0.58
317,20,84,0,0.032,0.511,0.71,0.58
317,20,84,1,0.742,0.57,0.968,0.638
317,20,85,0,0.032,0.57,0.778,0.638
317,20,85,1,0.776,0.633,0.968,0.702
317,20,86,0,0.032,0.633,0.812,0.702
317,20,86,1,0.032,0.688,0.968,0.812
317,20,86,2,0.794,0.812,0.968,0.881
317,20,87,0,0.032,0.812,0.83,0.881
317,20,87,1,0.053,0.87,0.968,0.939
318,20,88,0,0.032,0.014,0.968,0.083
318,20,88,1,0.624,0.084,0.968,0.153
318,20,89,0,0.032,0.084,0.66,0.153
318,20,89,1,0.518,0.144,0.968,0.213
318,20,90,0,0.032,0.144,0.554,0.213
318,20,90,1,0.032,0.199,0.968,0.269
318,20,90,2,0.833,0.268,0.968,0.338
318,20,91,0,0.032,0.268,0.869,0.338
318,20,91,1,0.915,0.326,0.968,0.396
318,20,92,0,0.301,0.325,0.951,0.395
318,20,93,0,0.032,0.325,0.337,0.395
318,20,93,1,0.673,0.382,0.968,0.452
318,20,94,0,0.032,0.382,0.71,0.452
318,20,94,1,0.032,0.437,0.968,0.506
318,20,94,2,0.83,0.507,0.968,0.576
318,20,95,0,0.277,0.506,0.866,0.575
318,20,96,0,0.032,0.506,0.313,0.575
318,20,96,1,0.032,0.561,0.968,0.63
318,20,96,2,0.187,0.631,0.968,0.7
318,20,97,0,0.032,0.631,0.223,0.7
318,20,97,1,0.032,0.686,0.968,0.81
318,20,97,2,0.145,0.808,0.968,0.877
318,20,98,0,0.032,0.808,0.181,0.877
318,20,98,1,0.046,0.867,0.968,0.935
319,20,99,0,0.032,0.014,0.968,0.083
319,20,99,1,0.777,0.088,0.968,0.157
319,20,100,0,0.032,0.088,0.813,0.157
319,20,100,1,0.918,0.147,0.968,0.216
319,20,101,0,0.177,0.144,0.954,0.213
319,20,102,0,0.032,0.144,0.213,0.213
319,20,102,1,0.28,0.204,0.968,0.273
319,20,103,0,0.032,0.204,0.316,0.273
319,20,103,1,0.529,0.265,0.968,0.335
319,20,104,0,0.032,0.265,0.565,0.335
319,20,104,1,0.377,0.326,0.968,0.396
319,20,105,0,0.032,0.326,0.413,0.396
319,20,105,1,0.534,0.387,0.968,0.457
319,20,106,0,0.052,0.385,0.57,0.455
319,20,107,0,0.032,0.385,0.088,0.455
319,20,107,1,0.447,0.447,0.968,0.516
319,20,108,0,0.032,0.447,0.483,0.516
319,20,108,1,0.032,0.503,0.968,0.572
319,20,108,2,0.918,0.569,0.968,0.637
319,20,109,0,0.032,0.569,0.954,0.637
319,20,109,1,0.849,0.631,0.968,0.7
319,20,110,0,0.032,0.631,0.885,0.7
319,20,110,1,0.85,0.689,0.968,0.757
319,20,111,0,0.032,0.689,0.886,0.757
319,20,111,1,0.745,0.751,0.968,0.82
319,20,112,0,0.032,0.751,0.781,0.82
319,20,112,1,0.545,0.809,0.968,0.878
319,20,113,0,0.032,0.809,0.581,0.878
319,20,113,1,0.053,0.868,0.968,0.936
320,20,114,0,0.032,0.014,0.968,0.083
320,20,114,1,0.219,0.089,0.968,0.158
320,20,115,0,0.032,0.089,0.255,0.158
320,20,115,1,0.199,0.146,0.968,0.215
320,20,116,0,0.032,0.146,0.235,0.215
320,20,116,1,0.032,0.201,0.968,0.271
320,20,116,2,0.917,0.269,0.968,0.339
320,20,117,0,0.032,0.269,0.953,0.339
320,20,117,1,0.608,0.327,0.968,0.397
320,20,118,0,0.049,0.328,0.644,0.398
320,20,119,0,0.032,0.328,0.085,0.398
320,20,119,1,0.357,0.387,0.968,0.457
320,20,120,0,0.032,0.387,0.393,0.457
320,20,120,1,0.032,0.442,0.968,0.511
320,20,120,2,0.794,0.508,0.968,0.577
320,20,121,0,0.032,0.508,0.83,0.577
320,20,121,1,0.049,0.567,0.968,0.635
320,20,122,0,0.032,0.567,0.085,0.635
320,20,122,1,0.351,0.625,0.968,0.694
320,20,123,0,0.032,0.625,0.387,0.694
320,20,123,1,0.032,0.68,0.968,0.749
320,20,123,2,0.298,0.748,0.968,0.817
320,20,124,0,0.032,0.748,0.334,0.817
320,20,124,1,0.032,0.803,0.968,0.872
320,20,124,2,0.822,0.87,0.968,0.939
320,20,125,0,0.05,0.867,0.858,0.935
321,20,126,0,0.149,0.029,0.968,0.098
321,20,127,0,0.032,0.029,0.185,0.098
321,20,127,1,0.032,0.084,0.968,0.153
321,20,127,2,0.838,0.15,0.968,0.22
321,20,128,0,0.032,0.15,0.874,0.22
321,20,128,1,0.201,0.207,0.968,0.276
321,20,129,0,0.032,0.207,0.237,0.276
321,20,129,1,0.261,0.268,0.968,0.338
321,20,130,0,0.032,0.268,0.297,0.338
321,20,130,1,0.032,0.323,0.968,0.393
321,20,130,2,0.108,0.386,0.968,0.456
321,20,131,0,0.032,0.386,0.144,0.456
321,20,131,1,0.032,0.441,0.968,0.51
321,20,131,2,0.365,0.507,0.968,0.576
321,20,132,0,0.032,0.507,0.401,0.576
321,20,132,1,0.032,0.562,0.968,0.631
321,20,132,2,0.92,0.632,0.968,0.701
321,20,133,0,0.032,0.632,0.956,0.701
321,20,133,1,0.642,0.69,0.968,0.758
321,20,134,0,0.032,0.69,0.678,0.758
321,20,134,1,0.032,0.745,0.968,0.814
321,20,134,2,0.542,0.808,0.968,0.877
321,20,135,0,0.032,0.808,0.578,0.877
321,20,135,1,0.058,0.871,0.968,0.94
322,21,1,0,0.032,0.014,0.968,0.193
322,21,1,1,0.049,0.16,0.968,0.229
322,21,2,0,0.032,0.16,0.085,0.229
322,21,2,1,0.032,0.214,0.968,0.284
322,21,2,2,0.796,0.282,0.968,0.352
322,21,3,0,0.032,0.282,0.832,0.352
322,21,3,1,0.032,0.337,0.968,0.407
322,21,3,2,0.754,0.392,0.968,0.462
322,21,4,0,0.032,0.392,0.79,0.462
322,21,4,1,0.568,0.457,0.968,0.526
322,21,5,0,0.032,0.457,0.604,0.526
322,21,5,1,0.032,0.513,0.968,0.582
322,21,5,2,0.915,0.573,0.968,0.641
322,21,6,0,0.032,0.573,0.951,0.641
322,21,6,1,0.917,0.634,0.968,0.703
322,21,7,0,0.032,0.634,0.953,0.703
322,21,7,1,0.371,0.693,0.968,0.761
322,21,8,0,0.032,0.693,0.407,0.761
322,21,8,1,0.275,0.75,0.968,0.819
322,21,9,0,0.032,0.75,0.311,0.819
322,21,9,1,0.047,0.806,0.968,0.875
322,21,10,0,0.032,0.806,0.083,0.875
322,21,10,1,0.05,0.869,0.968,0.938
323,21,11,0,0.032,0.014,0.968,0.083
323,21,11,1,0.743,0.084,0.968,0.153
323,21,12,0,0.055,0.082,0.779,0.151
323,21,13,0,0.032,0.082,0.091,0.151
323,21,13,1,0.032,0.137,0.968,0.206
323,21,13,2,0.805,0.203,0.968,0.272
323,21,14,0,0.3,0.203,0.841,0.272
323,21,15,0,0.032,0.203,0.336,0.272
323,21,15,1,0.229,0.263,0.968,0.333
323,21,16,0,0.032,0.263,0.265,0.333
323,21,16,1,0.387,0.325,0.968,0.395
323,21,17,0,0.032,0.325,0.423,0.395
323,21,17,1,0.317,0.382,0.968,0.452
323,21,18,0,0.032,0.382,0.353,0.452
323,21,18,1,0.032,0.437,0.968,0.506
323,21,18,2,0.92,0.506,0.968,0.575
323,21,19,0,0.032,0.506,0.956,0.575
323,21,19,1,0.432,0.564,0.968,0.632
323,21,20,0,0.032,0.564,0.468,0.632
323,21,20,1,0.749,0.625,0.968,0.694
323,21,21,0,0.032,0.625,0.785,0.694
323,21,21,1,0.92,0.684,0.968,0.753
323,21,22,0,0.032,0.684,0.956,0.753
323,21,22,1,0.732,0.748,0.968,0.817
323,21,23,0,0.108,0.746,0.768,0.815
323,21,24,0,0.032,0.746,0.144,0.815
323,21,24,1,0.032,0.801,0.968,0.87
323,21,24,2,0.053,0.87,0.968,0.939
324,21,25,0,0.032,0.014,0.968,0.083
324,21,25,1,0.667,0.086,0.968,0.155
324,21,26,0,0.032,0.086,0.703,0.155
324,21,26,1,0.518,0.144,0.968,0.213
324,21,27,0,0.032,0.144,0.554,0.213
324,21,27,1,0.596,0.205,0.968,0.274
324,21,28,0,0.032,0.205,0.632,0.274
324,21,28,1,0.042,0.266,0.968,0.336
324,21,29,0,0.032,0.266,0.079,0.336
324,21,29,1,0.032,0.321,0.968,0.391
324,21,29,2,0.356,0.385,0.968,0.455
324,21,30,0,0.032,0.385,0.392,0.455
324,21,30,1,0.032,0.44,0.968,0.509
324,21,30,2,0.32,0.503,0.968,0.572
324,21,31,0,0.032,0.503,0.356,0.572
324,21,31,1,0.032,0.558,0.968,0.627
324,21,31,2,0.78,0.627,0.968,0.696
324,21,32,0,0.032,0.627,0.816,0.696
324,21,32,1,0.67,0.689,0.968,0.757
324,21,33,0,0.032,0.689,0.706,0.757
324,21,33,1,0.449,0.751,0.968,0.82
324,21,34,0,0.326,0.805,0.485,0.874
324,21,35,0,0.032,0.805,0.362,0.874
324,21,35,1,0.047,0.865,0.968,0.933
325,21,36,0,0.032,0.014,0.968,0.138
325,21,36,1,0.63,0.143,0.968,0.212
325,21,37,0,0.032,0.143,0.666,0.212
325,21,37,1,0.506,0.207,0.968,0.276
325,21,38,0,0.032,0.207,0.542,0.276
325,21,38,1,0.52,0.266,0.968,0.336
325,21,39,0,0.032,0.266,0.556,0.336
325,21,39,1,0.032,0.321,0.968,0.391
325,21,39,2,0.65,0.387,0.968,0.457
325,21,40,0,0.032,0.387,0.686,0.457
325,21,40,1,0.284,0.448,0.968,0.517
325,21,41,0,0.032,0.448,0.32,0.517
325,21,41,1,0.032,0.504,0.968,0.573
325,21,41,2,0.692,0.566,0.968,0.634
325,21,42,0,0.032,0.566,0.728,0.634
325,21,42,1,0.097,0.63,0.968,0.699
325,21,43,0,0.032,0.63,0.133,0.699
325,21,43,1,0.032,0.685,0.968,0.754
325,21,43,2,0.337,0.747,0.968,0.816
325,21,44,0,0.032,0.747,0.373,0.816
325,21,44,1,0.032,0.802,0.968,0.871
325,21,44,2,0.056,0.867,0.968,0.935
326,21,45,0,0.032,0.014,0.968,0.083
326,21,45,1,0.703,0.089,0.968,0.158
326,21,46,0,0.032,0.089,0.739,0.158
326,21,46,1,0.278,0.148,0.968,0.217
326,21,47,0,0.032,0.148,0.314,0.217
326,21,47,1,0.032,0.203,0.968,0.328
326,21,47,2,0.914,0.329,0.968,0.399
326,21,48,0,0.032,0.329,0.95,0.399
326,21,48,1,0.74,0.386,0.968,0.456
326,21,49,0,0.032,0.386,0.776,0.456
326,21,49,1,0.616,0.45,0.968,0.519
326,21,50,0,0.032,0.45,0.652,0.519
326,21,50,1,0.78,0.51,0.968,0.579
326,21,51,0,0.032,0.51,0.816,0.579
326,21,51,1,0.735,0.571,0.968,0.639
326,21,52,0,0.032,0.571,0.771,0.639
326,21,52,1,0.649,0.63,0.968,0.699
326,21,53,0,0.049,0.632,0.685,0.701
326,21,54,0,0.032,0.632,0.085,0.701
326,21,54,1,0.117,0.693,0.968,0.761
326,21,55,0,0.032,0.693,0.153,0.761
326,21,55,1,0.425,0.751,0.968,0.82
326,21,56,0,0.032,0.751,0.461,0.82
326,21,56,1,0.032,0.806,0.968,0.875
326,21,56,2,0.914,0.872,0.968,0.941
326,21,57,0,0.05,0.875,0.95,0.944
327,21,58,0,0.032,0.014,0.968,0.083
327,21,58,1,0.92,0.089,0.968,0.158
327,21,59,0,0.053,0.087,0.956,0.156
327,21,60,0,0.032,0.087,0.089,0.156
327,21,60,1,0.272,0.149,0.968,0.218
327,21,61,0,0.032,0.149,0.308,0.218
327,21,61,1,0.337,0.208,0.968,0.278
327,21,62,0,0.032,0.208,0.373,0.278
327,21,62,1,0.503,0.271,0.968,0.341
327,21,63,0,0.032,0.271,0.539,0.341
327,21,63,1,0.272,0.329,0.968,0.399
327,21,64,0,0.032,0.329,0.308,0.399
327,21,64,1,0.281,0.389,0.968,0.459
327,21,65,0,0.032,0.389,0.317,0.459
327,21,65,1,0.156,0.449,0.968,0.518
327,21,66,0,0.032,0.449,0.192,0.518
327,21,66,1,0.032,0.505,0.968,0.574
327,21,66,2,0.802,0.572,0.968,0.64
327,21,67,0,0.032,0.572,0.838,0.64
327,21,67,1,0.749,0.633,0.968,0.702
327,21,68,0,0.032,0.633,0.785,0.702
327,21,68,1,0.771,0.693,0.968,0.761
327,21,69,0,0.05,0.693,0.807,0.761
327,21,70,0,0.032,0.693,0.086,0.761
327,21,70,1,0.229,0.754,0.968,0.823
327,21,71,0,0.032,0.754,0.265,0.823
327,21,71,1,0.182,0.814,0.968,0.882
327,21,72,0,0.032,0.814,0.218,0.882
327,21,72,1,0.053,0.874,0.968,0.943
328,21,73,0,0.032,0.014,0.968,0.138
328,21,73,1,0.78,0.147,0.968,0.216
328,21,74,0,0.032,0.147,0.816,0.216
328,21,74,1,0.032,0.202,0.968,0.272
328,21,74,2,0.773,0.267,0.968,0.337
328,21,75,0,0.032,0.267,0.809,0.337
328,21,75,1,0.914,0.327,0.968,0.397
328,21,76,0,0.032,0.327,0.95,0.397
328,21,76,1,0.345,0.387,0.968,0.457
328,21,77,0,0.032,0.387,0.381,0.457
328,21,77,1,0.032,0.442,0.968,0.511
328,21,77,2,0.794,0.509,0.968,0.578
328,21,78,0,0.032,0.509,0.83,0.578
328,21,78,1,0.046,0.573,0.968,0.641
328,21,79,0,0.032,0.573,0.082,0.641
328,21,79,1,0.032,0.628,0.968,0.697
328,21,79,2,0.047,0.689,0.968,0.757
328,21,80,0,0.032,0.689,0.083,0.757
328,21,80,1,0.032,0.744,0.968,0.812
328,21,80,2,0.604,0.811,0.968,0.88
328,21,81,0,0.032,0.811,0.64,0.88
328,21,81,1,0.046,0.871,0.968,0.94
329,21,82,0,0.032,0.014,0.968,0.083
329,21,82,1,0.303,0.089,0.968,0.158
329,21,83,0,0.032,0.089,0.339,0.158
329,21,83,1,0.052,0.146,0.968,0.215
329,21,84,0,0.032,0.146,0.088,0.215
329,21,84,1,0.032,0.201,0.968,0.271
329,21,84,2,0.055,0.268,0.968,0.338
329,21,85,0,0.032,0.268,0.091,0.338
329,21,85,1,0.032,0.323,0.968,0.393
329,21,85,2,0.918,0.389,0.968,0.459
329,21,86,0,0.032,0.389,0.954,0.459
329,21,86,1,0.92,0.451,0.968,0.52
329,21,87,0,0.032,0.451,0.956,0.52
329,21,87,1,0.032,0.507,0.968,0.576
329,21,87,2,0.473,0.573,0.968,0.641
329,21,88,0,0.032,0.573,0.509,0.641
329,21,88,1,0.227,0.634,0.968,0.703
329,21,89,0,0.032,0.634,0.263,0.703
329,21,89,1,0.032,0.689,0.968,0.758
329,21,89,2,0.92,0.755,0.968,0.824
329,21,90,0,0.032,0.755,0.956,0.824
329,21,90,1,0.032,0.81,0.968,0.879
329,21,90,2,0.055,0.874,0.968,0.943
330,21,91,0,0.032,0.014,0.968,0.083
330,21,91,1,0.233,0.083,0.968,0.152
330,21,92,0,0.032,0.083,0.269,0.152
330,21,92,1,0.047,0.144,0.968,0.213
330,21,93,0,0.032,0.144,0.083,0.213
330,21,93,1,0.047,0.203,0.968,0.272
330,21,94,0,0.032,0.203,0.083,0.272
330,21,94,1,0.032,0.258,0.968,0.327
330,21,94,2,0.401,0.324,0.968,0.394
330,21,95,0,0.032,0.324,0.437,0.394
330,21,95,1,0.388,0.384,0.968,0.454
330,21,96,0,0.032,0.384,0.424,0.454
330,21,96,1,0.049,0.446,0.968,0.515
330,21,97,0,0.032,0.446,0.085,0.515
330,21,97,1,0.032,0.502,0.968,0.626
330,21,97,2,0.715,0.628,0.968,0.697
330,21,98,0,0.032,0.628,0.751,0.697
330,21,98,1,0.212,0.688,0.968,0.756
330,21,99,0,0.032,0.688,0.247,0.756
330,21,99,1,0.046,0.746,0.968,0.815
330,21,100,0,0.032,0.746,0.082,0.815
330,21,100,1,0.201,0.807,0.968,0.876
330,21,101,0,0.032,0.807,0.237,0.876
330,21,101,1,0.05,0.869,0.968,0.938
331,21,102,0,0.032,0.014,0.968,0.083
331,21,102,1,0.762,0.082,0.968,0.151
331,21,103,0,0.032,0.082,0.798,0.151
331,21,103,1,0.032,0.137,0.968,0.206
331,21,103,2,0.92,0.197,0.968,0.266
331,21,104,0,0.032,0.197,0.956,0.266
331,21,104,1,0.032,0.252,0.968,0.321
331,21,104,2,0.92,0.316,0.968,0.386
331,21,105,0,0.032,0.316,0.956,0.386
331,21,105,1,0.407,0.377,0.968,0.446
331,21,106,0,0.032,0.377,0.443,0.446
331,21,106,1,0.642,0.434,0.968,0.504
331,21,107,0,0.032,0.434,0.678,0.504
331,21,107,1,0.92,0.494,0.968,0.564
331,21,108,0,0.032,0.494,0.956,0.564
331,21,108,1,0.532,0.552,0.968,0.621
331,21,109,0,0.032,0.552,0.568,0.621
331,21,109,1,0.05,0.614,0.968,0.682
331,21,110,0,0.032,0.614,0.086,0.682
331,21,110,1,0.032,0.669,0.968,0.738
331,21,110,2,0.915,0.729,0.968,0.797
331,21,111,0,0.109,0.729,0.951,0.797
331,21,112,0,0.032,0.729,0.145,0.797
331,21,112,1,0.049,0.788,0.968,0.857
332,22,1,0,0.032,0.014,0.968,0.193
332,22,1,1,0.794,0.152,0.968,0.222
332,22,2,0,0.032,0.152,0.83,0.222
332,22,2,1,0.032,0.207,0.968,0.332
332,22,2,2,0.915,0.333,0.968,0.403
332,22,3,0,0.032,0.333,0.951,0.403
332,22,3,1,0.672,0.391,0.968,0.461
332,22,4,0,0.032,0.391,0.708,0.461
332,22,4,1,0.492,0.451,0.968,0.52
332,22,5,0,0.032,0.451,0.528,0.52
332,22,5,1,0.032,0.507,0.968,0.906
332,22,5,2,0.049,0.87,0.968,0.939
333,22,6,0,0.032,0.014,0.968,0.083
333,22,6,1,0.918,0.086,0.968,0.155
333,22,7,0,0.032,0.086,0.954,0.155
333,22,7,1,0.822,0.145,0.968,0.214
333,22,8,0,0.032,0.145,0.858,0.214
333,22,8,1,0.692,0.205,0.968,0.274
333,22,9,0,0.032,0.205,0.728,0.274
333,22,9,1,0.148,0.265,0.968,0.335
333,22,10,0,0.032,0.265,0.184,0.335
333,22,10,1,0.213,0.323,0.968,0.393
333,22,11,0,0.032,0.323,0.249,0.393
333,22,11,1,0.032,0.378,0.968,0.502
333,22,11,2,0.642,0.505,0.968,0.574
333,22,12,0,0.032,0.505,0.678,0.574
333,22,12,1,0.21,0.564,0.968,0.632
333,22,13,0,0.032,0.564,0.246,0.632
333,22,13,1,0.05,0.625,0.968,0.694
333,22,14,0,0.032,0.625,0.086,0.694
333,22,14,1,0.032,0.68,0.968,0.749
333,22,14,2,0.193,0.743,0.968,0.811
333,22,15,0,0.032,0.743,0.229,0.811
333,22,15,1,0.032,0.798,0.968,0.867
333,22,15,2,0.056,0.865,0.968,0.933
334,22,16,0,0.032,0.014,0.968,0.083
334,22,16,1,0.914,0.086,0.968,0.155
334,22,17,0,0.032,0.086,0.95,0.155
334,22,17,1,0.032,0.141,0.968,0.21
334,22,17,2,0.273,0.199,0.968,0.268
334,22,18,0,0.032,0.199,0.309,0.268
334,22,18,1,0.032,0.254,0.968,0.433
334,22,18,2,0.514,0.445,0.968,0.514
334,22,19,0,0.032,0.445,0.55,0.514
334,22,19,1,0.032,0.501,0.968,0.57
334,22,19,2,0.472,0.566,0.968,0.634
334,22,20,0,0.032,0.566,0.508,0.634
334,22,20,1,0.776,0.629,0.968,0.698
334,22,21,0,0.323,0.626,0.812,0.695
334,22,22,0,0.032,0.626,0.359,0.695
334,22,22,1,0.032,0.681,0.968,0.75
334,22,22,2,0.915,0.75,0.968,0.819
334,22,23,0,0.032,0.75,0.951,0.819
334,22,23,1,0.032,0.805,0.968,0.874
334,22,23,2,0.053,0.864,0.968,0.932
335,22,24,0,0.032,0.014,0.968,0.083
335,22,24,1,0.92,0.082,0.968,0.151
335,22,25,0,0.032,0.082,0.956,0.151
335,22,25,1,0.032,0.137,0.968,0.206
335,22,25,2,0.052,0.203,0.968,0.272
335,22,26,0,0.032,0.203,0.088,0.272
335,22,26,1,0.032,0.258,0.968,0.382
335,22,26,2,0.782,0.385,0.968,0.455
335,22,27,0,0.032,0.385,0.818,0.455
335,22,27,1,0.207,0.446,0.968,0.515
335,22,28,0,0.032,0.446,0.243,0.515
335,22,28,1,0.032,0.502,0.968,0.626
335,22,28,2,0.628,0.626,0.968,0.695
335,22,29,0,0.032,0.626,0.664,0.695
335,22,29,1,0.233,0.692,0.968,0.76
335,22,30,0,0.032,0.692,0.269,0.76
335,22,30,1,0.032,0.747,0.968,0.871
335,22,30,2,0.059,0.871,0.968,0.94
336,22,31,0,0.032,0.014,0.968,0.138
336,22,31,1,0.915,0.144,0.968,0.213
336,22,32,0,0.032,0.144,0.951,0.213
336,22,32,1,0.917,0.204,0.968,0.273
336,22,33,0,0.032,0.204,0.953,0.273
336,22,33,1,0.78,0.264,0.968,0.334
336,22,34,0,0.032,0.264,0.816,0.334
336,22,34,1,0.032,0.319,0.968,0.389
336,22,34,2,0.416,0.382,0.968,0.452
336,22,35,0,0.032,0.382,0.452,0.452
336,22,35,1,0.032,0.437,0.968,0.506
336,22,35,2,0.659,0.505,0.968,0.574
336,22,36,0,0.032,0.505,0.696,0.574
336,22,36,1,0.032,0.56,0.968,0.684
336,22,36,2,0.557,0.681,0.968,0.75
336,22,37,0,0.032,0.681,0.593,0.75
336,22,37,1,0.032,0.737,0.968,0.805
336,22,37,2,0.227,0.803,0.968,0.872
336,22,38,0,0.032,0.803,0.263,0.872
336,22,38,1,0.046,0.861,0.968,0.929
337,22,39,0,0.032,0.014,0.968,0.083
337,22,39,1,0.802,0.085,0.968,0.154
337,22,40,0,0.032,0.085,0.838,0.154
337,22,40,1,0.032,0.14,0.968,0.319
337,22,40,2,0.821,0.324,0.968,0.394
337,22,41,0,0.032,0.324,0.857,0.394
337,22,41,1,0.032,0.379,0.968,0.449
337,22,41,2,0.577,0.447,0.968,0.516
337,22,42,0,0.032,0.447,0.613,0.516
337,22,42,1,0.472,0.509,0.968,0.578
337,22,43,0,0.052,0.507,0.508,0.576
337,22,44,0,0.032,0.507,0.088,0.576
337,22,44,1,0.032,0.562,0.968,0.631
337,22,44,2,0.365,0.626,0.968,0.695
337,22,45,0,0.032,0.626,0.401,0.695
337,22,45,1,0.032,0.681,0.968,0.75
337,22,45,2,0.421,0.75,0.968,0.819
337,22,46,0,0.032,0.75,0.457,0.819
337,22,46,1,0.032,0.805,0.968,0.874
337,22,46,2,0.055,0.869,0.968,0.938
338,22,47,0,0.032,0.014,0.968,0.083
338,22,47,1,0.273,0.092,0.968,0.162
338,22,48,0,0.032,0.092,0.309,0.162
338,22,48,1,0.032,0.147,0.968,0.216
338,22,48,2,0.915,0.21,0.968,0.28
338,22,49,0,0.19,0.211,0.951,0.281
338,22,50,0,0.032,0.211,0.226,0.281
338,22,50,1,0.05,0.269,0.968,0.339
338,22,51,0,0.032,0.269,0.086,0.339
338,22,51,1,0.032,0.324,0.968,0.394
338,22,51,2,0.914,0.39,0.968,0.46
338,22,52,0,0.032,0.39,0.95,0.46
338,22,52,1,0.032,0.445,0.968,0.514
338,22,52,2,0.154,0.508,0.968,0.577
338,22,53,0,0.032,0.508,0.19,0.577
338,22,53,1,0.032,0.563,0.968,0.632
338,22,53,2,0.157,0.631,0.968,0.7
338,22,54,0,0.032,0.631,0.193,0.7
338,22,54,1,0.032,0.686,0.968,0.81
338,22,54,2,0.771,0.808,0.968,0.877
338,22,55,0,0.032,0.808,0.807,0.877
338,22,55,1,0.052,0.869,0.968,0.938
339,22,56,0,0.032,0.014,0.968,0.083
339,22,56,1,0.273,0.089,0.968,0.158
339,22,57,0,0.032,0.089,0.309,0.158
339,22,57,1,0.052,0.148,0.968,0.217
339,22,58,0,0.032,0.148,0.088,0.217
339,22,58,1,0.032,0.203,0.968,0.328
339,22,58,2,0.717,0.328,0.968,0.398
339,22,59,0,0.032,0.328,0.753,0.398
339,22,59,1,0.56,0.384,0.968,0.454
339,22,60,0,0.032,0.384,0.596,0.454
339,22,60,1,0.032,0.439,0.968,0.508
339,22,60,2,0.67,0.507,0.968,0.576
339,22,61,0,0.032,0.507,0.706,0.576
339,22,61,1,0.032,0.562,0.968,0.631
339,22,61,2,0.921,0.626,0.968,0.695
339,22,62,0,0.032,0.626,0.958,0.695
339,22,62,1,0.052,0.689,0.968,0.757
339,22,63,0,0.032,0.689,0.088,0.757
339,22,63,1,0.032,0.744,0.968,0.812
339,22,63,2,0.357,0.807,0.968,0.876
339,22,64,0,0.032,0.807,0.393,0.876
339,22,64,1,0.053,0.868,0.968,0.936
340,22,65,0,0.032,0.014,0.968,0.138
340,22,65,1,0.461,0.145,0.968,0.214
340,22,66,0,0.032,0.145,0.497,0.214
340,22,66,1,0.046,0.205,0.968,0.274
340,22,67,0,0.032,0.205,0.082,0.274
340,22,67,1,0.032,0.26,0.968,0.329
340,22,67,2,0.047,0.325,0.968,0.395
340,22,68,0,0.032,0.325,0.083,0.395
340,22,68,1,0.232,0.384,0.968,0.454
340,22,69,0,0.032,0.384,0.268,0.454
340,22,69,1,0.049,0.448,0.968,0.517
340,22,70,0,0.032,0.448,0.085,0.517
340,22,70,1,0.032,0.504,0.968,0.573
340,22,70,2,0.352,0.568,0.968,0.636
340,22,71,0,0.032,0.568,0.389,0.636
340,22,71,1,0.032,0.623,0.968,0.692
340,22,71,2,0.751,0.689,0.968,0.757
340,22,72,0,0.032,0.689,0.787,0.757
340,22,72,1,0.032,0.744,0.968,0.868
340,22,72,2,0.05,0.871,0.968,0.94
341,22,73,0,0.032,0.014,0.968,0.193
341,22,73,1,0.591,0.196,0.968,0.265
341,22,74,0,0.032,0.196,0.627,0.265
341,22,74,1,0.599,0.259,0.968,0.329
341,22,75,0,0.032,0.259,0.635,0.329
341,22,75,1,0.132,0.324,0.968,0.394
341,22,76,0,0.032,0.324,0.168,0.394
341,22,76,1,0.05,0.38,0.968,0.45
341,22,77,0,0.032,0.38,0.086,0.45
341,22,77,1,0.032,0.435,0.968,0.504
341,22,77,2,0.053,0.499,0.968,0.569
341,22,78,0,0.032,0.499,0.089,0.569
341,22,78,1,0.032,0.555,0.968,0.789
341,22,78,2,0.052,0.791,0.968,0.86
342,23,1,0,0.032,0.014,0.968,0.083
342,23,1,1,0.618,0.087,0.968,0.156
342,23,2,0,0.049,0.087,0.654,0.156
342,23,3,0,0.032,0.087,0.085,0.156
342,23,3,1,0.362,0.144,0.968,0.213
342,23,4,0,0.032,0.144,0.398,0.213
342,23,4,1,0.787,0.206,0.968,0.275
342,23,5,0,0.182,0.205,0.823,0.274
342,23,6,0,0.032,0.205,0.218,0.274
342,23,6,1,0.047,0.266,0.968,0.336
342,23,7,0,0.032,0.266,0.083,0.336
342,23,7,1,0.21,0.326,0.968,0.396
342,23,8,0,0.032,0.326,0.246,0.396
342,23,8,1,0.449,0.384,0.968,0.454
342,23,9,0,0.032,0.384,0.485,0.454
342,23,9,1,0.756,0.444,0.968,0.513
342,23,10,0,0.337,0.443,0.792,0.512
342,23,11,0,0.032,0.443,0.373,0.512
342,23,11,1,0.47,0.505,0.968,0.574
342,23,12,0,0.032,0.505,0.506,0.574
342,23,12,1,0.67,0.565,0.968,0.633
342,23,13,0,0.087,0.566,0.706,0.634
342,23,14,0,0.032,0.566,0.123,0.634
342,23,14,1,0.032,0.621,0.968,0.745
342,23,14,2,0.352,0.742,0.968,0.81
342,23,15,0,0.032,0.742,0.389,0.81
342,23,15,1,0.793,0.803,0.968,0.872
342,23,16,0,0.165,0.804,0.829,0.873
342,23,17,0,0.032,0.804,0.201,0.873
342,23,17,1,0.049,0.864,0.968,0.932
343,23,18,0,0.032,0.014,0.968,0.083
343,23,18,1,0.723,0.088,0.968,0.157
343,23,19,0,0.032,0.088,0.759,0.157
343,23,19,1,0.34,0.148,0.968,0.217
343,23,20,0,0.032,0.148,0.376,0.217
343,23,20,1,0.247,0.206,0.968,0.275
343,23,21,0,0.032,0.206,0.283,0.275
343,23,21,1,0.032,0.261,0.968,0.33
343,23,21,2,0.695,0.326,0.968,0.396
343,23,22,0,0.162,0.326,0.731,0.396
343,23,23,0,0.032,0.326,0.198,0.396
343,23,23,1,0.032,0.381,0.968,0.451
343,23,23,2,0.652,0.445,0.968,0.514
343,23,24,0,0.032,0.445,0.688,0.514
343,23,24,1,0.032,0.501,0.968,0.57
343,23,24,2,0.233,0.564,0.968,0.632
343,23,25,0,0.032,0.564,0.269,0.632
343,23,25,1,0.295,0.626,0.968,0.695
343,23,26,0,0.032,0.626,0.331,0.695
343,23,26,1,0.677,0.685,0.968,0.754
343,23,27,0,0.032,0.685,0.713,0.754
343,23,27,1,0.032,0.741,0.968,0.865
343,23,27,2,0.052,0.868,0.968,0.936
344,23,28,0,0.032,0.014,0.968,0.083
344,23,28,1,0.627,0.083,0.968,0.152
344,23,29,0,0.032,0.083,0.663,0.152
344,23,29,1,0.788,0.145,0.968,0.214
344,23,30,0,0.171,0.144,0.824,0.213
344,23,31,0,0.032,0.144,0.207,0.213
344,23,31,1,0.567,0.202,0.968,0.271
344,23,32,0,0.032,0.202,0.603,0.271
344,23,32,1,0.343,0.264,0.968,0.334
344,23,33,0,0.032,0.264,0.379,0.334
344,23,33,1,0.032,0.319,0.968,0.444
344,23,33,2,0.788,0.444,0.968,0.513
344,23,34,0,0.032,0.444,0.824,0.513
344,23,34,1,0.914,0.505,0.968,0.574
344,23,35,0,0.039,0.503,0.95,0.572
344,23,36,0,0.032,0.503,0.075,0.572
344,23,36,1,0.393,0.566,0.968,0.634
344,23,37,0,0.032,0.566,0.429,0.634
344,23,37,1,0.292,0.628,0.968,0.697
344,23,38,0,0.032,0.628,0.328,0.697
344,23,38,1,0.176,0.686,0.968,0.755
344,23,39,0,0.032,0.686,0.212,0.755
344,23,39,1,0.599,0.749,0.968,0.818
344,23,40,0,0.047,0.75,0.635,0.819
344,23,41,0,0.032,0.75,0.083,0.819
344,23,41,1,0.032,0.805,0.968,0.874
344,23,41,2,0.746,0.868,0.968,0.936
344,23,42,0,0.052,0.869,0.782,0.938
345,23,43,0,0.385,0.029,0.968,0.098
345,23,44,0,0.032,0.029,0.421,0.098
345,23,44,1,0.032,0.084,0.968,0.153
345,23,44,2,0.427,0.147,0.968,0.216
345,23,45,0,0.032,0.147,0.463,0.216
345,23,45,1,0.455,0.208,0.968,0.278
345,23,46,0,0.032,0.208,0.491,0.278
345,23,46,1,0.48,0.269,0.968,0.339
345,23,47,0,0.032,0.269,0.516,0.339
345,23,47,1,0.587,0.328,0.968,0.398
345,23,48,0,0.032,0.328,0.623,0.398
345,23,48,1,0.917,0.388,0.968,0.458
345,23,49,0,0.162,0.387,0.953,0.457
345,23,50,0,0.032,0.387,0.198,0.457
345,23,50,1,0.032,0.442,0.968,0.511
345,23,50,2,0.92,0.507,0.968,0.576
345,23,51,0,0.032,0.507,0.956,0.576
345,23,51,1,0.711,0.57,0.968,0.638
345,23,52,0,0.032,0.57,0.747,0.638
345,23,52,1,0.816,0.63,0.968,0.699
345,23,53,0,0.032,0.63,0.852,0.699
345,23,53,1,0.815,0.69,0.968,0.758
345,23,54,0,0.287,0.688,0.851,0.756
345,23,55,0,0.032,0.688,0.323,0.756
345,23,55,1,0.573,0.748,0.968,0.817
345,23,56,0,0.032,0.748,0.609,0.817
345,23,56,1,0.918,0.808,0.968,0.877
345,23,57,0,0.233,0.808,0.954,0.877
345,23,58,0,0.032,0.808,0.269,0.877
345,23,58,1,0.591,0.872,0.968,0.941
345,23,59,0,0.053,0.869,0.627,0.938
346,23,60,0,0.049,0.023,0.968,0.092
346,23,61,0,0.032,0.023,0.085,0.092
346,23,61,1,0.224,0.083,0.968,0.152
346,23,62,0,0.032,0.083,0.26,0.152
346,23,62,1,0.047,0.143,0.968,0.212
346,23,63,0,0.032,0.143,0.083,0.212
346,23,63,1,0.032,0.198,0.968,0.267
346,23,63,2,0.802,0.267,0.968,0.337
346,23,64,0,0.032,0.267,0.838,0.337
346,23,64,1,0.92,0.325,0.968,0.395
346,23,65,0,0.284,0.325,0.956,0.395
346,23,66,0,0.032,0.325,0.32,0.395
346,23,66,1,0.216,0.387,0.968,0.457
346,23,67,0,0.032,0.387,0.252,0.457
346,23,67,1,0.628,0.446,0.968,0.515
346,23,68,0,0.032,0.446,0.664,0.515
346,23,68,1,0.65,0.508,0.968,0.577
346,23,69,0,0.032,0.508,0.686,0.577
346,23,69,1,0.917,0.569,0.968,0.637
346,23,70,0,0.032,0.569,0.953,0.637
346,23,70,1,0.788,0.632,0.968,0.701
346,23,71,0,0.032,0.632,0.824,0.701
346,23,71,1,0.032,0.687,0.968,0.756
346,23,71,2,0.632,0.75,0.968,0.819
346,23,72,0,0.032,0.75,0.668,0.819
346,23,72,1,0.649,0.812,0.968,0.881
346,23,73,0,0.049,0.809,0.685,0.878
346,23,74,0,0.032,0.809,0.085,0.878
346,23,74,1,0.049,0.87,0.968,0.939
347,23,75,0,0.032,0.014,0.968,0.083
347,23,75,1,0.766,0.088,0.968,0.157
347,23,76,0,0.032,0.088,0.802,0.157
347,23,76,1,0.711,0.148,0.968,0.217
347,23,77,0,0.032,0.148,0.747,0.217
347,23,77,1,0.615,0.21,0.968,0.28
347,23,78,0,0.032,0.21,0.651,0.28
347,23,78,1,0.469,0.267,0.968,0.337
347,23,79,0,0.032,0.267,0.505,0.337
347,23,79,1,0.673,0.328,0.968,0.398
347,23,80,0,0.032,0.328,0.71,0.398
347,23,80,1,0.399,0.387,0.968,0.457
347,23,81,0,0.032,0.387,0.435,0.457
347,23,81,1,0.739,0.449,0.968,0.518
347,23,82,0,0.032,0.449,0.775,0.518
347,23,82,1,0.784,0.511,0.968,0.58
347,23,83,0,0.032,0.511,0.82,0.58
347,23,83,1,0.552,0.571,0.968,0.639
347,23,84,0,0.032,0.571,0.589,0.639
347,23,84,1,0.599,0.632,0.968,0.701
347,23,85,0,0.032,0.632,0.635,0.701
347,23,85,1,0.92,0.69,0.968,0.758
347,23,86,0,0.032,0.69,0.956,0.758
347,23,86,1,0.923,0.756,0.968,0.825
347,23,87,0,0.241,0.752,0.959,0.821
347,23,88,0,0.032,0.752,0.277,0.821
347,23,88,1,0.032,0.807,0.968,0.876
347,23,88,2,0.691,0.875,0.968,0.944
347,23,89,0,0.05,0.873,0.727,0.942
348,23,90,0,0.363,0.024,0.968,0.093
348,23,91,0,0.032,0.024,0.399,0.093
348,23,91,1,0.032,0.08,0.968,0.149
348,23,91,2,0.132,0.144,0.968,0.213
348,23,92,0,0.032,0.144,0.168,0.213
348,23,92,1,0.184,0.206,0.968,0.275
348,23,93,0,0.032,0.206,0.22,0.275
348,23,93,1,0.529,0.266,0.968,0.336
348,23,94,0,0.032,0.266,0.565,0.336
348,23,94,1,0.748,0.327,0.968,0.397
348,23,95,0,0.049,0.325,0.784,0.395
348,23,96,0,0.032,0.325,0.085,0.395
348,23,96,1,0.049,0.385,0.968,0.455
348,23,97,0,0.032,0.385,0.085,0.455
348,23,97,1,0.236,0.446,0.968,0.515
348,23,98,0,0.032,0.446,0.272,0.515
348,23,98,1,0.644,0.505,0.968,0.574
348,23,99,0,0.032,0.505,0.68,0.574
348,23,99,1,0.796,0.567,0.968,0.635
348,23,100,0,0.032,0.567,0.832,0.635
348,23,100,1,0.185,0.625,0.968,0.694
348,23,101,0,0.032,0.625,0.221,0.694
348,23,101,1,0.049,0.686,0.968,0.755
348,23,102,0,0.032,0.686,0.085,0.755
348,23,102,1,0.153,0.747,0.968,0.816
348,23,103,0,0.032,0.747,0.189,0.816
348,23,103,1,0.032,0.802,0.968,0.871
348,23,103,2,0.774,0.869,0.968,0.938
348,23,104,0,0.05,0.868,0.81,0.936
349,23,105,0,0.123,0.022,0.968,0.09
349,23,106,0,0.032,0.022,0.159,0.09
349,23,106,1,0.117,0.083,0.968,0.152
349,23,107,0,0.032,0.083,0.153,0.152
349,23,107,1,0.306,0.144,0.968,0.213
349,23,108,0,0.032,0.144,0.342,0.213
349,23,108,1,0.711,0.205,0.968,0.274
349,23,109,0,0.032,0.205,0.747,0.274
349,23,109,1,0.225,0.262,0.968,0.332
349,23,110,0,0.032,0.262,0.261,0.332
349,23,110,1,0.053,0.322,0.968,0.392
349,23,111,0,0.032,0.322,0.089,0.392
349,23,111,1,0.111,0.382,0.968,0.452
349,23,112,0,0.032,0.382,0.147,0.452
349,23,112,1,0.387,0.441,0.968,0.51
349,23,113,0,0.032,0.441,0.423,0.51
349,23,113,1,0.621,0.501,0.968,0.57
349,23,114,0,0.032,0.501,0.657,0.57
349,23,114,1,0.686,0.558,0.968,0.627
349,23,115,0,0.032,0.558,0.722,0.627
349,23,115,1,0.659,0.62,0.968,0.689
349,23,116,0,0.032,0.62,0.696,0.689
349,23,116,1,0.461,0.681,0.968,0.75
349,23,117,0,0.032,0.681,0.497,0.75
349,23,117,1,0.032,0.737,0.968,0.805
349,23,117,2,0.751,0.797,0.968,0.866
349,23,118,0,0.05,0.797,0.787,0.866
350,24,1,0,0.032,0.014,0.968,0.138
350,24,1,1,0.918,0.146,0.968,0.215
350,24,2,0,0.032,0.146,0.954,0.215
350,24,2,1,0.032,0.201,0.968,0.271
350,24,2,2,0.486,0.264,0.968,0.334
350,24,3,0,0.032,0.264,0.522,0.334
350,24,3,1,0.032,0.319,0.968,0.389
350,24,3,2,0.784,0.384,0.968,0.454
350,24,4,0,0.032,0.384,0.82,0.454
350,24,4,1,0.032,0.439,0.968,0.508
350,24,4,2,0.785,0.503,0.968,0.572
350,24,5,0,0.032,0.503,0.821,0.572
350,24,5,1,0.825,0.565,0.968,0.633
350,24,6,0,0.032,0.565,0.861,0.633
350,24,6,1,0.047,0.623,0.968,0.692
350,24,7,0,0.032,0.623,0.083,0.692
350,24,7,1,0.143,0.682,0.968,0.751
350,24,8,0,0.032,0.682,0.179,0.751
350,24,8,1,0.032,0.738,0.968,0.806
350,24,8,2,0.915,0.802,0.968,0.871
350,24,9,0,0.049,0.802,0.951,0.871
350,24,10,0,0.032,0.802,0.085,0.871
350,24,10,1,0.049,0.865,0.968,0.933
351,24,11,0,0.032,0.014,0.968,0.193
351,24,11,1,0.501,0.152,0.968,0.222
351,24,12,0,0.032,0.152,0.537,0.222
351,24,12,1,0.122,0.208,0.968,0.278
351,24,13,0,0.032,0.208,0.158,0.278
351,24,13,1,0.032,0.263,0.968,0.333
351,24,13,2,0.565,0.33,0.968,0.4
351,24,14,0,0.032,0.33,0.601,0.4
351,24,14,1,0.052,0.39,0.968,0.46
351,24,15,0,0.032,0.39,0.088,0.46
351,24,15,1,0.032,0.445,0.968,0.514
351,24,15,2,0.351,0.511,0.968,0.58
351,24,16,0,0.032,0.511,0.387,0.58
351,24,16,1,0.032,0.566,0.968,0.635
351,24,16,2,0.918,0.63,0.968,0.699
351,24,17,0,0.053,0.63,0.954,0.699
351,24,18,0,0.032,0.63,0.089,0.699
351,24,18,1,0.219,0.69,0.968,0.758
351,24,19,0,0.032,0.69,0.255,0.758
351,24,19,1,0.032,0.745,0.968,0.814
351,24,19,2,0.139,0.81,0.968,0.879
351,24,20,0,0.032,0.81,0.175,0.879
351,24,20,1,0.055,0.871,0.968,0.94
352,24,21,0,0.032,0.014,0.968,0.193
352,24,21,1,0.486,0.205,0.968,0.274
352,24,22,0,0.032,0.205,0.522,0.274
352,24,22,1,0.032,0.26,0.968,0.384
352,24,22,2,0.65,0.389,0.968,0.459
352,24,23,0,0.032,0.389,0.686,0.459
352,24,23,1,0.046,0.447,0.968,0.516
352,24,24,0,0.032,0.447,0.082,0.516
352,24,24,1,0.032,0.503,0.968,0.572
352,24,24,2,0.917,0.568,0.968,0.636
352,24,25,0,0.032,0.568,0.953,0.636
352,24,25,1,0.808,0.632,0.968,0.701
352,24,26,0,0.032,0.632,0.844,0.701
352,24,26,1,0.032,0.687,0.968,0.756
352,24,26,2,0.222,0.745,0.968,0.814
352,24,27,0,0.032,0.745,0.258,0.814
352,24,27,1,0.032,0.8,0.968,0.869
352,24,27,2,0.047,0.867,0.968,0.935
353,24,28,0,0.032,0.014,0.968,0.138
353,24,28,1,0.836,0.148,0.968,0.217
353,24,29,0,0.032,0.148,0.872,0.217
353,24,29,1,0.052,0.21,0.968,0.28
353,24,30,0,0.032,0.21,0.088,0.28
353,24,30,1,0.032,0.265,0.968,0.335
353,24,30,2,0.258,0.324,0.968,0.394
353,24,31,0,0.032,0.324,0.294,0.394
353,24,31,1,0.032,0.379,0.968,0.889
353,24,31,2,0.055,0.867,0.968,0.935
354,24,32,0,0.032,0.014,0.968,0.083
354,24,32,1,0.044,0.09,0.968,0.159
354,24,33,0,0.032,0.09,0.08,0.159
354,24,33,1,0.032,0.145,0.968,0.489
354,24,33,2,0.914,0.451,0.968,0.52
354,24,34,0,0.032,0.451,0.95,0.52
354,24,34,1,0.444,0.507,0.968,0.576
354,24,35,0,0.032,0.507,0.48,0.576
354,24,35,1,0.032,0.562,0.968,0.796
354,24,35,2,0.43,0.808,0.968,0.877
354,24,36,0,0.032,0.808,0.466,0.877
354,24,36,1,0.05,0.869,0.968,0.938
355,24,37,0,0.032,0.014,0.968,0.083
355,24,37,1,0.053,0.087,0.968,0.156
355,24,38,0,0.032,0.087,0.089,0.156
355,24,38,1,0.032,0.142,0.968,0.211
355,24,38,2,0.565,0.206,0.968,0.275
355,24,39,0,0.032,0.206,0.601,0.275
355,24,39,1,0.032,0.261,0.968,0.33
355,24,39,2,0.052,0.326,0.968,0.396
355,24,40,0,0.032,0.326,0.088,0.396
355,24,40,1,0.032,0.381,0.968,0.505
355,24,40,2,0.205,0.511,0.968,0.58
355,24,41,0,0.032,0.511,0.241,0.58
355,24,41,1,0.032,0.566,0.968,0.635
355,24,41,2,0.199,0.626,0.968,0.695
355,24,42,0,0.032,0.626,0.235,0.695
355,24,42,1,0.356,0.685,0.968,0.754
355,24,43,0,0.032,0.685,0.392,0.754
355,24,43,1,0.032,0.741,0.968,0.865
355,24,43,2,0.055,0.869,0.968,0.938
356,24,44,0,0.047,0.03,0.968,0.099
356,24,45,0,0.032,0.03,0.083,0.099
356,24,45,1,0.032,0.085,0.968,0.209
356,24,45,2,0.469,0.207,0.968,0.276
356,24,46,0,0.032,0.207,0.505,0.276
356,24,46,1,0.212,0.266,0.968,0.336
356,24,47,0,0.032,0.266,0.247,0.336
356,24,47,1,0.032,0.321,0.968,0.391
356,24,47,2,0.449,0.392,0.968,0.462
356,24,48,0,0.032,0.392,0.485,0.462
356,24,48,1,0.335,0.45,0.968,0.519
356,24,49,0,0.032,0.45,0.371,0.519
356,24,49,1,0.641,0.511,0.968,0.58
356,24,50,0,0.032,0.511,0.677,0.58
356,24,50,1,0.046,0.569,0.968,0.637
356,24,51,0,0.032,0.569,0.082,0.637
356,24,51,1,0.032,0.624,0.968,0.693
356,24,51,2,0.122,0.692,0.968,0.76
356,24,52,0,0.032,0.692,0.158,0.76
356,24,52,1,0.038,0.748,0.968,0.817
356,24,53,0,0.032,0.748,0.074,0.817
356,24,53,1,0.032,0.803,0.968,0.872
356,24,53,2,0.042,0.873,0.968,0.942
357,24,54,0,0.032,0.014,0.968,0.193
357,24,54,1,0.607,0.151,0.968,0.221
357,24,55,0,0.032,0.151,0.643,0.221
357,24,55,1,0.032,0.206,0.968,0.386
357,24,55,2,0.05,0.388,0.968,0.458
357,24,56,0,0.032,0.388,0.086,0.458
357,24,56,1,0.032,0.443,0.968,0.512
357,24,56,2,0.819,0.512,0.968,0.581
357,24,57,0,0.387,0.567,0.855,0.635
357,24,58,0,0.032,0.567,0.423,0.635
357,24,58,1,0.032,0.622,0.968,0.856
357,24,58,2,0.049,0.868,0.968,0.936
358,24,59,0,0.032,0.014,0.968,0.138
358,24,59,1,0.627,0.142,0.968,0.211
358,24,60,0,0.032,0.142,0.663,0.211
358,24,60,1,0.032,0.197,0.968,0.321
358,24,60,2,0.703,0.321,0.968,0.391
358,24,61,0,0.032,0.321,0.739,0.391
358,24,61,1,0.032,0.376,0.968,0.886
358,24,61,2,0.053,0.871,0.968,0.94
359,24,62,0,0.032,0.014,0.968,0.303
359,24,62,1,0.435,0.263,0.968,0.333
359,24,63,0,0.032,0.263,0.471,0.333
359,24,63,1,0.032,0.318,0.968,0.443
359,24,63,2,0.235,0.442,0.968,0.511
359,24,64,0,0.032,0.442,0.271,0.511
359,24,64,1,0.032,0.497,0.968,0.567
359,24,64,2,0.049,0.564,0.968,0.632
359,25,1,0,0.032,0.564,0.085,0.632
359,25,1,1,0.032,0.619,0.968,0.798
359,25,1,2,0.918,0.808,0.968,0.877
359,25,2,0,0.032,0.808,0.954,0.877
359,25,2,1,0.053,0.868,0.968,0.936
360,25,3,0,0.032,0.014,0.968,0.138
360,25,3,1,0.605,0.145,0.968,0.214
360,25,4,0,0.032,0.145,0.641,0.214
360,25,4,1,0.032,0.2,0.968,0.27
360,25,4,2,0.914,0.266,0.968,0.336
360,25,5,0,0.032,0.266,0.95,0.336
360,25,5,1,0.492,0.324,0.968,0.394
360,25,6,0,0.032,0.324,0.528,0.394
360,25,6,1,0.131,0.385,0.968,0.455
360,25,7,0,0.032,0.385,0.167,0.455
360,25,7,1,0.032,0.44,0.968,0.509
360,25,7,2,0.193,0.506,0.968,0.575
360,25,8,0,0.032,0.506,0.229,0.575
360,25,8,1,0.032,0.561,0.968,0.63
360,25,8,2,0.137,0.631,0.968,0.7
360,25,9,0,0.032,0.631,0.173,0.7
360,25,9,1,0.032,0.686,0.968,0.755
360,25,9,2,0.802,0.752,0.968,0.821
360,25,10,0,0.032,0.752,0.838,0.821
360,25,10,1,0.089,0.81,0.968,0.879
360,25,11,0,0.032,0.81,0.125,0.879
360,25,11,1,0.052,0.873,0.968,0.942
361,25,12,0,0.128,0.022,0.968,0.09
361,25,13,0,0.032,0.022,0.164,0.09
361,25,13,1,0.053,0.082,0.968,0.151
361,25,14,0,0.032,0.082,0.089,0.151
361,25,14,1,0.097,0.143,0.968,0.212
361,25,15,0,0.032,0.143,0.133,0.212
361,25,15,1,0.032,0.198,0.968,0.267
361,25,15,2,0.618,0.261,0.968,0.331
361,25,16,0,0.032,0.261,0.654,0.331
361,25,16,1,0.413,0.326,0.968,0.396
361,25,17,0,0.032,0.326,0.449,0.396
361,25,17,1,0.032,0.381,0.968,0.451
361,25,17,2,0.416,0.446,0.968,0.515
361,25,18,0,0.032,0.446,0.452,0.515
361,25,18,1,0.032,0.502,0.968,0.571
361,25,18,2,0.14,0.567,0.968,0.635
361,25,19,0,0.032,0.567,0.176,0.635
361,25,19,1,0.032,0.622,0.968,0.691
361,25,19,2,0.05,0.689,0.968,0.757
361,25,20,0,0.032,0.689,0.086,0.757
361,25,20,1,0.032,0.744,0.968,0.868
361,25,20,2,0.053,0.871,0.968,0.94
362,25,21,0,0.032,0.014,0.968,0.138
362,25,21,1,0.911,0.146,0.968,0.215
362,25,22,0,0.032,0.146,0.947,0.215
362,25,22,1,0.695,0.206,0.968,0.275
362,25,23,0,0.032,0.206,0.731,0.275
362,25,23,1,0.698,0.264,0.968,0.334
362,25,24,0,0.032,0.264,0.734,0.334
362,25,24,1,0.672,0.327,0.968,0.397
362,25,25,0,0.032,0.327,0.708,0.397
362,25,25,1,0.807,0.388,0.968,0.458
362,25,26,0,0.032,0.388,0.843,0.458
362,25,26,1,0.639,0.449,0.968,0.518
362,25,27,0,0.032,0.449,0.675,0.518
362,25,27,1,0.366,0.509,0.968,0.578
362,25,28,0,0.032,0.509,0.403,0.578
362,25,28,1,0.723,0.572,0.968,0.64
362,25,29,0,0.032,0.572,0.759,0.64
362,25,29,1,0.26,0.633,0.968,0.702
362,25,30,0,0.032,0.633,0.296,0.702
362,25,30,1,0.159,0.695,0.968,0.763
362,25,31,0,0.032,0.695,0.195,0.763
362,25,31,1,0.032,0.75,0.968,0.819
362,25,31,2,0.793,0.815,0.968,0.883
362,25,32,0,0.032,0.815,0.829,0.883
362,25,32,1,0.05,0.875,0.968,0.944
363,25,33,0,0.053,0.022,0.968,0.09
363,25,34,0,0.032,0.022,0.089,0.09
363,25,34,1,0.032,0.077,0.968,0.146
363,25,34,2,0.537,0.143,0.968,0.212
363,25,35,0,0.032,0.143,0.573,0.212
363,25,35,1,0.315,0.202,0.968,0.271
363,25,36,0,0.032,0.202,0.351,0.271
363,25,36,1,0.136,0.26,0.968,0.33
363,25,37,0,0.032,0.26,0.171,0.33
363,25,37,1,0.032,0.315,0.968,0.385
363,25,37,2,0.253,0.384,0.968,0.454
363,25,38,0,0.032,0.384,0.289,0.454
363,25,38,1,0.273,0.445,0.968,0.514
363,25,39,0,0.032,0.445,0.309,0.514
363,25,39,1,0.365,0.505,0.968,0.574
363,25,40,0,0.032,0.505,0.401,0.574
363,25,40,1,0.032,0.56,0.968,0.629
363,25,40,2,0.489,0.626,0.968,0.695
363,25,41,0,0.032,0.626,0.525,0.695
363,25,41,1,0.224,0.69,0.968,0.758
363,25,42,0,0.032,0.69,0.26,0.758
363,25,42,1,0.032,0.745,0.968,0.814
363,25,42,2,0.157,0.809,0.968,0.878
363,25,43,0,0.032,0.809,0.193,0.878
363,25,43,1,0.055,0.871,0.968,0.94
364,25,44,0,0.032,0.014,0.968,0.083
364,25,44,1,0.446,0.085,0.968,0.154
364,25,45,0,0.032,0.085,0.482,0.154
364,25,45,1,0.032,0.14,0.968,0.209
364,25,45,2,0.917,0.202,0.968,0.271
364,25,46,0,0.34,0.204,0.953,0.273
364,25,47,0,0.032,0.204,0.376,0.273
364,25,47,1,0.049,0.265,0.968,0.335
364,25,48,0,0.032,0.265,0.085,0.335
364,25,48,1,0.032,0.32,0.968,0.39
364,25,48,2,0.545,0.385,0.968,0.455
364,25,49,0,0.032,0.385,0.581,0.455
364,25,49,1,0.34,0.446,0.968,0.515
364,25,50,0,0.032,0.446,0.376,0.515
364,25,50,1,0.222,0.505,0.968,0.574
364,25,51,0,0.032,0.505,0.258,0.574
364,25,51,1,0.456,0.566,0.968,0.634
364,25,52,0,0.032,0.566,0.492,0.634
364,25,52,1,0.373,0.627,0.968,0.696
364,25,53,0,0.032,0.627,0.409,0.696
364,25,53,1,0.032,0.682,0.968,0.751
364,25,53,2,0.678,0.749,0.968,0.818
364,25,54,0,0.032,0.749,0.714,0.818
364,25,54,1,0.428,0.806,0.968,0.875
364,25,55,0,0.032,0.806,0.465,0.875
364,25,55,1,0.047,0.867,0.968,0.935
365,25,56,0,0.438,0.021,0.968,0.089
365,25,57,0,0.032,0.021,0.474,0.089
365,25,57,1,0.194,0.083,0.968,0.152
365,25,58,0,0.032,0.083,0.23,0.152
365,25,58,1,0.032,0.138,0.968,0.207
365,25,58,2,0.708,0.204,0.968,0.273
365,25,59,0,0.032,0.204,0.744,0.273
365,25,59,1,0.032,0.259,0.968,0.328
365,25,59,2,0.802,0.324,0.968,0.394
365,25,60,0,0.032,0.324,0.838,0.394
365,25,60,1,0.373,0.385,0.968,0.455
365,25,61,0,0.032,0.385,0.409,0.455
365,25,61,1,0.126,0.444,0.968,0.513
365,25,62,0,0.032,0.444,0.162,0.513
365,25,62,1,0.032,0.499,0.968,0.569
365,25,62,2,0.756,0.567,0.968,0.635
365,25,63,0,0.032,0.567,0.792,0.635
365,25,63,1,0.167,0.63,0.968,0.699
365,25,64,0,0.032,0.63,0.202,0.699
365,25,64,1,0.348,0.689,0.968,0.757
365,25,65,0,0.032,0.689,0.384,0.757
365,25,65,1,0.032,0.744,0.968,0.812
365,25,65,2,0.918,0.808,0.968,0.877
365,25,66,0,0.36,0.808,0.954,0.877
365,25,67,0,0.032,0.808,0.396,0.877
365,25,67,1,0.052,0.871,0.968,0.94
366,25,68,0,0.032,0.014,0.968,0.138
366,25,68,1,0.813,0.142,0.968,0.211
366,25,69,0,0.032,0.142,0.849,0.211
366,25,69,1,0.797,0.202,0.968,0.271
366,25,70,0,0.032,0.202,0.834,0.271
366,25,70,1,0.032,0.257,0.968,0.326
366,25,70,2,0.796,0.322,0.968,0.392
366,25,71,0,0.032,0.322,0.832,0.392
366,25,71,1,0.807,0.381,0.968,0.451
366,25,72,0,0.032,0.381,0.843,0.451
366,25,72,1,0.67,0.443,0.968,0.512
366,25,73,0,0.032,0.443,0.706,0.512
366,25,73,1,0.402,0.503,0.968,0.572
366,25,74,0,0.032,0.503,0.438,0.572
366,25,74,1,0.032,0.558,0.968,0.627
366,25,74,2,0.646,0.622,0.968,0.691
366,25,75,0,0.032,0.622,0.682,0.691
366,25,75,1,0.235,0.68,0.968,0.749
366,25,76,0,0.032,0.68,0.271,0.749
366,25,76,1,0.388,0.743,0.968,0.811
366,25,77,0,0.032,0.743,0.424,0.811
366,25,77,1,0.047,0.799,0.968,0.868
367,26,1,0,0.032,0.014,0.968,0.083
367,26,1,1,0.815,0.092,0.968,0.162
367,26,2,0,0.331,0.09,0.851,0.16
367,26,3,0,0.032,0.09,0.367,0.16
367,26,3,1,0.641,0.151,0.968,0.221
367,26,4,0,0.032,0.151,0.677,0.221
367,26,4,1,0.59,0.21,0.968,0.28
367,26,5,0,0.032,0.21,0.626,0.28
367,26,5,1,0.588,0.269,0.968,0.339
367,26,6,0,0.032,0.269,0.624,0.339
367,26,6,1,0.723,0.331,0.968,0.401
367,26,7,0,0.032,0.331,0.759,0.401
367,26,7,1,0.833,0.39,0.968,0.46
367,26,8,0,0.117,0.386,0.869,0.456
367,26,9,0,0.032,0.386,0.153,0.456
367,26,9,1,0.565,0.451,0.968,0.52
367,26,10,0,0.032,0.451,0.601,0.52
367,26,10,1,0.777,0.51,0.968,0.579
367,26,11,0,0.329,0.509,0.813,0.578
367,26,12,0,0.032,0.509,0.365,0.578
367,26,12,1,0.735,0.573,0.968,0.641
367,26,13,0,0.032,0.573,0.771,0.641
367,26,13,1,0.739,0.631,0.968,0.7
367,26,14,0,0.114,0.629,0.775,0.698
367,26,15,0,0.032,0.629,0.15,0.698
367,26,15,1,0.243,0.689,0.968,0.757
367,26,16,0,0.032,0.689,0.279,0.757
367,26,16,1,0.452,0.751,0.968,0.82
367,26,17,0,0.032,0.751,0.488,0.82
367,26,17,1,0.92,0.809,0.968,0.878
367,26,18,0,0.052,0.809,0.956,0.878
367,26,19,0,0.032,0.809,0.088,0.878
367,26,19,1,0.055,0.87,0.968,0.939
368,26,20,0,0.453,0.016,0.968,0.085
368,26,21,0,0.032,0.016,0.489,0.085
368,26,21,1,0.287,0.079,0.968,0.148
368,26,22,0,0.032,0.079,0.323,0.148
368,26,22,1,0.514,0.14,0.968,0.209
368,26,23,0,0.032,0.14,0.55,0.209
368,26,23,1,0.917,0.2,0.968,0.269
368,26,24,0,0.032,0.2,0.953,0.269
368,26,24,1,0.915,0.259,0.968,0.329
368,26,25,0,0.433,0.26,0.951,0.33
368,26,26,0,0.032,0.26,0.469,0.33
368,26,26,1,0.793,0.322,0.968,0.392
368,26,27,0,0.05,0.32,0.829,0.39
368,26,28,0,0.032,0.32,0.086,0.39
368,26,28,1,0.095,0.38,0.968,0.45
368,26,29,0,0.032,0.38,0.131,0.45
368,26,29,1,0.109,0.442,0.968,0.511
368,26,30,0,0.032,0.442,0.145,0.511
368,26,30,1,0.528,0.503,0.968,0.572
368,26,31,0,0.032,0.503,0.564,0.572
368,26,31,1,0.76,0.564,0.968,0.632
368,26,32,0,0.185,0.562,0.796,0.631
368,26,33,0,0.032,0.562,0.221,0.631
368,26,33,1,0.545,0.626,0.968,0.695
368,26,34,0,0.032,0.626,0.581,0.695
368,26,34,1,0.821,0.685,0.968,0.754
368,26,35,0,0.032,0.685,0.857,0.754
368,26,35,1,0.751,0.747,0.968,0.816
368,26,36,0,0.032,0.747,0.787,0.816
368,26,36,1,0.912,0.804,0.968,0.873
368,26,37,0,0.308,0.803,0.948,0.872
368,26,38,0,0.032,0.803,0.344,0.872
368,26,38,1,0.596,0.866,0.968,0.934
368,26,39,0,0.049,0.866,0.632,0.934
369,26,40,0,0.312,0.019,0.968,0.088
369,26,41,0,0.032,0.019,0.348,0.088
369,26,41,1,0.187,0.081,0.968,0.15
369,26,42,0,0.032,0.081,0.223,0.15
369,26,42,1,0.56,0.142,0.968,0.211
369,26,43,0,0.032,0.142,0.596,0.211
369,26,43,1,0.918,0.202,0.968,0.271
369,26,44,0,0.032,0.202,0.954,0.271
369,26,44,1,0.785,0.263,0.968,0.333
369,26,45,0,0.032,0.263,0.821,0.333
369,26,45,1,0.918,0.32,0.968,0.39
369,26,46,0,0.483,0.32,0.954,0.39
369,26,47,0,0.053,0.321,0.519,0.391
369,26,48,0,0.032,0.321,0.089,0.391
369,26,48,1,0.661,0.382,0.968,0.452
369,26,49,0,0.032,0.382,0.697,0.452
369,26,49,1,0.032,0.437,0.968,0.506
369,26,49,2,0.303,0.504,0.968,0.573
369,26,50,0,0.032,0.504,0.339,0.573
369,26,50,1,0.677,0.566,0.968,0.634
369,26,51,0,0.032,0.566,0.713,0.634
369,26,51,1,0.698,0.626,0.968,0.695
369,26,52,0,0.032,0.626,0.734,0.695
369,26,52,1,0.797,0.686,0.968,0.755
369,26,53,0,0.201,0.69,0.834,0.758
369,26,54,0,0.032,0.69,0.237,0.758
369,26,54,1,0.692,0.748,0.968,0.817
369,26,55,0,0.349,0.748,0.728,0.817
369,26,56,0,0.032,0.748,0.385,0.817
369,26,56,1,0.917,0.803,0.968,0.872
369,26,57,0,0.413,0.809,0.953,0.878
369,26,58,0,0.052,0.808,0.449,0.877
369,26,59,0,0.032,0.808,0.088,0.877
369,26,59,1,0.459,0.868,0.968,0.936
369,26,60,0,0.064,0.868,0.495,0.936
370,26,61,0,0.101,0.024,0.968,0.093
370,26,62,0,0.032,0.024,0.137,0.093
370,26,62,1,0.5,0.085,0.968,0.154
370,26,63,0,0.032,0.085,0.536,0.154
370,26,63,1,0.047,0.145,0.968,0.214
370,26,64,0,0.032,0.145,0.083,0.214
370,26,64,1,0.611,0.207,0.968,0.276
370,26,65,0,0.049,0.204,0.647,0.273
370,26,66,0,0.032,0.204,0.085,0.273
370,26,66,1,0.608,0.269,0.968,0.339
370,26,67,0,0.032,0.269,0.644,0.339
370,26,67,1,0.797,0.329,0.968,0.399
370,26,68,0,0.256,0.327,0.834,0.397
370,26,69,0,0.032,0.327,0.292,0.397
370,26,69,1,0.732,0.39,0.968,0.46
370,26,70,0,0.132,0.389,0.768,0.459
370,26,71,0,0.032,0.389,0.168,0.459
370,26,71,1,0.411,0.449,0.968,0.518
370,26,72,0,0.032,0.449,0.448,0.518
370,26,72,1,0.811,0.509,0.968,0.578
370,26,73,0,0.365,0.511,0.848,0.58
370,26,74,0,0.032,0.511,0.401,0.58
370,26,74,1,0.684,0.57,0.968,0.638
370,26,75,0,0.131,0.568,0.72,0.636
370,26,76,0,0.032,0.568,0.167,0.636
370,26,76,1,0.549,0.631,0.968,0.7
370,26,77,0,0.032,0.631,0.585,0.7
370,26,77,1,0.915,0.69,0.968,0.758
370,26,78,0,0.473,0.691,0.951,0.759
370,26,79,0,0.032,0.691,0.509,0.759
370,26,79,1,0.914,0.755,0.968,0.824
370,26,80,0,0.373,0.754,0.95,0.823
370,26,81,0,0.032,0.754,0.409,0.823
370,26,81,1,0.808,0.816,0.968,0.884
370,26,82,0,0.032,0.816,0.844,0.884
370,26,82,1,0.914,0.875,0.968,0.944
370,26,83,0,0.058,0.871,0.95,0.94
371,26,84,0,0.391,0.023,0.968,0.091
371,26,85,0,0.032,0.023,0.427,0.091
371,26,85,1,0.816,0.084,0.968,0.153
371,26,86,0,0.25,0.085,0.852,0.154
371,26,87,0,0.032,0.085,0.286,0.154
371,26,87,1,0.815,0.145,0.968,0.214
371,26,88,0,0.37,0.144,0.851,0.213
371,26,89,0,0.032,0.144,0.406,0.213
371,26,89,1,0.83,0.208,0.968,0.278
371,26,90,0,0.41,0.207,0.866,0.276
371,26,91,0,0.032,0.207,0.446,0.276
371,26,91,1,0.92,0.266,0.968,0.336
371,26,92,0,0.441,0.265,0.956,0.335
371,26,93,0,0.032,0.265,0.477,0.335
371,26,93,1,0.725,0.327,0.968,0.397
371,26,94,0,0.258,0.327,0.761,0.397
371,26,95,0,0.032,0.327,0.294,0.397
371,26,95,1,0.804,0.387,0.968,0.457
371,26,96,0,0.337,0.388,0.84,0.458
371,26,97,0,0.032,0.388,0.373,0.458
371,26,97,1,0.722,0.449,0.968,0.518
371,26,98,0,0.244,0.449,0.758,0.518
371,26,99,0,0.032,0.449,0.28,0.518
371,26,99,1,0.712,0.51,0.968,0.579
371,26,100,0,0.357,0.511,0.748,0.58
371,26,101,0,0.052,0.51,0.393,0.579
371,26,102,0,0.032,0.51,0.088,0.579
371,26,102,1,0.427,0.572,0.968,0.64
371,26,103,0,0.032,0.572,0.463,0.64
371,26,103,1,0.672,0.633,0.968,0.702
371,26,104,0,0.149,0.633,0.708,0.702
371,26,105,0,0.032,0.633,0.185,0.702
371,26,105,1,0.633,0.693,0.968,0.761
371,26,106,0,0.053,0.694,0.669,0.762
371,26,107,0,0.032,0.694,0.089,0.762
371,26,107,1,0.611,0.754,0.968,0.823
371,26,108,0,0.244,0.755,0.647,0.824
371,26,109,0,0.032,0.755,0.28,0.824
371,26,109,1,0.213,0.815,0.968,0.883
371,26,110,0,0.032,0.815,0.249,0.883
371,26,110,1,0.768,0.875,0.968,0.944
371,26,111,0,0.058,0.874,0.804,0.943
372,26,112,0,0.424,0.03,0.968,0.099
372,26,113,0,0.032,0.03,0.46,0.099
372,26,113,1,0.74,0.091,0.968,0.161
372,26,114,0,0.334,0.09,0.776,0.16
372,26,115,0,0.032,0.09,0.37,0.16
372,26,115,1,0.915,0.151,0.968,0.221
372,26,116,0,0.103,0.152,0.951,0.222
372,26,117,0,0.032,0.152,0.139,0.222
372,26,117,1,0.615,0.21,0.968,0.28
372,26,118,0,0.032,0.21,0.651,0.28
372,26,118,1,0.656,0.272,0.968,0.342
372,26,119,0,0.032,0.272,0.692,0.342
372,26,119,1,0.915,0.329,0.968,0.399
372,26,120,0,0.549,0.331,0.951,0.401
372,26,121,0,0.032,0.331,0.585,0.401
372,26,121,1,0.675,0.392,0.968,0.462
372,26,122,0,0.146,0.391,0.711,0.461
372,26,123,0,0.032,0.391,0.182,0.461
372,26,123,1,0.72,0.453,0.968,0.522
372,26,124,0,0.165,0.453,0.756,0.522
372,26,125,0,0.032,0.453,0.201,0.522
372,26,125,1,0.74,0.511,0.968,0.58
372,26,126,0,0.359,0.512,0.776,0.581
372,26,127,0,0.032,0.512,0.395,0.581
372,26,127,1,0.301,0.573,0.968,0.641
372,26,128,0,0.032,0.573,0.337,0.641
372,26,128,1,0.712,0.634,0.968,0.703
372,26,129,0,0.049,0.634,0.748,0.703
372,26,130,0,0.032,0.634,0.085,0.703
372,26,130,1,0.439,0.692,0.968,0.76
372,26,131,0,0.049,0.695,0.475,0.763
372,26,132,0,0.032,0.695,0.085,0.763
372,26,132,1,0.441,0.751,0.968,0.82
372,26,133,0,0.05,0.754,0.477,0.823
372,26,134,0,0.032,0.754,0.086,0.823
372,26,134,1,0.659,0.812,0.968,0.881
372,26,135,0,0.032,0.812,0.696,0.881
372,26,135,1,0.914,0.868,0.968,0.936
372,26,136,0,0.053,0.872,0.95,0.941
373,26,137,0,0.534,0.022,0.968,0.09
373,26,138,0,0.198,0.023,0.57,0.092
373,26,139,0,0.032,0.023,0.233,0.092
373,26,139,1,0.101,0.082,0.968,0.151
373,26,140,0,0.032,0.082,0.137,0.151
373,26,140,1,0.559,0.142,0.968,0.211
373,26,141,0,0.146,0.142,0.595,0.211
373,26,142,0,0.032,0.142,0.182,0.211
373,26,142,1,0.456,0.202,0.968,0.271
373,26,143,0,0.053,0.202,0.492,0.271
373,26,144,0,0.032,0.202,0.089,0.271
373,26,144,1,0.621,0.262,0.968,0.332
373,26,145,0,0.032,0.262,0.657,0.332
373,26,145,1,0.588,0.32,0.968,0.39
373,26,146,0,0.052,0.32,0.624,0.39
373,26,147,0,0.032,0.32,0.088,0.39
373,26,147,1,0.627,0.384,0.968,0.454
373,26,148,0,0.052,0.383,0.663,0.453
373,26,149,0,0.032,0.383,0.088,0.453
373,26,149,1,0.359,0.442,0.968,0.511
373,26,150,0,0.032,0.442,0.395,0.511
373,26,150,1,0.917,0.503,0.968,0.572
373,26,151,0,0.447,0.502,0.953,0.571
373,26,152,0,0.032,0.502,0.483,0.571
373,26,152,1,0.705,0.564,0.968,0.632
373,26,153,0,0.184,0.561,0.741,0.63
373,26,154,0,0.032,0.561,0.22,0.63
373,26,154,1,0.106,0.622,0.968,0.691
373,26,155,0,0.032,0.622,0.142,0.691
373,26,155,1,0.219,0.684,0.968,0.753
373,26,156,0,0.032,0.684,0.255,0.753
373,26,156,1,0.362,0.744,0.968,0.812
373,26,157,0,0.032,0.744,0.398,0.812
373,26,157,1,0.811,0.804,0.968,0.873
373,26,158,0,0.032,0.804,0.848,0.873
373,26,158,1,0.607,0.865,0.968,0.933
373,26,159,0,0.056,0.865,0.643,0.933
374,26,160,0,0.534,0.023,0.968,0.091
374,26,161,0,0.032,0.023,0.57,0.091
374,26,161,1,0.914,0.084,0.968,0.153
374,26,162,0,0.517,0.082,0.95,0.151
374,26,163,0,0.118,0.083,0.553,0.152
374,26,164,0,0.032,0.083,0.154,0.152
374,26,164,1,0.046,0.143,0.968,0.212
374,26,165,0,0.032,0.143,0.082,0.212
374,26,165,1,0.483,0.204,0.968,0.273
374,26,166,0,0.032,0.204,0.519,0.273
374,26,166,1,0.39,0.264,0.968,0.334
374,26,167,0,0.032,0.264,0.426,0.334
374,26,167,1,0.556,0.328,0.968,0.398
374,26,168,0,0.049,0.325,0.592,0.395
374,26,169,0,0.032,0.325,0.085,0.395
374,26,169,1,0.455,0.388,0.968,0.458
374,26,170,0,0.049,0.388,0.491,0.458
374,26,171,0,0.032,0.388,0.085,0.458
374,26,171,1,0.571,0.448,0.968,0.517
374,26,172,0,0.249,0.446,0.607,0.515
374,26,173,0,0.032,0.446,0.285,0.515
374,26,173,1,0.52,0.511,0.968,0.58
374,26,174,0,0.032,0.511,0.556,0.58
374,26,174,1,0.804,0.573,0.968,0.641
374,26,175,0,0.287,0.569,0.84,0.637
374,26,176,0,0.032,0.569,0.323,0.637
374,26,176,1,0.669,0.633,0.968,0.702
374,26,177,0,0.167,0.63,0.705,0.699
374,26,178,0,0.032,0.63,0.202,0.699
374,26,178,1,0.737,0.691,0.968,0.759
374,26,179,0,0.34,0.693,0.773,0.761
374,26,180,0,0.032,0.693,0.376,0.761
374,26,180,1,0.317,0.753,0.968,0.822
374,26,181,0,0.032,0.753,0.353,0.822
374,26,181,1,0.562,0.816,0.968,0.884
374,26,182,0,0.049,0.815,0.598,0.883
374,26,183,0,0.032,0.815,0.085,0.883
374,26,183,1,0.052,0.875,0.968,0.944
375,26,184,0,0.301,0.018,0.968,0.087
375,26,185,0,0.032,0.018,0.337,0.087
375,26,185,1,0.698,0.082,0.968,0.151
375,26,186,0,0.032,0.082,0.734,0.151
375,26,186,1,0.754,0.143,0.968,0.212
375,26,187,0,0.032,0.143,0.79,0.212
375,26,187,1,0.684,0.203,0.968,0.272
375,26,188,0,0.173,0.203,0.72,0.272
375,26,189,0,0.032,0.203,0.209,0.272
375,26,189,1,0.049,0.264,0.968,0.334
375,26,190,0,0.032,0.264,0.085,0.334
375,26,190,1,0.283,0.32,0.968,0.39
375,26,191,0,0.032,0.32,0.319,0.39
375,26,191,1,0.701,0.384,0.968,0.454
375,26,192,0,0.25,0.382,0.737,0.452
375,26,193,0,0.032,0.382,0.286,0.452
375,26,193,1,0.801,0.445,0.968,0.514
375,26,194,0,0.246,0.444,0.837,0.513
375,26,195,0,0.032,0.444,0.282,0.513
375,26,195,1,0.852,0.507,0.968,0.576
375,26,196,0,0.45,0.506,0.888,0.575
375,26,197,0,0.032,0.506,0.486,0.575
375,26,197,1,0.621,0.568,0.968,0.636
375,26,198,0,0.052,0.566,0.657,0.634
375,26,199,0,0.032,0.566,0.088,0.634
375,26,199,1,0.325,0.628,0.968,0.697
375,26,200,0,0.032,0.628,0.361,0.697
375,26,200,1,0.574,0.688,0.968,0.756
375,26,201,0,0.032,0.688,0.61,0.756
375,26,201,1,0.793,0.749,0.968,0.818
375,26,202,0,0.159,0.748,0.829,0.817
375,26,203,0,0.032,0.748,0.195,0.817
375,26,203,1,0.621,0.807,0.968,0.876
375,26,204,0,0.204,0.806,0.657,0.875
375,26,205,0,0.032,0.806,0.24,0.875
375,26,205,1,0.604,0.868,0.968,0.936
375,26,206,0,0.055,0.868,0.64,0.936
376,26,207,0,0.435,0.023,0.968,0.091
376,26,208,0,0.032,0.023,0.471,0.091
376,26,208,1,0.732,0.085,0.968,0.154
376,26,209,0,0.25,0.083,0.768,0.152
376,26,210,0,0.032,0.083,0.286,0.152
376,26,210,1,0.74,0.144,0.968,0.213
376,26,211,0,0.159,0.142,0.776,0.211
376,26,212,0,0.032,0.142,0.195,0.211
376,26,212,1,0.593,0.202,0.968,0.271
376,26,213,0,0.032,0.202,0.629,0.271
376,26,213,1,0.705,0.263,0.968,0.333
376,26,214,0,0.185,0.26,0.741,0.33
376,26,215,0,0.032,0.26,0.221,0.33
376,26,215,1,0.36,0.319,0.968,0.389
376,26,216,0,0.032,0.319,0.396,0.389
376,26,216,1,0.632,0.382,0.968,0.452
376,26,217,0,0.128,0.379,0.668,0.449
376,26,218,0,0.032,0.379,0.164,0.449
376,26,218,1,0.663,0.441,0.968,0.51
376,26,219,0,0.263,0.441,0.699,0.51
376,26,220,0,0.032,0.441,0.299,0.51
376,26,220,1,0.807,0.501,0.968,0.57
376,26,221,0,0.174,0.497,0.843,0.567
376,26,222,0,0.032,0.497,0.21,0.567
376,26,222,1,0.689,0.562,0.968,0.631
376,26,223,0,0.049,0.556,0.725,0.625
376,26,224,0,0.032,0.556,0.085,0.625
376,26,224,1,0.486,0.621,0.968,0.69
376,26,225,0,0.032,0.621,0.522,0.69
376,26,225,1,0.771,0.681,0.968,0.75
376,26,226,0,0.188,0.678,0.807,0.747
376,26,227,0,0.032,0.678,0.224,0.747
376,26,227,1,0.032,0.734,0.968,0.802
376,26,227,2,0.047,0.797,0.968,0.866
377,27,1,0,0.032,0.014,0.968,0.083
377,27,1,1,0.241,0.089,0.968,0.158
377,27,2,0,0.032,0.089,0.277,0.158
377,27,2,1,0.771,0.15,0.968,0.22
377,27,3,0,0.032,0.15,0.807,0.22
377,27,3,1,0.607,0.21,0.968,0.28
377,27,4,0,0.032,0.21,0.643,0.28
377,27,4,1,0.543,0.268,0.968,0.338
377,27,5,0,0.032,0.268,0.579,0.338
377,27,5,1,0.449,0.327,0.968,0.397
377,27,6,0,0.032,0.327,0.485,0.397
377,27,6,1,0.67,0.39,0.968,0.46
377,27,7,0,0.032,0.39,0.706,0.46
377,27,7,1,0.111,0.446,0.968,0.515
377,27,8,0,0.032,0.446,0.147,0.515
377,27,8,1,0.032,0.502,0.968,0.571
377,27,8,2,0.808,0.57,0.968,0.638
377,27,9,0,0.273,0.568,0.844,0.636
377,27,10,0,0.032,0.568,0.309,0.636
377,27,10,1,0.032,0.623,0.968,0.692
377,27,10,2,0.52,0.69,0.968,0.758
377,27,11,0,0.032,0.69,0.556,0.758
377,27,11,1,0.598,0.75,0.968,0.819
377,27,12,0,0.032,0.75,0.634,0.819
377,27,12,1,0.032,0.805,0.968,0.874
377,27,12,2,0.918,0.869,0.968,0.938
377,27,13,0,0.056,0.866,0.954,0.934
378,27,14,0,0.032,0.014,0.968,0.083
378,27,14,1,0.584,0.085,0.968,0.154
378,27,15,0,0.032,0.085,0.62,0.154
378,27,15,1,0.049,0.145,0.968,0.214
378,27,16,0,0.032,0.145,0.085,0.214
378,27,16,1,0.032,0.2,0.968,0.27
378,27,16,2,0.157,0.263,0.968,0.333
378,27,17,0,0.032,0.263,0.193,0.333
378,27,17,1,0.047,0.325,0.968,0.395
378,27,18,0,0.032,0.325,0.083,0.395
378,27,18,1,0.032,0.38,0.968,0.504
378,27,18,2,0.917,0.508,0.968,0.577
378,27,19,0,0.032,0.508,0.953,0.577
378,27,19,1,0.032,0.563,0.968,0.632
378,27,19,2,0.05,0.627,0.968,0.696
378,27,20,0,0.032,0.627,0.086,0.696
378,27,20,1,0.032,0.682,0.968,0.751
378,27,20,2,0.705,0.749,0.968,0.818
378,27,21,0,0.032,0.749,0.741,0.818
378,27,21,1,0.47,0.806,0.968,0.875
378,27,22,0,0.032,0.806,0.506,0.875
378,27,22,1,0.058,0.865,0.968,0.933
379,27,23,0,0.032,0.014,0.968,0.083
379,27,23,1,0.689,0.086,0.968,0.155
379,27,24,0,0.032,0.086,0.725,0.155
379,27,24,1,0.032,0.141,0.968,0.21
379,27,24,2,0.649,0.204,0.968,0.273
379,27,25,0,0.032,0.204,0.685,0.273
379,27,25,1,0.111,0.262,0.968,0.332
379,27,26,0,0.032,0.262,0.147,0.332
379,27,26,1,0.29,0.325,0.968,0.395
379,27,27,0,0.032,0.325,0.327,0.395
379,27,27,1,0.401,0.385,0.968,0.455
379,27,28,0,0.032,0.385,0.437,0.455
379,27,28,1,0.216,0.442,0.968,0.511
379,27,29,0,0.032,0.442,0.252,0.511
379,27,29,1,0.461,0.506,0.968,0.575
379,27,30,0,0.032,0.506,0.497,0.575
379,27,30,1,0.585,0.565,0.968,0.633
379,27,31,0,0.052,0.566,0.621,0.634
379,27,32,0,0.032,0.566,0.088,0.634
379,27,32,1,0.032,0.621,0.968,0.69
379,27,32,2,0.797,0.681,0.968,0.75
379,27,33,0,0.032,0.681,0.834,0.75
379,27,33,1,0.608,0.747,0.968,0.816
379,27,34,0,0.032,0.747,0.644,0.816
379,27,34,1,0.05,0.805,0.968,0.874
379,27,35,0,0.032,0.805,0.086,0.874
379,27,35,1,0.058,0.867,0.968,0.935
380,27,36,0,0.032,0.014,0.968,0.083
380,27,36,1,0.396,0.075,0.968,0.145
380,27,37,0,0.032,0.075,0.432,0.145
380,27,37,1,0.092,0.142,0.968,0.211
380,27,38,0,0.032,0.142,0.128,0.211
380,27,38,1,0.049,0.202,0.968,0.271
380,27,39,0,0.032,0.202,0.085,0.271
380,27,39,1,0.032,0.257,0.968,0.326
380,27,39,2,0.683,0.323,0.968,0.393
380,27,40,0,0.032,0.323,0.719,0.393
380,27,40,1,0.032,0.378,0.968,0.502
380,27,40,2,0.342,0.503,0.968,0.572
380,27,41,0,0.032,0.503,0.378,0.572
380,27,41,1,0.263,0.567,0.968,0.635
380,27,42,0,0.032,0.567,0.299,0.635
380,27,42,1,0.032,0.622,0.968,0.691
380,27,42,2,0.918,0.691,0.968,0.759
380,27,43,0,0.032,0.691,0.954,0.759
380,27,43,1,0.918,0.749,0.968,0.818
380,27,44,0,0.032,0.749,0.954,0.818
380,27,44,1,0.032,0.804,0.968,0.873
380,27,44,2,0.056,0.871,0.968,0.94
381,27,45,0,0.032,0.014,0.968,0.083
381,27,45,1,0.483,0.08,0.968,0.149
381,27,46,0,0.032,0.08,0.519,0.149
381,27,46,1,0.032,0.135,0.968,0.204
381,27,46,2,0.756,0.198,0.968,0.267
381,27,47,0,0.032,0.198,0.792,0.267
381,27,47,1,0.413,0.26,0.968,0.33
381,27,48,0,0.032,0.26,0.449,0.33
381,27,48,1,0.145,0.321,0.968,0.391
381,27,49,0,0.032,0.321,0.181,0.391
381,27,49,1,0.032,0.376,0.968,0.446
381,27,49,2,0.329,0.442,0.968,0.511
381,27,50,0,0.032,0.442,0.365,0.511
381,27,50,1,0.304,0.498,0.968,0.568
381,27,51,0,0.032,0.498,0.341,0.568
381,27,51,1,0.032,0.554,0.968,0.623
381,27,51,2,0.92,0.621,0.968,0.69
381,27,52,0,0.032,0.621,0.956,0.69
381,27,52,1,0.478,0.681,0.968,0.75
381,27,53,0,0.032,0.681,0.514,0.75
381,27,53,1,0.56,0.744,0.968,0.812
381,27,54,0,0.032,0.744,0.596,0.812
381,27,54,1,0.272,0.802,0.968,0.871
381,27,55,0,0.032,0.802,0.308,0.871
381,27,55,1,0.052,0.862,0.968,0.93
382,27,56,0,0.032,0.014,0.968,0.083
382,27,56,1,0.205,0.083,0.968,0.152
382,27,57,0,0.032,0.083,0.241,0.152
382,27,57,1,0.193,0.144,0.968,0.213
382,27,58,0,0.032,0.144,0.229,0.213
382,27,58,1,0.332,0.206,0.968,0.275
382,27,59,0,0.047,0.26,0.368,0.33
382,27,60,0,0.032,0.26,0.083,0.33
382,27,60,1,0.032,0.315,0.968,0.44
382,27,60,2,0.042,0.444,0.968,0.513
382,27,61,0,0.032,0.444,0.079,0.513
382,27,61,1,0.032,0.499,0.968,0.624
382,27,61,2,0.523,0.628,0.968,0.697
382,27,62,0,0.032,0.628,0.559,0.697
382,27,62,1,0.032,0.683,0.968,0.752
382,27,62,2,0.362,0.748,0.968,0.817
382,27,63,0,0.032,0.748,0.398,0.817
382,27,63,1,0.032,0.803,0.968,0.872
382,27,63,2,0.053,0.869,0.968,0.938
383,27,64,0,0.032,0.014,0.968,0.083
383,27,64,1,0.05,0.09,0.968,0.159
383,27,65,0,0.032,0.09,0.086,0.159
383,27,65,1,0.032,0.145,0.968,0.214
383,27,65,2,0.689,0.205,0.968,0.274
383,27,66,0,0.032,0.205,0.725,0.274
383,27,66,1,0.36,0.262,0.968,0.332
383,27,67,0,0.032,0.262,0.396,0.332
383,27,67,1,0.258,0.329,0.968,0.399
383,27,68,0,0.032,0.329,0.294,0.399
383,27,68,1,0.052,0.388,0.968,0.458
383,27,69,0,0.032,0.388,0.088,0.458
383,27,69,1,0.032,0.443,0.968,0.512
383,27,69,2,0.921,0.508,0.968,0.577
383,27,70,0,0.05,0.512,0.958,0.581
383,27,71,0,0.032,0.512,0.086,0.581
383,27,71,1,0.19,0.571,0.968,0.639
383,27,72,0,0.032,0.571,0.226,0.639
383,27,72,1,0.196,0.63,0.968,0.699
383,27,73,0,0.032,0.63,0.232,0.699
383,27,73,1,0.114,0.693,0.968,0.761
383,27,74,0,0.032,0.693,0.15,0.761
383,27,74,1,0.249,0.751,0.968,0.82
383,27,75,0,0.032,0.751,0.285,0.82
383,27,75,1,0.306,0.81,0.968,0.879
383,27,76,0,0.032,0.81,0.342,0.879
383,27,76,1,0.055,0.871,0.968,0.94
384,27,77,0,0.436,0.022,0.968,0.09
384,27,78,0,0.032,0.022,0.472,0.09
384,27,78,1,0.456,0.081,0.968,0.15
384,27,79,0,0.032,0.081,0.492,0.15
384,27,79,1,0.711,0.141,0.968,0.21
384,27,80,0,0.032,0.141,0.747,0.21
384,27,80,1,0.692,0.199,0.968,0.268
384,27,81,0,0.032,0.199,0.728,0.268
384,27,81,1,0.179,0.259,0.968,0.329
384,27,82,0,0.032,0.259,0.215,0.329
384,27,82,1,0.032,0.314,0.968,0.384
384,27,82,2,0.452,0.379,0.968,0.449
384,27,83,0,0.032,0.379,0.488,0.449
384,27,83,1,0.281,0.44,0.968,0.509
384,27,84,0,0.032,0.44,0.317,0.509
384,27,84,1,0.032,0.494,0.968,0.564
384,27,84,2,0.915,0.56,0.968,0.629
384,27,85,0,0.114,0.557,0.951,0.626
384,27,86,0,0.032,0.557,0.15,0.626
384,27,86,1,0.032,0.613,0.968,0.681
384,27,86,2,0.498,0.677,0.968,0.746
384,27,87,0,0.032,0.677,0.534,0.746
384,27,87,1,0.032,0.733,0.968,0.801
384,27,87,2,0.816,0.8,0.968,0.869
384,27,88,0,0.032,0.8,0.852,0.869
384,27,88,1,0.05,0.857,0.968,0.925
385,27,89,0,0.05,0.017,0.968,0.086
385,27,90,0,0.032,0.017,0.086,0.086
385,27,90,1,0.032,0.073,0.968,0.142
385,27,90,2,0.588,0.144,0.968,0.213
385,27,91,0,0.032,0.144,0.624,0.213
385,27,91,1,0.032,0.199,0.968,0.268
385,27,91,2,0.774,0.266,0.968,0.336
385,27,92,0,0.032,0.266,0.81,0.336
385,27,92,1,0.208,0.323,0.968,0.393
385,27,93,0,0.032,0.323,0.244,0.393
385,27,93,1,0.053,0.38,0.968,0.45
385,28,1,0,0.032,0.38,0.089,0.45
385,28,1,1,0.032,0.435,0.968,0.559
385,28,1,2,0.804,0.565,0.968,0.633
385,28,2,0,0.273,0.565,0.84,0.633
385,28,3,0,0.032,0.565,0.309,0.633
385,28,3,1,0.1,0.627,0.968,0.696
385,28,4,0,0.032,0.627,0.136,0.696
385,28,4,1,0.032,0.682,0.968,0.806
385,28,4,2,0.694,0.806,0.968,0.875
385,28,5,0,0.032,0.806,0.73,0.875
385,28,5,1,0.058,0.867,0.968,0.935
386,28,6,0,0.032,0.014,0.968,0.083
386,28,6,1,0.424,0.081,0.968,0.15
386,28,7,0,0.032,0.081,0.46,0.15
386,28,7,1,0.032,0.136,0.968,0.205
386,28,7,2,0.047,0.201,0.968,0.27
386,28,8,0,0.032,0.201,0.083,0.27
386,28,8,1,0.032,0.256,0.968,0.325
386,28,8,2,0.052,0.324,0.968,0.394
386,28,9,0,0.032,0.324,0.088,0.394
386,28,9,1,0.032,0.379,0.968,0.449
386,28,9,2,0.174,0.444,0.968,0.513
386,28,10,0,0.032,0.444,0.21,0.513
386,28,10,1,0.032,0.499,0.968,0.569
386,28,10,2,0.163,0.566,0.968,0.634
386,28,11,0,0.032,0.566,0.199,0.634
386,28,11,1,0.042,0.626,0.968,0.695
386,28,12,0,0.032,0.626,0.079,0.695
386,28,12,1,0.032,0.681,0.968,0.75
386,28,12,2,0.049,0.747,0.968,0.816
386,28,13,0,0.032,0.747,0.085,0.816
386,28,13,1,0.032,0.802,0.968,0.871
386,28,13,2,0.053,0.869,0.968,0.938
387,28,14,0,0.032,0.014,0.968,0.083
387,28,14,1,0.735,0.084,0.968,0.153
387,28,15,0,0.032,0.084,0.771,0.153
387,28,15,1,0.032,0.139,0.968,0.318
387,28,15,2,0.921,0.323,0.968,0.393
387,28,16,0,0.032,0.323,0.958,0.393
387,28,16,1,0.659,0.385,0.968,0.455
387,28,17,0,0.032,0.385,0.696,0.455
387,28,17,1,0.647,0.447,0.968,0.516
387,28,18,0,0.032,0.447,0.683,0.516
387,28,18,1,0.032,0.503,0.968,0.572
387,28,18,2,0.844,0.566,0.968,0.634
387,28,19,0,0.032,0.566,0.88,0.634
387,28,19,1,0.032,0.621,0.968,0.69
387,28,19,2,0.053,0.689,0.968,0.757
387,28,20,0,0.032,0.689,0.089,0.757
387,28,20,1,0.032,0.744,0.968,0.812
387,28,20,2,0.052,0.806,0.968,0.875
387,28,21,0,0.032,0.806,0.088,0.875
387,28,21,1,0.052,0.87,0.968,0.939
388,28,22,0,0.032,0.014,0.968,0.083
388,28,22,1,0.779,0.082,0.968,0.151
388,28,23,0,0.032,0.082,0.815,0.151
388,28,23,1,0.032,0.137,0.968,0.261
388,28,23,2,0.673,0.263,0.968,0.333
388,28,24,0,0.032,0.263,0.71,0.333
388,28,24,1,0.3,0.323,0.968,0.393
388,28,25,0,0.032,0.323,0.336,0.393
388,28,25,1,0.032,0.378,0.968,0.502
388,28,25,2,0.269,0.506,0.968,0.575
388,28,26,0,0.032,0.506,0.305,0.575
388,28,26,1,0.032,0.561,0.968,0.63
388,28,26,2,0.915,0.631,0.968,0.7
388,28,27,0,0.032,0.631,0.951,0.7
388,28,27,1,0.032,0.686,0.968,0.81
388,28,27,2,0.734,0.816,0.968,0.884
388,28,28,0,0.032,0.816,0.77,0.884
388,28,28,1,0.047,0.872,0.968,0.941
389,28,29,0,0.032,0.014,0.968,0.193
389,28,29,1,0.92,0.206,0.968,0.275
389,28,30,0,0.032,0.206,0.956,0.275
389,28,30,1,0.032,0.261,0.968,0.33
389,28,30,2,0.725,0.326,0.968,0.396
389,28,31,0,0.032,0.326,0.761,0.396
389,28,31,1,0.032,0.381,0.968,0.451
389,28,31,2,0.684,0.449,0.968,0.518
389,28,32,0,0.032,0.449,0.72,0.518
389,28,32,1,0.032,0.505,0.968,0.629
389,28,32,2,0.666,0.629,0.968,0.698
389,28,33,0,0.032,0.629,0.702,0.698
389,28,33,1,0.734,0.692,0.968,0.76
389,28,34,0,0.032,0.692,0.77,0.76
389,28,34,1,0.052,0.751,0.968,0.82
389,28,35,0,0.032,0.751,0.088,0.82
389,28,35,1,0.032,0.806,0.968,0.875
389,28,35,2,0.056,0.875,0.968,0.944
390,28,36,0,0.032,0.014,0.968,0.083
390,28,36,1,0.136,0.084,0.968,0.153
390,28,37,0,0.032,0.084,0.171,0.153
390,28,37,1,0.032,0.139,0.968,0.208
390,28,37,2,0.225,0.205,0.968,0.274
390,28,38,0,0.032,0.205,0.261,0.274
390,28,38,1,0.032,0.26,0.968,0.384
390,28,38,2,0.216,0.385,0.968,0.455
390,28,39,0,0.032,0.385,0.252,0.455
390,28,39,1,0.032,0.44,0.968,0.509
390,28,39,2,0.661,0.508,0.968,0.577
390,28,40,0,0.032,0.508,0.697,0.577
390,28,40,1,0.049,0.571,0.968,0.639
390,28,41,0,0.032,0.571,0.085,0.639
390,28,41,1,0.032,0.626,0.968,0.695
390,28,41,2,0.683,0.684,0.968,0.753
390,28,42,0,0.032,0.684,0.719,0.753
390,28,42,1,0.253,0.75,0.968,0.819
390,28,43,0,0.032,0.75,0.289,0.819
390,28,43,1,0.032,0.805,0.968,0.874
390,28,43,2,0.056,0.872,0.968,0.941
391,28,44,0,0.032,0.014,0.968,0.083
391,28,44,1,0.644,0.082,0.968,0.151
391,28,45,0,0.032,0.082,0.68,0.151
391,28,45,1,0.032,0.137,0.968,0.206
391,28,45,2,0.335,0.202,0.968,0.271
391,28,46,0,0.032,0.202,0.371,0.271
391,28,46,1,0.032,0.257,0.968,0.326
391,28,46,2,0.05,0.322,0.968,0.392
391,28,47,0,0.032,0.322,0.086,0.392
391,28,47,1,0.032,0.377,0.968,0.501
391,28,47,2,0.658,0.504,0.968,0.573
391,28,48,0,0.032,0.504,0.694,0.573
391,28,48,1,0.032,0.559,0.968,0.683
391,28,48,2,0.92,0.685,0.968,0.754
391,28,49,0,0.032,0.685,0.956,0.754
391,28,49,1,0.508,0.749,0.968,0.818
391,28,50,0,0.032,0.749,0.544,0.818
391,28,50,1,0.032,0.804,0.968,0.873
391,28,50,2,0.052,0.867,0.968,0.935
392,28,51,0,0.149,0.023,0.968,0.092
392,28,52,0,0.032,0.023,0.185,0.092
392,28,52,1,0.278,0.086,0.968,0.155
392,28,53,0,0.032,0.086,0.314,0.155
392,28,53,1,0.049,0.147,0.968,0.216
392,28,54,0,0.032,0.147,0.085,0.216
392,28,54,1,0.032,0.202,0.968,0.272
392,28,54,2,0.388,0.265,0.968,0.335
392,28,55,0,0.032,0.265,0.424,0.335
392,28,55,1,0.032,0.32,0.968,0.39
392,28,55,2,0.601,0.389,0.968,0.459
392,28,56,0,0.032,0.389,0.637,0.459
392,28,56,1,0.19,0.447,0.968,0.516
392,28,57,0,0.032,0.447,0.226,0.516
392,28,57,1,0.032,0.503,0.968,0.627
392,28,57,2,0.494,0.632,0.968,0.701
392,28,58,0,0.032,0.632,0.53,0.701
392,28,58,1,0.032,0.687,0.968,0.756
392,28,58,2,0.359,0.752,0.968,0.821
392,28,59,0,0.032,0.752,0.395,0.821
392,28,59,1,0.032,0.807,0.968,0.876
392,28,59,2,0.053,0.873,0.968,0.942
393,28,60,0,0.032,0.014,0.968,0.083
393,28,60,1,0.461,0.08,0.968,0.149
393,28,61,0,0.032,0.08,0.497,0.149
393,28,61,1,0.032,0.135,0.968,0.204
393,28,61,2,0.678,0.204,0.968,0.273
393,28,62,0,0.032,0.204,0.714,0.273
393,28,62,1,0.636,0.262,0.968,0.332
393,28,63,0,0.032,0.262,0.672,0.332
393,28,63,1,0.032,0.317,0.968,0.387
393,28,63,2,0.748,0.383,0.968,0.453
393,28,64,0,0.032,0.383,0.784,0.453
393,28,64,1,0.26,0.445,0.968,0.514
393,28,65,0,0.032,0.445,0.296,0.514
393,28,65,1,0.432,0.508,0.968,0.577
393,28,66,0,0.032,0.508,0.468,0.577
393,28,66,1,0.45,0.566,0.968,0.634
393,28,67,0,0.032,0.566,0.486,0.634
393,28,67,1,0.177,0.627,0.968,0.696
393,28,68,0,0.032,0.627,0.213,0.696
393,28,68,1,0.032,0.682,0.968,0.751
393,28,68,2,0.425,0.75,0.968,0.819
393,28,69,0,0.032,0.75,0.461,0.819
393,28,69,1,0.508,0.81,0.968,0.879
393,28,70,0,0.032,0.81,0.544,0.879
393,28,70,1,0.053,0.871,0.968,0.94
394,28,71,0,0.032,0.014,0.968,0.083
394,28,71,1,0.044,0.083,0.968,0.152
394,28,72,0,0.032,0.083,0.08,0.152
394,28,72,1,0.032,0.138,0.968,0.262
394,28,72,2,0.528,0.262,0.968,0.332
394,28,73,0,0.032,0.262,0.564,0.332
394,28,73,1,0.032,0.317,0.968,0.387
394,28,73,2,0.915,0.384,0.968,0.454
394,28,74,0,0.032,0.384,0.951,0.454
394,28,74,1,0.712,0.445,0.968,0.514
394,28,75,0,0.032,0.445,0.748,0.514
394,28,75,1,0.032,0.501,0.968,0.57
394,28,75,2,0.748,0.565,0.968,0.633
394,28,76,0,0.032,0.565,0.784,0.633
394,28,76,1,0.032,0.62,0.968,0.744
394,28,76,2,0.915,0.747,0.968,0.816
394,28,77,0,0.032,0.747,0.951,0.816
394,28,77,1,0.032,0.802,0.968,0.871
394,28,77,2,0.05,0.868,0.968,0.936
395,28,78,0,0.032,0.014,0.968,0.138
395,28,78,1,0.325,0.147,0.968,0.216
395,28,79,0,0.032,0.147,0.361,0.216
395,28,79,1,0.032,0.202,0.968,0.272
395,28,79,2,0.176,0.27,0.968,0.34
395,28,80,0,0.032,0.27,0.212,0.34
395,28,80,1,0.032,0.325,0.968,0.395
395,28,80,2,0.187,0.39,0.968,0.46
395,28,81,0,0.032,0.39,0.223,0.46
395,28,81,1,0.032,0.445,0.968,0.514
395,28,81,2,0.408,0.512,0.968,0.581
395,28,82,0,0.032,0.512,0.444,0.581
395,28,82,1,0.032,0.567,0.968,0.691
395,28,82,2,0.504,0.692,0.968,0.76
395,28,83,0,0.032,0.692,0.54,0.76
395,28,83,1,0.032,0.747,0.968,0.816
395,28,83,2,0.921,0.808,0.968,0.877
395,28,84,0,0.032,0.808,0.958,0.877
395,28,84,1,0.058,0.873,0.968,0.942
396,28,85,0,0.032,0.014,0.968,0.083
396,28,85,1,0.185,0.083,0.968,0.152
396,28,86,0,0.032,0.083,0.221,0.152
396,28,86,1,0.032,0.138,0.968,0.207
396,28,86,2,0.432,0.204,0.968,0.273
396,28,87,0,0.032,0.204,0.468,0.273
396,28,87,1,0.032,0.259,0.968,0.328
396,28,87,2,0.703,0.322,0.968,0.392
396,28,88,0,0.032,0.322,0.739,0.392
396,28,88,1,0.044,0.385,0.968,0.455
396,29,1,0,0.032,0.385,0.08,0.455
396,29,1,1,0.032,0.44,0.968,0.565
396,29,1,2,0.847,0.567,0.968,0.635
396,29,2,0,0.032,0.567,0.883,0.635
396,29,2,1,0.784,0.631,0.968,0.7
396,29,3,0,0.032,0.631,0.82,0.7
396,29,3,1,0.459,0.691,0.968,0.759
396,29,4,0,0.032,0.691,0.495,0.759
396,29,4,1,0.247,0.755,0.968,0.824
396,29,5,0,0.032,0.755,0.283,0.824
396,29,5,1,0.111,0.812,0.968,0.881
396,29,6,0,0.032,0.812,0.147,0.881
396,29,6,1,0.047,0.869,0.968,0.938
397,29,7,0,0.032,0.014,0.968,0.083
397,29,7,1,0.294,0.081,0.968,0.15
397,29,8,0,0.032,0.081,0.33,0.15
397,29,8,1,0.032,0.136,0.968,0.205
397,29,8,2,0.05,0.202,0.968,0.271
397,29,9,0,0.032,0.202,0.086,0.271
397,29,9,1,0.032,0.257,0.968,0.326
397,29,9,2,0.918,0.323,0.968,0.393
397,29,10,0,0.032,0.323,0.954,0.393
397,29,10,1,0.032,0.378,0.968,0.502
397,29,10,2,0.917,0.505,0.968,0.574
397,29,11,0,0.032,0.505,0.953,0.574
397,29,11,1,0.92,0.565,0.968,0.633
397,29,12,0,0.032,0.565,0.956,0.633
397,29,12,1,0.032,0.62,0.968,0.689
397,29,12,2,0.478,0.686,0.968,0.755
397,29,13,0,0.032,0.686,0.514,0.755
397,29,13,1,0.032,0.742,0.968,0.81
397,29,13,2,0.918,0.806,0.968,0.875
397,29,14,0,0.032,0.806,0.954,0.875
397,29,14,1,0.055,0.866,0.968,0.934
398,29,15,0,0.032,0.014,0.968,0.083
398,29,15,1,0.915,0.081,0.968,0.15
398,29,16,0,0.032,0.081,0.951,0.15
398,29,16,1,0.346,0.14,0.968,0.209
398,29,17,0,0.032,0.14,0.382,0.209
398,29,17,1,0.032,0.195,0.968,0.319
398,29,17,2,0.241,0.321,0.968,0.391
398,29,18,0,0.032,0.321,0.277,0.391
398,29,18,1,0.032,0.376,0.968,0.446
398,29,18,2,0.759,0.442,0.968,0.511
398,29,19,0,0.032,0.442,0.795,0.511
398,29,19,1,0.399,0.505,0.968,0.574
398,29,20,0,0.032,0.505,0.435,0.574
398,29,20,1,0.032,0.56,0.968,0.629
398,29,20,2,0.405,0.625,0.968,0.694
398,29,21,0,0.032,0.625,0.441,0.694
398,29,21,1,0.446,0.688,0.968,0.756
398,29,22,0,0.032,0.688,0.482,0.756
398,29,22,1,0.032,0.743,0.968,0.811
398,29,22,2,0.737,0.808,0.968,0.877
398,29,23,0,0.032,0.808,0.773,0.877
398,29,23,1,0.055,0.867,0.968,0.935
399,29,24,0,0.032,0.014,0.968,0.138
399,29,24,1,0.918,0.142,0.968,0.211
399,29,25,0,0.032,0.142,0.954,0.211
399,29,25,1,0.032,0.197,0.968,0.321
399,29,25,2,0.469,0.323,0.968,0.393
399,29,26,0,0.032,0.323,0.505,0.393
399,29,26,1,0.163,0.382,0.968,0.452
399,29,27,0,0.032,0.382,0.199,0.452
399,29,27,1,0.032,0.437,0.968,0.561
399,29,27,2,0.92,0.566,0.968,0.634
399,29,28,0,0.032,0.566,0.956,0.634
399,29,28,1,0.052,0.632,0.968,0.701
399,29,29,0,0.032,0.632,0.088,0.701
399,29,29,1,0.032,0.687,0.968,0.866
399,29,29,2,0.92,0.872,0.968,0.941
399,29,30,0,0.056,0.873,0.956,0.942
400,29,31,0,0.032,0.014,0.968,0.083
400,29,31,1,0.046,0.082,0.968,0.151
400,29,32,0,0.032,0.082,0.082,0.151
400,29,32,1,0.032,0.137,0.968,0.206
400,29,32,2,0.146,0.201,0.968,0.27
400,29,33,0,0.032,0.201,0.182,0.27
400,29,33,1,0.032,0.256,0.968,0.38
400,29,33,2,0.447,0.385,0.968,0.455
400,29,34,0,0.032,0.385,0.483,0.455
400,29,34,1,0.032,0.44,0.968,0.509
400,29,34,2,0.914,0.506,0.968,0.575
400,29,35,0,0.032,0.506,0.95,0.575
400,29,35,1,0.915,0.569,0.968,0.637
400,29,36,0,0.032,0.569,0.951,0.637
400,29,36,1,0.032,0.624,0.968,0.693
400,29,36,2,0.911,0.686,0.968,0.755
400,29,37,0,0.032,0.686,0.947,0.755
400,29,37,1,0.571,0.748,0.968,0.817
400,29,38,0,0.032,0.748,0.607,0.817
400,29,38,1,0.032,0.803,0.968,0.872
400,29,38,2,0.049,0.867,0.968,0.935
401,29,39,0,0.032,0.014,0.968,0.138
401,29,39,1,0.917,0.144,0.968,0.213
401,29,40,0,0.032,0.144,0.953,0.213
401,29,40,1,0.032,0.199,0.968,0.324
401,29,40,2,0.277,0.324,0.968,0.394
401,29,41,0,0.032,0.324,0.313,0.394
401,29,41,1,0.032,0.379,0.968,0.503
401,29,41,2,0.537,0.509,0.968,0.578
401,29,42,0,0.032,0.509,0.573,0.578
401,29,42,1,0.179,0.569,0.968,0.637
401,29,43,0,0.032,0.569,0.215,0.637
401,29,43,1,0.032,0.624,0.968,0.693
401,29,43,2,0.915,0.692,0.968,0.76
401,29,44,0,0.032,0.692,0.951,0.76
401,29,44,1,0.599,0.751,0.968,0.82
401,29,45,0,0.032,0.751,0.635,0.82
401,29,45,1,0.032,0.806,0.968,0.875
401,29,45,2,0.055,0.872,0.968,0.941
402,29,46,0,0.032,0.014,0.968,0.138
402,29,46,1,0.049,0.144,0.968,0.213
402,29,47,0,0.032,0.144,0.085,0.213
402,29,47,1,0.032,0.199,0.968,0.324
402,29,47,2,0.63,0.325,0.968,0.395
402,29,48,0,0.032,0.325,0.666,0.395
402,29,48,1,0.153,0.383,0.968,0.453
402,29,49,0,0.032,0.383,0.189,0.453
402,29,49,1,0.032,0.438,0.968,0.507
402,29,49,2,0.475,0.506,0.968,0.575
402,29,50,0,0.032,0.506,0.511,0.575
402,29,50,1,0.032,0.561,0.968,0.63
402,29,50,2,0.782,0.629,0.968,0.698
402,29,51,0,0.032,0.629,0.818,0.698
402,29,51,1,0.032,0.684,0.968,0.753
402,29,51,2,0.749,0.749,0.968,0.818
402,29,52,0,0.032,0.749,0.785,0.818
402,29,52,1,0.032,0.804,0.968,0.873
402,29,52,2,0.059,0.867,0.968,0.935
403,29,53,0,0.032,0.014,0.968,0.083
403,29,53,1,0.415,0.08,0.968,0.149
403,29,54,0,0.032,0.08,0.451,0.149
403,29,54,1,0.405,0.144,0.968,0.213
403,29,55,0,0.032,0.144,0.441,0.213
403,29,55,1,0.032,0.199,0.968,0.268
403,29,55,2,0.918,0.265,0.968,0.335
403,29,56,0,0.032,0.265,0.954,0.335
403,29,56,1,0.918,0.326,0.968,0.396
403,29,57,0,0.151,0.327,0.954,0.397
403,29,58,0,0.032,0.327,0.187,0.397
403,29,58,1,0.032,0.382,0.968,0.452
403,29,58,2,0.128,0.445,0.968,0.514
403,29,59,0,0.032,0.445,0.164,0.514
403,29,59,1,0.495,0.511,0.968,0.58
403,29,60,0,0.032,0.511,0.531,0.58
403,29,60,1,0.128,0.573,0.968,0.641
403,29,61,0,0.032,0.573,0.164,0.641
403,29,61,1,0.032,0.628,0.968,0.697
403,29,61,2,0.528,0.692,0.968,0.76
403,29,62,0,0.032,0.692,0.564,0.76
403,29,62,1,0.27,0.753,0.968,0.822
403,29,63,0,0.032,0.753,0.306,0.822
403,29,63,1,0.032,0.808,0.968,0.877
403,29,63,2,0.052,0.874,0.968,0.943
404,29,64,0,0.032,0.014,0.968,0.083
404,29,64,1,0.295,0.085,0.968,0.154
404,29,65,0,0.032,0.085,0.331,0.154
404,29,65,1,0.032,0.14,0.968,0.209
404,29,65,2,0.723,0.199,0.968,0.268
404,29,66,0,0.032,0.199,0.759,0.268
404,29,66,1,0.749,0.262,0.968,0.332
404,29,67,0,0.032,0.262,0.785,0.332
404,29,67,1,0.032,0.317,0.968,0.387
404,29,67,2,0.915,0.379,0.968,0.449
404,29,68,0,0.032,0.379,0.951,0.449
404,29,68,1,0.159,0.443,0.968,0.512
404,29,69,0,0.032,0.443,0.195,0.512
404,29,69,1,0.047,0.498,0.968,0.568
404,30,1,0,0.032,0.498,0.083,0.568
404,30,1,1,0.032,0.554,0.968,0.733
404,30,1,2,0.847,0.692,0.968,0.76
404,30,2,0,0.579,0.692,0.883,0.76
404,30,3,0,0.032,0.692,0.615,0.76
404,30,3,1,0.577,0.754,0.968,0.823
404,30,4,0,0.032,0.754,0.613,0.823
404,30,4,1,0.047,0.81,0.968,0.879
404,30,5,0,0.032,0.81,0.083,0.879
404,30,5,1,0.047,0.872,0.968,0.941
405,30,6,0,0.032,0.014,0.968,0.083
405,30,6,1,0.92,0.082,0.968,0.151
405,30,7,0,0.032,0.082,0.956,0.151
405,30,7,1,0.92,0.145,0.968,0.214
405,30,8,0,0.032,0.145,0.956,0.214
405,30,8,1,0.032,0.2,0.968,0.27
405,30,8,2,0.545,0.266,0.968,0.336
405,30,9,0,0.032,0.266,0.581,0.336
405,30,9,1,0.032,0.321,0.968,0.5
405,30,9,2,0.63,0.509,0.968,0.578
405,30,10,0,0.032,0.509,0.666,0.578
405,30,10,1,0.122,0.569,0.968,0.637
405,30,11,0,0.032,0.569,0.158,0.637
405,30,11,1,0.218,0.632,0.968,0.701
405,30,12,0,0.032,0.632,0.254,0.701
405,30,12,1,0.526,0.692,0.968,0.76
405,30,13,0,0.032,0.692,0.562,0.76
405,30,13,1,0.143,0.754,0.968,0.823
405,30,14,0,0.032,0.754,0.179,0.823
405,30,14,1,0.394,0.809,0.968,0.878
405,30,15,0,0.032,0.809,0.43,0.878
405,30,15,1,0.055,0.874,0.968,0.943
406,30,16,0,0.032,0.014,0.968,0.083
406,30,16,1,0.548,0.084,0.968,0.153
406,30,17,0,0.032,0.084,0.584,0.153
406,30,17,1,0.663,0.145,0.968,0.214
406,30,18,0,0.032,0.145,0.699,0.214
406,30,18,1,0.549,0.207,0.968,0.276
406,30,19,0,0.032,0.207,0.585,0.276
406,30,19,1,0.032,0.262,0.968,0.331
406,30,19,2,0.914,0.327,0.968,0.397
406,30,20,0,0.032,0.327,0.95,0.397
406,30,20,1,0.72,0.389,0.968,0.459
406,30,21,0,0.032,0.389,0.756,0.459
406,30,21,1,0.032,0.444,0.968,0.513
406,30,21,2,0.348,0.51,0.968,0.579
406,30,22,0,0.032,0.51,0.384,0.579
406,30,22,1,0.032,0.565,0.968,0.634
406,30,22,2,0.494,0.634,0.968,0.703
406,30,23,0,0.032,0.634,0.53,0.703
406,30,23,1,0.032,0.689,0.968,0.758
406,30,23,2,0.574,0.753,0.968,0.822
406,30,24,0,0.032,0.753,0.61,0.822
406,30,24,1,0.032,0.808,0.968,0.877
406,30,24,2,0.047,0.873,0.968,0.942
407,30,25,0,0.032,0.014,0.968,0.083
407,30,25,1,0.387,0.083,0.968,0.152
407,30,26,0,0.032,0.083,0.423,0.152
407,30,26,1,0.433,0.142,0.968,0.211
407,30,27,0,0.032,0.142,0.469,0.211
407,30,27,1,0.032,0.197,0.968,0.266
407,30,27,2,0.376,0.263,0.968,0.333
407,30,28,0,0.032,0.263,0.412,0.333
407,30,28,1,0.032,0.318,0.968,0.443
407,30,28,2,0.049,0.445,0.968,0.514
407,30,29,0,0.032,0.445,0.085,0.514
407,30,29,1,0.032,0.501,0.968,0.57
407,30,29,2,0.37,0.562,0.968,0.631
407,30,30,0,0.032,0.562,0.406,0.631
407,30,30,1,0.032,0.618,0.968,0.742
407,30,30,2,0.726,0.751,0.968,0.82
407,30,31,0,0.377,0.805,0.762,0.874
407,30,32,0,0.032,0.805,0.413,0.874
407,30,32,1,0.056,0.869,0.968,0.938
408,30,33,0,0.032,0.014,0.968,0.083
408,30,33,1,0.261,0.084,0.968,0.153
408,30,34,0,0.032,0.084,0.297,0.153
408,30,34,1,0.323,0.144,0.968,0.213
408,30,35,0,0.032,0.144,0.359,0.213
408,30,35,1,0.253,0.205,0.968,0.274
408,30,36,0,0.032,0.205,0.289,0.274
408,30,36,1,0.032,0.26,0.968,0.329
408,30,36,2,0.675,0.325,0.968,0.395
408,30,37,0,0.032,0.325,0.711,0.395
408,30,37,1,0.264,0.385,0.968,0.455
408,30,38,0,0.032,0.385,0.3,0.455
408,30,38,1,0.032,0.44,0.968,0.509
408,30,38,2,0.359,0.508,0.968,0.577
408,30,39,0,0.032,0.508,0.395,0.577
408,30,39,1,0.032,0.563,0.968,0.632
408,30,39,2,0.201,0.627,0.968,0.696
408,30,40,0,0.032,0.627,0.237,0.696
408,30,40,1,0.032,0.682,0.968,0.806
408,30,40,2,0.731,0.807,0.968,0.876
408,30,41,0,0.032,0.807,0.767,0.876
408,30,41,1,0.05,0.868,0.968,0.936
409,30,42,0,0.032,0.014,0.968,0.083
409,30,42,1,0.535,0.085,0.968,0.154
409,30,43,0,0.032,0.085,0.572,0.154
409,30,43,1,0.108,0.148,0.968,0.217
409,30,44,0,0.032,0.148,0.144,0.217
409,30,44,1,0.05,0.209,0.968,0.279
409,30,45,0,0.032,0.209,0.086,0.279
409,30,45,1,0.032,0.264,0.968,0.334
409,30,45,2,0.774,0.328,0.968,0.398
409,30,46,0,0.032,0.328,0.81,0.398
409,30,46,1,0.032,0.383,0.968,0.453
409,30,46,2,0.78,0.449,0.968,0.518
409,30,47,0,0.032,0.449,0.816,0.518
409,30,47,1,0.032,0.505,0.968,0.574
409,30,47,2,0.777,0.569,0.968,0.637
409,30,48,0,0.032,0.569,0.813,0.637
409,30,48,1,0.032,0.624,0.968,0.748
409,30,48,2,0.921,0.753,0.968,0.822
409,30,49,0,0.032,0.753,0.958,0.822
409,30,49,1,0.918,0.815,0.968,0.883
409,30,50,0,0.032,0.815,0.954,0.883
409,30,50,1,0.052,0.871,0.968,0.94
410,30,51,0,0.032,0.014,0.968,0.083
410,30,51,1,0.917,0.083,0.968,0.152
410,30,52,0,0.032,0.083,0.953,0.152
410,30,52,1,0.822,0.144,0.968,0.213
410,30,53,0,0.032,0.144,0.858,0.213
410,30,53,1,0.407,0.206,0.968,0.275
410,30,54,0,0.032,0.206,0.443,0.275
410,30,54,1,0.032,0.261,0.968,0.33
410,30,54,2,0.049,0.327,0.968,0.397
410,30,55,0,0.032,0.327,0.085,0.397
410,30,55,1,0.032,0.382,0.968,0.452
410,30,55,2,0.543,0.448,0.968,0.517
410,30,56,0,0.032,0.448,0.579,0.517
410,30,56,1,0.032,0.504,0.968,0.573
410,30,56,2,0.422,0.571,0.968,0.639
410,30,57,0,0.032,0.571,0.458,0.639
410,30,57,1,0.241,0.633,0.968,0.702
410,30,58,0,0.032,0.633,0.277,0.702
410,30,58,1,0.032,0.688,0.968,0.757
410,30,58,2,0.199,0.754,0.968,0.823
410,30,59,0,0.032,0.754,0.235,0.823
410,30,59,1,0.219,0.815,0.968,0.883
410,30,60,0,0.032,0.815,0.255,0.883
410,30,60,1,0.05,0.873,0.968,0.942
411,31,1,0,0.032,0.014,0.968,0.193
411,31,1,1,0.843,0.158,0.968,0.227
411,31,2,0,0.284,0.155,0.879,0.225
411,31,3,0,0.032,0.155,0.32,0.225
411,31,3,1,0.745,0.215,0.968,0.285
411,31,4,0,0.032,0.215,0.781,0.285
411,31,4,1,0.611,0.273,0.968,0.343
411,31,5,0,0.032,0.273,0.647,0.343
411,31,5,1,0.701,0.334,0.968,0.404
411,31,6,0,0.032,0.334,0.737,0.404
411,31,6,1,0.032,0.389,0.968,0.459
411,31,6,2,0.703,0.45,0.968,0.519
411,31,7,0,0.032,0.45,0.739,0.519
411,31,7,1,0.052,0.511,0.968,0.58
411,31,8,0,0.032,0.511,0.088,0.58
411,31,8,1,0.052,0.569,0.968,0.637
411,31,9,0,0.032,0.569,0.088,0.637
411,31,9,1,0.142,0.627,0.968,0.696
411,31,10,0,0.032,0.627,0.178,0.696
411,31,10,1,0.032,0.682,0.968,0.806
411,31,10,2,0.528,0.804,0.968,0.873
411,31,11,0,0.032,0.804,0.564,0.873
411,31,11,1,0.053,0.866,0.968,0.934
412,31,12,0,0.032,0.014,0.968,0.083
412,31,12,1,0.163,0.087,0.968,0.156
412,31,13,0,0.032,0.087,0.199,0.156
412,31,13,1,0.032,0.142,0.968,0.211
412,31,13,2,0.68,0.204,0.968,0.273
412,31,14,0,0.032,0.204,0.716,0.273
412,31,14,1,0.032,0.259,0.968,0.328
412,31,14,2,0.698,0.325,0.968,0.395
412,31,15,0,0.032,0.325,0.734,0.395
412,31,15,1,0.032,0.38,0.968,0.504
412,31,15,2,0.615,0.507,0.968,0.576
412,31,16,0,0.032,0.507,0.651,0.576
412,31,16,1,0.032,0.562,0.968,0.631
412,31,16,2,0.43,0.629,0.968,0.698
412,31,17,0,0.032,0.629,0.466,0.698
412,31,17,1,0.032,0.684,0.968,0.753
412,31,17,2,0.683,0.751,0.968,0.82
412,31,18,0,0.032,0.751,0.719,0.82
412,31,18,1,0.298,0.807,0.968,0.876
412,31,19,0,0.032,0.807,0.334,0.876
412,31,19,1,0.044,0.867,0.968,0.935
413,31,20,0,0.032,0.014,0.968,0.138
413,31,20,1,0.354,0.144,0.968,0.213
413,31,21,0,0.032,0.144,0.39,0.213
413,31,21,1,0.032,0.199,0.968,0.268
413,31,21,2,0.312,0.264,0.968,0.334
413,31,22,0,0.032,0.264,0.348,0.334
413,31,22,1,0.032,0.319,0.968,0.389
413,31,22,2,0.56,0.384,0.968,0.454
413,31,23,0,0.032,0.384,0.596,0.454
413,31,23,1,0.032,0.439,0.968,0.508
413,31,23,2,0.918,0.505,0.968,0.574
413,31,24,0,0.052,0.505,0.954,0.574
413,31,25,0,0.032,0.505,0.088,0.574
413,31,25,1,0.032,0.56,0.968,0.629
413,31,25,2,0.326,0.627,0.968,0.696
413,31,26,0,0.032,0.627,0.362,0.696
413,31,26,1,0.348,0.683,0.968,0.752
413,31,27,0,0.032,0.683,0.384,0.752
413,31,27,1,0.032,0.739,0.968,0.807
413,31,27,2,0.219,0.805,0.968,0.874
413,31,28,0,0.032,0.805,0.255,0.874
413,31,28,1,0.055,0.864,0.968,0.932
414,31,29,0,0.032,0.014,0.968,0.138
414,31,29,1,0.632,0.142,0.968,0.211
414,31,30,0,0.032,0.142,0.668,0.211
414,31,30,1,0.196,0.202,0.968,0.271
414,31,31,0,0.032,0.202,0.232,0.271
414,31,31,1,0.032,0.257,0.968,0.326
414,31,31,2,0.326,0.321,0.968,0.391
414,31,32,0,0.032,0.321,0.362,0.391
414,31,32,1,0.032,0.376,0.968,0.5
414,31,32,2,0.914,0.502,0.968,0.571
414,31,33,0,0.032,0.502,0.95,0.571
414,31,33,1,0.032,0.557,0.968,0.681
414,31,33,2,0.784,0.677,0.968,0.746
414,31,34,0,0.032,0.677,0.82,0.746
414,31,34,1,0.032,0.733,0.968,0.801
414,31,34,2,0.049,0.799,0.968,0.868
415,32,1,0,0.032,0.014,0.968,0.083
415,32,1,1,0.846,0.082,0.968,0.151
415,32,2,0,0.032,0.082,0.882,0.151
415,32,2,1,0.92,0.141,0.968,0.21
415,32,3,0,0.032,0.141,0.956,0.21
415,32,3,1,0.112,0.2,0.968,0.269
415,32,4,0,0.032,0.2,0.148,0.269
415,32,4,1,0.032,0.255,0.968,0.379
415,32,4,2,0.78,0.383,0.968,0.453
415,32,5,0,0.032,0.383,0.816,0.453
415,32,5,1,0.129,0.442,0.968,0.511
415,32,6,0,0.032,0.442,0.165,0.511
415,32,6,1,0.263,0.503,0.968,0.572
415,32,7,0,0.032,0.503,0.299,0.572
415,32,7,1,0.199,0.565,0.968,0.633
415,32,8,0,0.032,0.565,0.235,0.633
415,32,8,1,0.43,0.624,0.968,0.693
415,32,9,0,0.032,0.624,0.466,0.693
415,32,9,1,0.032,0.679,0.968,0.748
415,32,9,2,0.67,0.747,0.968,0.816
415,32,10,0,0.032,0.747,0.706,0.816
415,32,10,1,0.29,0.805,0.968,0.874
415,32,11,0,0.032,0.805,0.327,0.874
415,32,11,1,0.056,0.866,0.968,0.934
416,32,12,0,0.032,0.014,0.968,0.138
416,32,12,1,0.915,0.143,0.968,0.212
416,32,13,0,0.032,0.143,0.951,0.212
416,32,13,1,0.047,0.202,0.968,0.271
416,32,14,0,0.032,0.202,0.083,0.271
416,32,14,1,0.032,0.257,0.968,0.326
416,32,14,2,0.213,0.322,0.968,0.392
416,32,15,0,0.032,0.322,0.249,0.392
416,32,15,1,0.032,0.377,0.968,0.447
416,32,15,2,0.359,0.444,0.968,0.513
416,32,16,0,0.032,0.444,0.395,0.513
416,32,16,1,0.032,0.499,0.968,0.569
416,32,16,2,0.796,0.568,0.968,0.636
416,32,17,0,0.661,0.622,0.832,0.691
416,32,18,0,0.032,0.622,0.697,0.691
416,32,18,1,0.739,0.684,0.968,0.753
416,32,19,0,0.032,0.684,0.775,0.753
416,32,19,1,0.322,0.747,0.968,0.816
416,32,20,0,0.032,0.747,0.358,0.816
416,32,20,1,0.032,0.802,0.968,0.871
416,32,20,2,0.052,0.867,0.968,0.935
417,32,21,0,0.032,0.014,0.968,0.083
417,32,21,1,0.638,0.083,0.968,0.152
417,32,22,0,0.032,0.083,0.674,0.152
417,32,22,1,0.216,0.144,0.968,0.213
417,32,23,0,0.032,0.144,0.252,0.213
417,32,23,1,0.032,0.199,0.968,0.268
417,32,23,2,0.574,0.262,0.968,0.332
417,32,24,0,0.032,0.262,0.61,0.332
417,32,24,1,0.18,0.321,0.968,0.391
417,32,25,0,0.032,0.321,0.216,0.391
417,32,25,1,0.032,0.376,0.968,0.446
417,32,25,2,0.918,0.441,0.968,0.51
417,32,26,0,0.032,0.441,0.954,0.51
417,32,26,1,0.032,0.495,0.968,0.565
417,32,26,2,0.92,0.559,0.968,0.628
417,32,27,0,0.032,0.559,0.956,0.628
417,32,27,1,0.049,0.623,0.968,0.692
417,32,28,0,0.032,0.623,0.085,0.692
417,32,28,1,0.05,0.681,0.968,0.75
417,32,29,0,0.032,0.681,0.086,0.75
417,32,29,1,0.032,0.737,0.968,0.805
417,32,29,2,0.918,0.795,0.968,0.864
417,32,30,0,0.063,0.799,0.954,0.868
418,33,1,0,0.032,0.014,0.968,0.138
418,33,1,1,0.504,0.143,0.968,0.212
418,33,2,0,0.032,0.143,0.54,0.212
418,33,2,1,0.339,0.205,0.968,0.274
418,33,3,0,0.032,0.205,0.375,0.274
418,33,3,1,0.58,0.263,0.968,0.333
418,33,4,0,0.032,0.263,0.616,0.333
418,33,4,1,0.032,0.318,0.968,0.443
418,33,4,2,0.351,0.447,0.968,0.516
418,33,5,0,0.032,0.447,0.387,0.516
418,33,5,1,0.032,0.503,0.968,0.682
418,33,5,2,0.917,0.683,0.968,0.752
418,33,6,0,0.032,0.683,0.953,0.752
418,33,6,1,0.032,0.739,0.968,0.863
418,33,6,2,0.058,0.872,0.968,0.941
419,33,7,0,0.032,0.014,0.968,0.083
419,33,7,1,0.049,0.082,0.968,0.151
419,33,8,0,0.032,0.082,0.085,0.151
419,33,8,1,0.032,0.137,0.968,0.206
419,33,8,2,0.918,0.206,0.968,0.275
419,33,9,0,0.032,0.206,0.954,0.275
419,33,9,1,0.032,0.261,0.968,0.33
419,33,9,2,0.622,0.327,0.968,0.397
419,33,10,0,0.032,0.327,0.658,0.397
419,33,10,1,0.032,0.382,0.968,0.452
419,33,10,2,0.579,0.45,0.968,0.519
419,33,11,0,0.032,0.45,0.615,0.519
419,33,11,1,0.7,0.511,0.968,0.58
419,33,12,0,0.032,0.511,0.736,0.58
419,33,12,1,0.318,0.571,0.968,0.639
419,33,13,0,0.032,0.571,0.354,0.639
419,33,13,1,0.032,0.626,0.968,0.75
419,33,13,2,0.849,0.756,0.968,0.825
419,33,14,0,0.032,0.756,0.885,0.825
419,33,14,1,0.397,0.817,0.968,0.885
419,33,15,0,0.032,0.817,0.433,0.885
419,33,15,1,0.05,0.873,0.968,0.942
420,33,16,0,0.032,0.014,0.968,0.083
420,33,16,1,0.613,0.082,0.968,0.151
420,33,17,0,0.032,0.082,0.649,0.151
420,33,17,1,0.032,0.137,0.968,0.206
420,33,17,2,0.677,0.201,0.968,0.27
420,33,18,0,0.032,0.201,0.713,0.27
420,33,18,1,0.157,0.269,0.968,0.339
420,33,19,0,0.032,0.269,0.193,0.339
420,33,19,1,0.032,0.324,0.968,0.503
420,33,19,2,0.287,0.502,0.968,0.571
420,33,20,0,0.032,0.502,0.323,0.571
420,33,20,1,0.032,0.557,0.968,0.681
420,33,20,2,0.604,0.688,0.968,0.756
420,33,21,0,0.032,0.688,0.64,0.756
420,33,21,1,0.047,0.749,0.968,0.818
420,33,22,0,0.032,0.749,0.083,0.818
420,33,22,1,0.032,0.804,0.968,0.873
420,33,22,2,0.047,0.87,0.968,0.939
421,33,23,0,0.032,0.014,0.968,0.083
421,33,23,1,0.162,0.084,0.968,0.153
421,33,24,0,0.032,0.084,0.198,0.153
421,33,24,1,0.032,0.139,0.968,0.208
421,33,24,2,0.244,0.206,0.968,0.275
421,33,25,0,0.032,0.206,0.28,0.275
421,33,25,1,0.032,0.261,0.968,0.33
421,33,25,2,0.52,0.329,0.968,0.399
421,33,26,0,0.032,0.329,0.556,0.399
421,33,26,1,0.032,0.384,0.968,0.454
421,33,26,2,0.342,0.449,0.968,0.518
421,33,27,0,0.032,0.449,0.378,0.518
421,33,27,1,0.032,0.505,0.968,0.574
421,33,27,2,0.756,0.571,0.968,0.639
421,33,28,0,0.032,0.571,0.792,0.639
421,33,28,1,0.032,0.626,0.968,0.695
421,33,28,2,0.722,0.693,0.968,0.761
421,33,29,0,0.032,0.693,0.758,0.761
421,33,29,1,0.052,0.752,0.968,0.821
421,33,30,0,0.032,0.752,0.088,0.821
421,33,30,1,0.032,0.807,0.968,0.876
421,33,30,2,0.053,0.872,0.968,0.941
422,33,31,0,0.032,0.014,0.968,0.083
422,33,31,1,0.235,0.087,0.968,0.156
422,33,32,0,0.032,0.087,0.271,0.156
422,33,32,1,0.032,0.142,0.968,0.211
422,33,32,2,0.148,0.204,0.968,0.273
422,33,33,0,0.032,0.204,0.184,0.273
422,33,33,1,0.032,0.259,0.968,0.438
422,33,33,2,0.757,0.447,0.968,0.516
422,33,34,0,0.032,0.447,0.793,0.516
422,33,34,1,0.046,0.507,0.968,0.576
422,33,35,0,0.032,0.507,0.082,0.576
422,33,35,1,0.032,0.562,0.968,0.906
422,33,35,2,0.055,0.865,0.968,0.933
423,33,36,0,0.032,0.014,0.968,0.138
423,33,36,1,0.833,0.145,0.968,0.214
423,33,37,0,0.032,0.145,0.869,0.214
423,33,37,1,0.032,0.2,0.968,0.489
423,33,37,2,0.92,0.448,0.968,0.517
423,33,38,0,0.032,0.448,0.956,0.517
423,33,38,1,0.179,0.505,0.968,0.574
423,33,39,0,0.032,0.505,0.215,0.574
423,33,39,1,0.032,0.56,0.968,0.629
423,33,39,2,0.731,0.631,0.968,0.7
423,33,40,0,0.032,0.631,0.767,0.7
423,33,40,1,0.05,0.69,0.968,0.758
423,33,41,0,0.032,0.69,0.086,0.758
423,33,41,1,0.266,0.752,0.968,0.821
423,33,42,0,0.032,0.752,0.302,0.821
423,33,42,1,0.794,0.811,0.968,0.88
423,33,43,0,0.032,0.811,0.83,0.88
423,33,43,1,0.055,0.873,0.968,0.942
424,33,44,0,0.143,0.03,0.968,0.099
424,33,45,0,0.032,0.03,0.179,0.099
424,33,45,1,0.173,0.091,0.968,0.161
424,33,46,0,0.032,0.091,0.209,0.161
424,33,46,1,0.443,0.15,0.968,0.22
424,33,47,0,0.032,0.15,0.479,0.22
424,33,47,1,0.576,0.209,0.968,0.279
424,33,48,0,0.032,0.209,0.612,0.279
424,33,48,1,0.046,0.269,0.968,0.339
424,33,49,0,0.032,0.269,0.082,0.339
424,33,49,1,0.032,0.324,0.968,0.449
424,33,49,2,0.326,0.451,0.968,0.52
424,33,50,0,0.032,0.451,0.362,0.52
424,33,50,1,0.032,0.507,0.968,0.906
424,33,50,2,0.049,0.868,0.968,0.936
425,33,51,0,0.032,0.014,0.968,0.193
425,33,51,1,0.235,0.2,0.968,0.269
425,33,52,0,0.032,0.2,0.271,0.269
425,33,52,1,0.032,0.255,0.968,0.379
425,33,52,2,0.921,0.385,0.968,0.455
425,33,53,0,0.032,0.385,0.958,0.455
425,33,53,1,0.032,0.44,0.968,0.84
425,33,53,2,0.092,0.812,0.968,0.881
425,33,54,0,0.032,0.812,0.128,0.881
425,33,54,1,0.055,0.87,0.968,0.939
426,33,55,0,0.032,0.014,0.968,0.193
426,33,55,1,0.915,0.206,0.968,0.275
426,33,56,0,0.032,0.206,0.951,0.275
426,33,56,1,0.309,0.265,0.968,0.335
426,33,57,0,0.032,0.265,0.345,0.335
426,33,57,1,0.032,0.32,0.968,0.39
426,33,57,2,0.793,0.388,0.968,0.458
426,33,58,0,0.032,0.388,0.829,0.458
426,33,58,1,0.049,0.447,0.968,0.516
426,33,59,0,0.032,0.447,0.085,0.516
426,33,59,1,0.032,0.503,0.968,0.627
426,33,59,2,0.593,0.631,0.968,0.7
426,33,60,0,0.032,0.631,0.629,0.7
426,33,60,1,0.032,0.686,0.968,0.755
426,33,60,2,0.263,0.752,0.968,0.821
426,33,61,0,0.032,0.752,0.299,0.821
426,33,61,1,0.303,0.812,0.968,0.881
426,33,62,0,0.032,0.812,0.339,0.881
426,33,62,1,0.049,0.873,0.968,0.942
427,33,63,0,0.032,0.014,0.968,0.083
427,33,63,1,0.495,0.09,0.968,0.159
427,33,64,0,0.032,0.09,0.531,0.159
427,33,64,1,0.768,0.148,0.968,0.217
427,33,65,0,0.032,0.148,0.804,0.217
427,33,65,1,0.918,0.21,0.968,0.28
427,33,66,0,0.032,0.21,0.954,0.28
427,33,66,1,0.661,0.268,0.968,0.338
427,33,67,0,0.032,0.268,0.697,0.338
427,33,67,1,0.625,0.329,0.968,0.399
427,33,68,0,0.032,0.329,0.661,0.399
427,33,68,1,0.616,0.39,0.968,0.46
427,33,69,0,0.032,0.39,0.652,0.46
427,33,69,1,0.049,0.45,0.968,0.519
427,33,70,0,0.032,0.45,0.085,0.519
427,33,70,1,0.143,0.512,0.968,0.581
427,33,71,0,0.032,0.512,0.179,0.581
427,33,71,1,0.032,0.567,0.968,0.636
427,33,71,2,0.582,0.635,0.968,0.704
427,33,72,0,0.032,0.635,0.618,0.704
427,33,72,1,0.032,0.69,0.968,0.759
427,33,72,2,0.384,0.756,0.968,0.825
427,33,73,0,0.032,0.756,0.42,0.825
427,33,73,1,0.032,0.811,0.968,0.88
427,33,73,2,0.055,0.876,0.968,0.945
428,34,1,0,0.032,0.014,0.968,0.248
428,34,1,1,0.397,0.211,0.968,0.281
428,34,2,0,0.032,0.211,0.433,0.281
428,34,2,1,0.032,0.266,0.968,0.336
428,34,2,2,0.661,0.331,0.968,0.401
428,34,3,0,0.032,0.331,0.697,0.401
428,34,3,1,0.032,0.386,0.968,0.51
428,34,3,2,0.308,0.512,0.968,0.581
428,34,4,0,0.032,0.512,0.344,0.581
428,34,4,1,0.032,0.567,0.968,0.636
428,34,4,2,0.729,0.632,0.968,0.701
428,34,5,0,0.032,0.632,0.765,0.701
428,34,5,1,0.45,0.691,0.968,0.759
428,34,6,0,0.032,0.691,0.486,0.759
428,34,6,1,0.032,0.746,0.968,0.815
428,34,6,2,0.673,0.808,0.968,0.877
428,34,7,0,0.032,0.808,0.71,0.877
428,34,7,1,0.05,0.873,0.968,0.942
429,34,8,0,0.032,0.014,0.968,0.083
429,34,8,1,0.487,0.093,0.968,0.163
429,34,9,0,0.032,0.093,0.523,0.163
429,34,9,1,0.032,0.148,0.968,0.273
429,34,9,2,0.571,0.278,0.968,0.348
429,34,10,0,0.184,0.333,0.607,0.403
429,34,11,0,0.032,0.333,0.22,0.403
429,34,11,1,0.032,0.388,0.968,0.458
429,34,11,2,0.821,0.451,0.968,0.52
429,34,12,0,0.032,0.451,0.857,0.52
429,34,12,1,0.032,0.507,0.968,0.576
429,34,12,2,0.049,0.566,0.968,0.634
429,34,13,0,0.032,0.566,0.085,0.634
429,34,13,1,0.032,0.621,0.968,0.745
429,34,13,2,0.762,0.754,0.968,0.823
429,34,14,0,0.032,0.754,0.798,0.823
429,34,14,1,0.032,0.809,0.968,0.878
429,34,14,2,0.055,0.873,0.968,0.942
430,34,15,0,0.032,0.014,0.968,0.193
430,34,15,1,0.915,0.152,0.968,0.222
430,34,16,0,0.032,0.152,0.951,0.222
430,34,16,1,0.032,0.207,0.968,0.277
430,34,16,2,0.917,0.27,0.968,0.34
430,34,17,0,0.047,0.273,0.953,0.343
430,34,18,0,0.032,0.273,0.083,0.343
430,34,18,1,0.032,0.328,0.968,0.398
430,34,18,2,0.047,0.392,0.968,0.462
430,34,19,0,0.032,0.392,0.083,0.462
430,34,19,1,0.032,0.447,0.968,0.572
430,34,19,2,0.791,0.569,0.968,0.637
430,34,20,0,0.032,0.569,0.827,0.637
430,34,20,1,0.598,0.632,0.968,0.701
430,34,21,0,0.032,0.632,0.634,0.701
430,34,21,1,0.032,0.687,0.968,0.756
430,34,21,2,0.57,0.751,0.968,0.82
430,34,22,0,0.032,0.751,0.606,0.82
430,34,22,1,0.032,0.806,0.968,0.875
430,34,22,2,0.052,0.873,0.968,0.942
431,34,23,0,0.032,0.014,0.968,0.083
431,34,23,1,0.046,0.085,0.968,0.154
431,34,24,0,0.032,0.085,0.082,0.154
431,34,24,1,0.032,0.14,0.968,0.209
431,34,24,2,0.1,0.207,0.968,0.276
431,34,25,0,0.032,0.207,0.136,0.276
431,34,25,1,0.097,0.265,0.968,0.335
431,34,26,0,0.032,0.265,0.133,0.335
431,34,26,1,0.032,0.32,0.968,0.39
431,34,26,2,0.921,0.385,0.968,0.455
431,34,27,0,0.032,0.385,0.958,0.455
431,34,27,1,0.628,0.446,0.968,0.515
431,34,28,0,0.032,0.446,0.664,0.515
431,34,28,1,0.052,0.506,0.968,0.575
431,34,29,0,0.032,0.506,0.088,0.575
431,34,29,1,0.052,0.569,0.968,0.637
431,34,30,0,0.032,0.569,0.088,0.637
431,34,30,1,0.032,0.624,0.968,0.693
431,34,30,2,0.92,0.683,0.968,0.752
431,34,31,0,0.032,0.683,0.956,0.752
431,34,31,1,0.032,0.739,0.968,0.863
431,34,31,2,0.056,0.866,0.968,0.934
432,34,32,0,0.032,0.014,0.968,0.083
432,34,32,1,0.222,0.088,0.968,0.157
432,34,33,0,0.032,0.088,0.258,0.157
432,34,33,1,0.032,0.143,0.968,0.322
432,34,33,2,0.377,0.327,0.968,0.397
432,34,34,0,0.032,0.327,0.413,0.397
432,34,34,1,0.049,0.388,0.968,0.458
432,34,35,0,0.032,0.388,0.085,0.458
432,34,35,1,0.047,0.449,0.968,0.518
432,34,36,0,0.032,0.449,0.083,0.518
432,34,36,1,0.032,0.505,0.968,0.574
432,34,36,2,0.756,0.571,0.968,0.639
432,34,37,0,0.032,0.571,0.792,0.639
432,34,37,1,0.032,0.626,0.968,0.695
432,34,37,2,0.346,0.691,0.968,0.759
432,34,38,0,0.032,0.691,0.382,0.759
432,34,38,1,0.104,0.749,0.968,0.818
432,34,39,0,0.032,0.749,0.14,0.818
432,34,39,1,0.032,0.804,0.968,0.873
432,34,39,2,0.047,0.87,0.968,0.939
433,34,40,0,0.032,0.014,0.968,0.083
433,34,40,1,0.794,0.089,0.968,0.158
433,34,41,0,0.032,0.089,0.83,0.158
433,34,41,1,0.267,0.145,0.968,0.214
433,34,42,0,0.032,0.145,0.303,0.214
433,34,42,1,0.032,0.2,0.968,0.27
433,34,42,2,0.486,0.266,0.968,0.336
433,34,43,0,0.032,0.266,0.522,0.336
433,34,43,1,0.032,0.321,0.968,0.446
433,34,43,2,0.416,0.444,0.968,0.513
433,34,44,0,0.032,0.444,0.452,0.513
433,34,44,1,0.177,0.506,0.968,0.575
433,34,45,0,0.032,0.506,0.213,0.575
433,34,45,1,0.032,0.561,0.968,0.63
433,34,45,2,0.632,0.629,0.968,0.698
433,34,46,0,0.032,0.629,0.668,0.698
433,34,46,1,0.032,0.684,0.968,0.753
433,34,46,2,0.049,0.743,0.968,0.811
433,34,47,0,0.032,0.743,0.085,0.811
433,34,47,1,0.032,0.798,0.968,0.867
433,34,47,2,0.691,0.868,0.968,0.936
433,34,48,0,0.05,0.867,0.727,0.935
434,34,49,0,0.258,0.022,0.968,0.09
434,34,50,0,0.032,0.022,0.294,0.09
434,34,50,1,0.032,0.077,0.968,0.146
434,34,50,2,0.711,0.144,0.968,0.213
434,34,51,0,0.032,0.144,0.747,0.213
434,34,51,1,0.711,0.204,0.968,0.273
434,34,52,0,0.032,0.204,0.747,0.273
434,34,52,1,0.708,0.265,0.968,0.335
434,34,53,0,0.032,0.265,0.744,0.335
434,34,53,1,0.508,0.324,0.968,0.394
434,34,54,0,0.032,0.324,0.544,0.394
434,34,54,1,0.047,0.386,0.968,0.456
434,35,1,0,0.032,0.386,0.083,0.456
434,35,1,1,0.032,0.441,0.968,0.731
434,35,1,2,0.776,0.693,0.968,0.761
434,35,2,0,0.032,0.693,0.812,0.761
434,35,2,1,0.123,0.751,0.968,0.82
434,35,3,0,0.032,0.751,0.159,0.82
434,35,3,1,0.032,0.806,0.968,0.875
434,35,3,2,0.046,0.872,0.968,0.941
435,35,4,0,0.032,0.014,0.968,0.083
435,35,4,1,0.92,0.085,0.968,0.154
435,35,5,0,0.032,0.085,0.956,0.154
435,35,5,1,0.532,0.145,0.968,0.214
435,35,6,0,0.032,0.145,0.568,0.214
435,35,6,1,0.125,0.213,0.968,0.283
435,35,7,0,0.032,0.213,0.161,0.283
435,35,7,1,0.032,0.268,0.968,0.338
435,35,7,2,0.646,0.325,0.968,0.395
435,35,8,0,0.032,0.325,0.682,0.395
435,35,8,1,0.032,0.38,0.968,0.45
435,35,8,2,0.292,0.443,0.968,0.512
435,35,9,0,0.032,0.443,0.328,0.512
435,35,9,1,0.032,0.498,0.968,0.568
435,35,9,2,0.608,0.568,0.968,0.636
435,35,10,0,0.032,0.568,0.644,0.636
435,35,10,1,0.032,0.623,0.968,0.747
435,35,10,2,0.92,0.749,0.968,0.818
435,35,11,0,0.032,0.749,0.956,0.818
435,35,11,1,0.032,0.804,0.968,0.873
435,35,11,2,0.05,0.864,0.968,0.932
436,35,12,0,0.032,0.014,0.968,0.193
436,35,12,1,0.565,0.203,0.968,0.272
436,35,13,0,0.032,0.203,0.601,0.272
436,35,13,1,0.032,0.258,0.968,0.382
436,35,13,2,0.098,0.386,0.968,0.456
436,35,14,0,0.032,0.386,0.134,0.456
436,35,14,1,0.032,0.441,0.968,0.51
436,35,14,2,0.039,0.509,0.968,0.578
436,35,15,0,0.032,0.509,0.075,0.578
436,35,15,1,0.032,0.564,0.968,0.633
436,35,15,2,0.77,0.628,0.968,0.697
436,35,16,0,0.05,0.633,0.806,0.702
436,35,17,0,0.032,0.633,0.086,0.702
436,35,17,1,0.552,0.694,0.968,0.762
436,35,18,0,0.032,0.694,0.589,0.762
436,35,18,1,0.032,0.749,0.968,0.873
436,35,18,2,0.053,0.868,0.968,0.936
437,35,19,0,0.449,0.026,0.968,0.096
437,35,20,0,0.032,0.026,0.485,0.096
437,35,20,1,0.92,0.091,0.968,0.161
437,35,21,0,0.54,0.09,0.956,0.16
437,35,22,0,0.032,0.09,0.576,0.16
437,35,22,1,0.087,0.147,0.968,0.216
437,35,23,0,0.032,0.147,0.123,0.216
437,35,23,1,0.723,0.204,0.968,0.273
437,35,24,0,0.032,0.204,0.759,0.273
437,35,24,1,0.576,0.266,0.968,0.336
437,35,25,0,0.032,0.266,0.612,0.336
437,35,25,1,0.032,0.321,0.968,0.391
437,35,25,2,0.807,0.388,0.968,0.458
437,35,26,0,0.052,0.387,0.843,0.457
437,35,27,0,0.032,0.387,0.088,0.457
437,35,27,1,0.032,0.442,0.968,0.567
437,35,27,2,0.67,0.57,0.968,0.638
437,35,28,0,0.032,0.57,0.706,0.638
437,35,28,1,0.032,0.625,0.968,0.694
437,35,28,2,0.532,0.688,0.968,0.756
437,35,29,0,0.032,0.688,0.568,0.756
437,35,29,1,0.032,0.743,0.968,0.811
437,35,29,2,0.407,0.806,0.968,0.875
437,35,30,0,0.032,0.806,0.443,0.875
437,35,30,1,0.063,0.868,0.968,0.936
438,35,31,0,0.032,0.014,0.968,0.083
438,35,31,1,0.332,0.084,0.968,0.153
438,35,32,0,0.032,0.084,0.368,0.153
438,35,32,1,0.032,0.139,0.968,0.263
438,35,32,2,0.562,0.265,0.968,0.335
438,35,33,0,0.032,0.265,0.598,0.335
438,35,33,1,0.047,0.327,0.968,0.397
438,35,34,0,0.032,0.327,0.083,0.397
438,35,34,1,0.032,0.382,0.968,0.452
438,35,34,2,0.784,0.444,0.968,0.513
438,35,35,0,0.032,0.444,0.82,0.513
438,35,35,1,0.37,0.508,0.968,0.577
438,35,36,0,0.032,0.508,0.406,0.577
438,35,36,1,0.032,0.563,0.968,0.632
438,35,36,2,0.29,0.627,0.968,0.696
438,35,37,0,0.032,0.627,0.327,0.696
438,35,37,1,0.032,0.682,0.968,0.806
438,35,37,2,0.365,0.809,0.968,0.878
438,35,38,0,0.032,0.809,0.401,0.878
438,35,38,1,0.05,0.87,0.968,0.939
439,35,39,0,0.032,0.014,0.968,0.138
439,35,39,1,0.625,0.149,0.968,0.218
439,35,40,0,0.032,0.149,0.661,0.218
439,35,40,1,0.032,0.204,0.968,0.329
439,35,40,2,0.531,0.328,0.968,0.398
439,35,41,0,0.032,0.328,0.567,0.398
439,35,41,1,0.032,0.383,0.968,0.453
439,35,41,2,0.59,0.451,0.968,0.52
439,35,42,0,0.032,0.451,0.626,0.52
439,35,42,1,0.032,0.507,0.968,0.576
439,35,42,2,0.639,0.573,0.968,0.641
439,35,43,0,0.032,0.573,0.675,0.641
439,35,43,1,0.032,0.628,0.968,0.752
439,35,43,2,0.918,0.754,0.968,0.823
439,35,44,0,0.032,0.754,0.954,0.823
439,35,44,1,0.032,0.809,0.968,0.878
439,35,44,2,0.055,0.871,0.968,0.94
440,35,45,0,0.032,0.014,0.968,0.138
440,35,45,1,0.052,0.139,0.968,0.208
440,36,1,0,0.032,0.139,0.088,0.208
440,36,1,1,0.032,0.194,0.968,0.318
440,36,1,2,0.846,0.324,0.968,0.394
440,36,2,0,0.49,0.324,0.882,0.394
440,36,3,0,0.109,0.324,0.526,0.394
440,36,4,0,0.032,0.324,0.145,0.394
440,36,4,1,0.68,0.382,0.968,0.452
440,36,5,0,0.289,0.384,0.716,0.454
440,36,6,0,0.032,0.384,0.325,0.454
440,36,6,1,0.481,0.443,0.968,0.512
440,36,7,0,0.032,0.443,0.517,0.512
440,36,7,1,0.678,0.504,0.968,0.573
440,36,8,0,0.032,0.504,0.714,0.573
440,36,8,1,0.537,0.567,0.968,0.635
440,36,9,0,0.032,0.567,0.573,0.635
440,36,9,1,0.145,0.626,0.968,0.695
440,36,10,0,0.032,0.626,0.181,0.695
440,36,10,1,0.218,0.686,0.968,0.755
440,36,11,0,0.032,0.686,0.254,0.755
440,36,11,1,0.032,0.742,0.968,0.81
440,36,11,2,0.638,0.808,0.968,0.877
440,36,12,0,0.032,0.808,0.674,0.877
440,36,12,1,0.052,0.871,0.968,0.94
441,36,13,0,0.05,0.022,0.968,0.09
441,36,14,0,0.032,0.022,0.086,0.09
441,36,14,1,0.032,0.077,0.968,0.146
441,36,14,2,0.667,0.142,0.968,0.211
441,36,15,0,0.032,0.142,0.703,0.211
441,36,15,1,0.334,0.201,0.968,0.27
441,36,16,0,0.032,0.201,0.37,0.27
441,36,16,1,0.641,0.262,0.968,0.332
441,36,17,0,0.05,0.26,0.677,0.33
441,36,18,0,0.032,0.26,0.086,0.33
441,36,18,1,0.032,0.315,0.968,0.385
441,36,18,2,0.667,0.384,0.968,0.454
441,36,19,0,0.032,0.384,0.703,0.454
441,36,19,1,0.521,0.446,0.968,0.515
441,36,20,0,0.032,0.446,0.557,0.515
441,36,20,1,0.244,0.504,0.968,0.573
441,36,21,0,0.032,0.504,0.28,0.573
441,36,21,1,0.391,0.569,0.968,0.637
441,36,22,0,0.032,0.569,0.427,0.637
441,36,22,1,0.532,0.628,0.968,0.697
441,36,23,0,0.032,0.628,0.568,0.697
441,36,23,1,0.032,0.683,0.968,0.752
441,36,23,2,0.78,0.753,0.968,0.822
441,36,24,0,0.317,0.749,0.816,0.818
441,36,25,0,0.032,0.749,0.353,0.818
441,36,25,1,0.633,0.81,0.968,0.879
441,36,26,0,0.032,0.81,0.669,0.879
441,36,26,1,0.782,0.873,0.968,0.942
441,36,27,0,0.061,0.871,0.818,0.94
442,36,28,0,0.032,0.014,0.968,0.083
442,36,28,1,0.749,0.083,0.968,0.152
442,36,29,0,0.032,0.083,0.785,0.152
442,36,29,1,0.917,0.143,0.968,0.212
442,36,30,0,0.032,0.143,0.953,0.212
442,36,30,1,0.745,0.204,0.968,0.273
442,36,31,0,0.032,0.204,0.781,0.273
442,36,31,1,0.571,0.263,0.968,0.333
442,36,32,0,0.032,0.263,0.607,0.333
442,36,32,1,0.917,0.327,0.968,0.397
442,36,33,0,0.032,0.327,0.953,0.397
442,36,33,1,0.624,0.387,0.968,0.457
442,36,34,0,0.032,0.387,0.66,0.457
442,36,34,1,0.377,0.447,0.968,0.516
442,36,35,0,0.032,0.447,0.413,0.516
442,36,35,1,0.261,0.508,0.968,0.577
442,36,36,0,0.032,0.508,0.297,0.577
442,36,36,1,0.032,0.563,0.968,0.632
442,36,36,2,0.628,0.631,0.968,0.7
442,36,37,0,0.032,0.631,0.664,0.7
442,36,37,1,0.635,0.692,0.968,0.76
442,36,38,0,0.032,0.692,0.671,0.76
442,36,38,1,0.486,0.751,0.968,0.82
442,36,39,0,0.032,0.751,0.522,0.82
442,36,39,1,0.556,0.811,0.968,0.88
442,36,40,0,0.032,0.811,0.592,0.88
442,36,40,1,0.049,0.869,0.968,0.938
443,36,41,0,0.163,0.028,0.968,0.097
443,36,42,0,0.032,0.028,0.199,0.097
443,36,42,1,0.554,0.089,0.968,0.158
443,36,43,0,0.032,0.089,0.59,0.158
443,36,43,1,0.666,0.146,0.968,0.215
443,36,44,0,0.123,0.147,0.702,0.216
443,36,45,0,0.032,0.147,0.159,0.216
443,36,45,1,0.05,0.209,0.968,0.279
443,36,46,0,0.032,0.209,0.086,0.279
443,36,46,1,0.032,0.264,0.968,0.334
443,36,46,2,0.918,0.33,0.968,0.4
443,36,47,0,0.032,0.33,0.954,0.4
443,36,47,1,0.032,0.385,0.968,0.455
443,36,47,2,0.722,0.451,0.968,0.52
443,36,48,0,0.032,0.451,0.758,0.52
443,36,48,1,0.918,0.51,0.968,0.579
443,36,49,0,0.032,0.51,0.954,0.579
443,36,49,1,0.92,0.574,0.968,0.642
443,36,50,0,0.052,0.57,0.956,0.638
443,36,51,0,0.032,0.57,0.088,0.638
443,36,51,1,0.032,0.625,0.968,0.694
443,36,51,2,0.92,0.692,0.968,0.76
443,36,52,0,0.032,0.692,0.956,0.76
443,36,52,1,0.492,0.754,0.968,0.823
443,36,53,0,0.032,0.754,0.528,0.823
443,36,53,1,0.308,0.811,0.968,0.88
443,36,54,0,0.032,0.811,0.344,0.88
443,36,54,1,0.053,0.875,0.968,0.944
444,36,55,0,0.247,0.023,0.968,0.091
444,36,56,0,0.032,0.023,0.283,0.091
444,36,56,1,0.399,0.08,0.968,0.149
444,36,57,0,0.032,0.08,0.435,0.149
444,36,57,1,0.749,0.142,0.968,0.211
444,36,58,0,0.263,0.141,0.785,0.21
444,36,59,0,0.032,0.141,0.299,0.21
444,36,59,1,0.689,0.201,0.968,0.27
444,36,60,0,0.032,0.201,0.725,0.27
444,36,60,1,0.309,0.262,0.968,0.332
444,36,61,0,0.032,0.262,0.345,0.332
444,36,61,1,0.59,0.323,0.968,0.393
444,36,62,0,0.032,0.323,0.626,0.393
444,36,62,1,0.601,0.383,0.968,0.453
444,36,63,0,0.032,0.383,0.637,0.453
444,36,63,1,0.915,0.443,0.968,0.512
444,36,64,0,0.252,0.445,0.951,0.514
444,36,65,0,0.032,0.445,0.288,0.514
444,36,65,1,0.032,0.501,0.968,0.57
444,36,65,2,0.749,0.568,0.968,0.636
444,36,66,0,0.032,0.568,0.785,0.636
444,36,66,1,0.464,0.63,0.968,0.699
444,36,67,0,0.032,0.63,0.5,0.699
444,36,67,1,0.032,0.685,0.968,0.754
444,36,67,2,0.917,0.752,0.968,0.821
444,36,68,0,0.046,0.755,0.953,0.824
444,36,69,0,0.032,0.755,0.082,0.824
444,36,69,1,0.032,0.81,0.968,0.879
444,36,69,2,0.917,0.873,0.968,0.942
444,36,70,0,0.047,0.876,0.953,0.945
445,36,71,0,0.032,0.014,0.968,0.083
445,36,71,1,0.785,0.082,0.968,0.151
445,36,72,0,0.053,0.08,0.821,0.149
445,36,73,0,0.032,0.08,0.089,0.149
445,36,73,1,0.187,0.138,0.968,0.207
445,36,74,0,0.032,0.138,0.223,0.207
445,36,74,1,0.267,0.2,0.968,0.269
445,36,75,0,0.032,0.2,0.303,0.269
445,36,75,1,0.422,0.259,0.968,0.329
445,36,76,0,0.032,0.259,0.458,0.329
445,36,76,1,0.401,0.32,0.968,0.39
445,36,77,0,0.032,0.32,0.437,0.39
445,36,77,1,0.232,0.379,0.968,0.449
445,36,78,0,0.032,0.379,0.268,0.449
445,36,78,1,0.052,0.442,0.968,0.511
445,36,79,0,0.032,0.442,0.088,0.511
445,36,79,1,0.032,0.497,0.968,0.567
445,36,79,2,0.92,0.558,0.968,0.627
445,36,80,0,0.032,0.558,0.956,0.627
445,36,80,1,0.7,0.619,0.968,0.688
445,36,81,0,0.032,0.619,0.736,0.688
445,36,81,1,0.049,0.679,0.968,0.748
445,36,82,0,0.032,0.679,0.085,0.748
445,36,82,1,0.052,0.738,0.968,0.806
445,36,83,0,0.032,0.738,0.088,0.806
445,36,83,1,0.05,0.796,0.968,0.865
446,37,1,0,0.032,0.014,0.968,0.083
446,37,1,1,0.656,0.082,0.968,0.151
446,37,2,0,0.343,0.081,0.692,0.15
446,37,3,0,0.047,0.079,0.379,0.148
446,37,4,0,0.032,0.079,0.083,0.148
446,37,4,1,0.653,0.141,0.968,0.21
446,37,5,0,0.032,0.141,0.689,0.21
446,37,5,1,0.768,0.202,0.968,0.271
446,37,6,0,0.157,0.201,0.804,0.27
446,37,7,0,0.032,0.201,0.193,0.27
446,37,7,1,0.608,0.261,0.968,0.331
446,37,8,0,0.032,0.261,0.644,0.331
446,37,8,1,0.706,0.322,0.968,0.392
446,37,9,0,0.253,0.321,0.742,0.391
446,37,10,0,0.032,0.321,0.289,0.391
446,37,10,1,0.464,0.379,0.968,0.449
446,37,11,0,0.032,0.379,0.5,0.449
446,37,11,1,0.267,0.442,0.968,0.511
446,37,12,0,0.032,0.442,0.303,0.511
446,37,12,1,0.766,0.505,0.968,0.574
446,37,13,0,0.402,0.504,0.802,0.573
446,37,14,0,0.032,0.504,0.438,0.573
446,37,14,1,0.909,0.564,0.968,0.632
446,37,15,0,0.416,0.564,0.945,0.632
446,37,16,0,0.032,0.564,0.452,0.632
446,37,16,1,0.712,0.625,0.968,0.694
446,37,17,0,0.387,0.625,0.748,0.694
446,37,18,0,0.032,0.625,0.423,0.694
446,37,18,1,0.909,0.683,0.968,0.752
446,37,19,0,0.298,0.683,0.945,0.752
446,37,20,0,0.032,0.683,0.334,0.752
446,37,20,1,0.768,0.746,0.968,0.815
446,37,21,0,0.049,0.744,0.804,0.812
446,37,22,0,0.032,0.744,0.085,0.812
446,37,22,1,0.174,0.804,0.968,0.873
446,37,23,0,0.032,0.804,0.21,0.873
446,37,23,1,0.441,0.866,0.968,0.934
446,37,24,0,0.049,0.866,0.477,0.934
447,37,25,0,0.636,0.021,0.968,0.089
447,37,26,0,0.233,0.023,0.672,0.091
447,37,27,0,0.032,0.023,0.269,0.091
447,37,27,1,0.635,0.08,0.968,0.149
447,37,28,0,0.053,0.081,0.671,0.15
447,37,29,0,0.032,0.081,0.089,0.15
447,37,29,1,0.543,0.142,0.968,0.211
447,37,30,0,0.032,0.142,0.579,0.211
447,37,30,1,0.625,0.201,0.968,0.27
447,37,31,0,0.05,0.202,0.661,0.271
447,37,32,0,0.032,0.202,0.086,0.271
447,37,32,1,0.56,0.263,0.968,0.333
447,37,33,0,0.032,0.263,0.596,0.333
447,37,33,1,0.92,0.321,0.968,0.391
447,37,34,0,0.418,0.32,0.956,0.39
447,37,35,0,0.032,0.32,0.454,0.39
447,37,35,1,0.503,0.383,0.968,0.453
447,37,36,0,0.032,0.383,0.539,0.453
447,37,36,1,0.703,0.441,0.968,0.51
447,37,37,0,0.128,0.444,0.739,0.513
447,37,38,0,0.032,0.444,0.164,0.513
447,37,38,1,0.565,0.505,0.968,0.574
447,37,39,0,0.032,0.505,0.601,0.574
447,37,39,1,0.92,0.565,0.968,0.633
447,37,40,0,0.475,0.565,0.956,0.633
447,37,41,0,0.05,0.565,0.511,0.633
447,37,42,0,0.032,0.565,0.086,0.633
447,37,42,1,0.599,0.627,0.968,0.696
447,37,43,0,0.298,0.63,0.635,0.699
447,37,44,0,0.032,0.63,0.334,0.699
447,37,44,1,0.921,0.688,0.968,0.756
447,37,45,0,0.377,0.688,0.958,0.756
447,37,46,0,0.032,0.688,0.413,0.756
447,37,46,1,0.92,0.748,0.968,0.817
447,37,47,0,0.314,0.749,0.956,0.818
447,37,48,0,0.032,0.749,0.35,0.818
447,37,48,1,0.723,0.809,0.968,0.878
447,37,49,0,0.34,0.808,0.759,0.877
447,37,50,0,0.032,0.808,0.376,0.877
447,37,50,1,0.658,0.869,0.968,0.938
447,37,51,0,0.053,0.872,0.694,0.941
448,37,52,0,0.511,0.023,0.968,0.091
448,37,53,0,0.032,0.023,0.547,0.091
448,37,53,1,0.788,0.085,0.968,0.154
448,37,54,0,0.373,0.082,0.824,0.151
448,37,55,0,0.032,0.082,0.409,0.151
448,37,55,1,0.773,0.144,0.968,0.213
448,37,56,0,0.3,0.143,0.809,0.212
448,37,57,0,0.032,0.143,0.336,0.212
448,37,57,1,0.548,0.203,0.968,0.272
448,37,58,0,0.207,0.202,0.584,0.271
448,37,59,0,0.032,0.202,0.243,0.271
448,37,59,1,0.517,0.262,0.968,0.332
448,37,60,0,0.047,0.262,0.553,0.332
448,37,61,0,0.032,0.262,0.083,0.332
448,37,61,1,0.466,0.324,0.968,0.394
448,37,62,0,0.032,0.324,0.502,0.394
448,37,62,1,0.808,0.384,0.968,0.454
448,37,63,0,0.286,0.384,0.844,0.454
448,37,64,0,0.032,0.384,0.322,0.454
448,37,64,1,0.534,0.445,0.968,0.514
448,37,65,0,0.032,0.445,0.57,0.514
448,37,65,1,0.915,0.506,0.968,0.575
448,37,66,0,0.236,0.505,0.951,0.574
448,37,67,0,0.032,0.505,0.272,0.574
448,37,67,1,0.567,0.565,0.968,0.633
448,37,68,0,0.049,0.566,0.603,0.634
448,37,69,0,0.032,0.566,0.085,0.634
448,37,69,1,0.49,0.626,0.968,0.695
448,37,70,0,0.046,0.628,0.526,0.697
448,37,71,0,0.032,0.628,0.082,0.697
448,37,71,1,0.346,0.688,0.968,0.756
448,37,72,0,0.032,0.688,0.382,0.756
448,37,72,1,0.779,0.748,0.968,0.817
448,37,73,0,0.049,0.746,0.815,0.815
448,37,74,0,0.032,0.746,0.085,0.815
448,37,74,1,0.438,0.807,0.968,0.876
448,37,75,0,0.032,0.807,0.474,0.876
448,37,75,1,0.737,0.869,0.968,0.938
448,37,76,0,0.053,0.869,0.773,0.938
449,37,77,0,0.542,0.019,0.968,0.088
449,37,78,0,0.129,0.019,0.578,0.088
449,37,79,0,0.032,0.019,0.165,0.088
449,37,79,1,0.619,0.083,0.968,0.152
449,37,80,0,0.142,0.083,0.655,0.152
449,37,81,0,0.032,0.083,0.178,0.152
449,37,81,1,0.661,0.144,0.968,0.213
449,37,82,0,0.277,0.141,0.697,0.21
449,37,83,0,0.032,0.141,0.313,0.21
449,37,83,1,0.644,0.204,0.968,0.273
449,37,84,0,0.174,0.202,0.68,0.271
449,37,85,0,0.032,0.202,0.21,0.271
449,37,85,1,0.504,0.262,0.968,0.332
449,37,86,0,0.032,0.262,0.54,0.332
449,37,86,1,0.92,0.326,0.968,0.396
449,37,87,0,0.473,0.323,0.956,0.393
449,37,88,0,0.052,0.321,0.509,0.391
449,37,89,0,0.032,0.321,0.088,0.391
449,37,89,1,0.678,0.386,0.968,0.456
449,37,90,0,0.323,0.384,0.714,0.454
449,37,91,0,0.032,0.384,0.359,0.454
449,37,91,1,0.656,0.447,0.968,0.516
449,37,92,0,0.306,0.45,0.692,0.519
449,37,93,0,0.032,0.45,0.342,0.519
449,37,93,1,0.797,0.511,0.968,0.58
449,37,94,0,0.439,0.506,0.834,0.575
449,37,95,0,0.032,0.506,0.475,0.575
449,37,95,1,0.92,0.569,0.968,0.637
449,37,96,0,0.446,0.568,0.956,0.636
449,37,97,0,0.032,0.568,0.482,0.636
449,37,97,1,0.731,0.631,0.968,0.7
449,37,98,0,0.053,0.628,0.767,0.697
449,37,99,0,0.032,0.628,0.089,0.697
449,37,99,1,0.424,0.692,0.968,0.76
449,37,100,0,0.032,0.692,0.46,0.76
449,37,100,1,0.92,0.756,0.968,0.825
449,37,101,0,0.494,0.753,0.956,0.822
449,37,102,0,0.032,0.753,0.53,0.822
449,37,102,1,0.032,0.808,0.968,0.877
449,37,102,2,0.05,0.871,0.968,0.94
450,37,103,0,0.542,0.022,0.968,0.09
450,37,104,0,0.117,0.022,0.578,0.09
450,37,105,0,0.032,0.022,0.153,0.09
450,37,105,1,0.25,0.082,0.968,0.151
450,37,106,0,0.032,0.082,0.286,0.151
450,37,106,1,0.709,0.141,0.968,0.21
450,37,107,0,0.3,0.143,0.745,0.212
450,37,108,0,0.032,0.143,0.336,0.212
450,37,108,1,0.777,0.202,0.968,0.271
450,37,109,0,0.428,0.202,0.813,0.271
450,37,110,0,0.032,0.202,0.465,0.271
450,37,110,1,0.914,0.26,0.968,0.33
450,37,111,0,0.428,0.261,0.95,0.331
450,37,112,0,0.032,0.261,0.465,0.331
450,37,112,1,0.726,0.32,0.968,0.39
450,37,113,0,0.032,0.32,0.762,0.39
450,37,113,1,0.427,0.381,0.968,0.451
450,37,114,0,0.032,0.381,0.463,0.451
450,37,114,1,0.743,0.444,0.968,0.513
450,37,115,0,0.032,0.444,0.779,0.513
450,37,115,1,0.914,0.505,0.968,0.574
450,37,116,0,0.326,0.506,0.95,0.575
450,37,117,0,0.032,0.506,0.362,0.575
450,37,117,1,0.743,0.566,0.968,0.634
450,37,118,0,0.162,0.567,0.779,0.635
450,37,119,0,0.032,0.567,0.198,0.635
450,37,119,1,0.543,0.627,0.968,0.696
450,37,120,0,0.032,0.627,0.579,0.696
450,37,120,1,0.914,0.683,0.968,0.752
450,37,121,0,0.199,0.689,0.95,0.757
450,37,122,0,0.032,0.689,0.235,0.757
450,37,122,1,0.591,0.747,0.968,0.816
450,37,123,0,0.047,0.751,0.627,0.82
450,37,124,0,0.032,0.751,0.083,0.82
450,37,124,1,0.532,0.808,0.968,0.877
450,37,125,0,0.032,0.808,0.568,0.877
450,37,125,1,0.762,0.868,0.968,0.936
450,37,126,0,0.053,0.873,0.798,0.942
451,37,127,0,0.535,0.021,0.968,0.089
451,37,128,0,0.05,0.023,0.572,0.092
451,37,129,0,0.032,0.023,0.086,0.092
451,37,129,1,0.565,0.082,0.968,0.151
451,37,130,0,0.207,0.082,0.601,0.151
451,37,131,0,0.032,0.082,0.243,0.151
451,37,131,1,0.653,0.144,0.968,0.213
451,37,132,0,0.205,0.143,0.689,0.212
451,37,133,0,0.032,0.143,0.241,0.212
451,37,133,1,0.689,0.203,0.968,0.272
451,37,134,0,0.201,0.201,0.725,0.27
451,37,135,0,0.032,0.201,0.237,0.27
451,37,135,1,0.729,0.263,0.968,0.333
451,37,136,0,0.368,0.261,0.765,0.331
451,37,137,0,0.032,0.261,0.404,0.331
451,37,137,1,0.771,0.322,0.968,0.392
451,37,138,0,0.304,0.322,0.807,0.392
451,37,139,0,0.032,0.322,0.341,0.392
451,37,139,1,0.77,0.383,0.968,0.453
451,37,140,0,0.261,0.384,0.806,0.454
451,37,141,0,0.032,0.384,0.297,0.454
451,37,141,1,0.68,0.444,0.968,0.513
451,37,142,0,0.213,0.445,0.716,0.514
451,37,143,0,0.032,0.445,0.249,0.514
451,37,143,1,0.602,0.504,0.968,0.573
451,37,144,0,0.05,0.504,0.638,0.573
451,37,145,0,0.032,0.504,0.086,0.573
451,37,145,1,0.393,0.566,0.968,0.634
451,37,146,0,0.032,0.566,0.429,0.634
451,37,146,1,0.754,0.627,0.968,0.696
451,37,147,0,0.052,0.625,0.79,0.694
451,37,148,0,0.032,0.625,0.088,0.694
451,37,148,1,0.5,0.686,0.968,0.755
451,37,149,0,0.032,0.686,0.536,0.755
451,37,149,1,0.633,0.747,0.968,0.816
451,37,150,0,0.032,0.747,0.669,0.816
451,37,150,1,0.714,0.805,0.968,0.874
451,37,151,0,0.12,0.806,0.75,0.875
451,37,152,0,0.032,0.806,0.156,0.875
451,37,152,1,0.596,0.867,0.968,0.935
451,37,153,0,0.053,0.869,0.632,0.938
452,37,154,0,0.636,0.024,0.968,0.093
452,37,155,0,0.394,0.024,0.672,0.093
452,37,156,0,0.032,0.024,0.43,0.093
452,37,156,1,0.917,0.086,0.968,0.155
452,37,157,0,0.399,0.086,0.953,0.155
452,37,158,0,0.032,0.086,0.435,0.155
452,37,158,1,0.289,0.144,0.968,0.213
452,37,159,0,0.032,0.144,0.325,0.213
452,37,159,1,0.801,0.203,0.968,0.272
452,37,160,0,0.366,0.202,0.837,0.271
452,37,161,0,0.047,0.202,0.403,0.271
452,37,162,0,0.032,0.202,0.083,0.271
452,37,162,1,0.627,0.262,0.968,0.332
452,37,163,0,0.207,0.262,0.663,0.332
452,37,164,0,0.032,0.262,0.243,0.332
452,37,164,1,0.697,0.321,0.968,0.391
452,37,165,0,0.345,0.32,0.733,0.39
452,37,166,0,0.032,0.32,0.381,0.39
452,37,166,1,0.917,0.379,0.968,0.449
452,37,167,0,0.596,0.38,0.953,0.45
452,37,168,0,0.106,0.38,0.632,0.45
452,37,169,0,0.032,0.38,0.142,0.45
452,37,169,1,0.616,0.439,0.968,0.508
452,37,170,0,0.128,0.441,0.652,0.51
452,37,171,0,0.032,0.441,0.164,0.51
452,37,171,1,0.469,0.501,0.968,0.57
452,37,172,0,0.098,0.498,0.505,0.568
452,37,173,0,0.032,0.498,0.134,0.568
452,37,173,1,0.635,0.559,0.968,0.628
452,37,174,0,0.256,0.56,0.671,0.629
452,37,175,0,0.032,0.56,0.292,0.629
452,37,175,1,0.793,0.62,0.968,0.689
452,37,176,0,0.411,0.619,0.829,0.688
452,37,177,0,0.032,0.619,0.448,0.688
452,37,177,1,0.664,0.678,0.968,0.747
452,37,178,0,0.253,0.678,0.7,0.747
452,37,179,0,0.032,0.678,0.289,0.747
452,37,179,1,0.735,0.736,0.968,0.804
452,37,180,0,0.049,0.737,0.771,0.805
452,37,181,0,0.032,0.737,0.085,0.805
452,37,181,1,0.531,0.796,0.968,0.865
452,37,182,0,0.05,0.797,0.567,0.866
453,38,1,0,0.032,0.014,0.968,0.083
453,38,1,1,0.542,0.084,0.968,0.153
453,38,2,0,0.049,0.083,0.578,0.152
453,38,3,0,0.032,0.083,0.085,0.152
453,38,3,1,0.137,0.144,0.968,0.213
453,38,4,0,0.032,0.144,0.173,0.213
453,38,4,1,0.049,0.204,0.968,0.273
453,38,5,0,0.032,0.204,0.085,0.273
453,38,5,1,0.232,0.263,0.968,0.333
453,38,6,0,0.032,0.263,0.268,0.333
453,38,6,1,0.049,0.323,0.968,0.393
453,38,7,0,0.032,0.323,0.085,0.393
453,38,7,1,0.143,0.384,0.968,0.454
453,38,8,0,0.032,0.384,0.179,0.454
453,38,8,1,0.032,0.439,0.968,0.508
453,38,8,2,0.92,0.508,0.968,0.577
453,38,9,0,0.19,0.504,0.956,0.573
453,38,10,0,0.032,0.504,0.226,0.573
453,38,10,1,0.05,0.562,0.968,0.631
453,38,11,0,0.032,0.562,0.086,0.631
453,38,11,1,0.312,0.626,0.968,0.695
453,38,12,0,0.032,0.626,0.348,0.695
453,38,12,1,0.453,0.69,0.968,0.758
453,38,13,0,0.032,0.69,0.489,0.758
453,38,13,1,0.478,0.747,0.968,0.816
453,38,14,0,0.032,0.747,0.514,0.816
453,38,14,1,0.712,0.809,0.968,0.878
453,38,15,0,0.032,0.809,0.748,0.878
453,38,15,1,0.791,0.872,0.968,0.941
453,38,16,0,0.055,0.867,0.827,0.935
454,38,17,0,0.046,0.025,0.968,0.095
454,38,18,0,0.032,0.025,0.082,0.095
454,38,18,1,0.159,0.082,0.968,0.151
454,38,19,0,0.032,0.082,0.195,0.151
454,38,19,1,0.562,0.145,0.968,0.214
454,38,20,0,0.032,0.145,0.598,0.214
454,38,20,1,0.666,0.204,0.968,0.273
454,38,21,0,0.032,0.204,0.702,0.273
454,38,21,1,0.794,0.268,0.968,0.338
454,38,22,0,0.032,0.268,0.83,0.338
454,38,22,1,0.032,0.323,0.968,0.393
454,38,22,2,0.551,0.386,0.968,0.456
454,38,23,0,0.032,0.386,0.587,0.456
454,38,23,1,0.106,0.442,0.968,0.511
454,38,24,0,0.032,0.442,0.142,0.511
454,38,24,1,0.032,0.497,0.968,0.677
454,38,24,2,0.867,0.686,0.968,0.755
454,38,25,0,0.032,0.686,0.903,0.755
454,38,25,1,0.914,0.749,0.968,0.818
454,38,26,0,0.032,0.749,0.95,0.818
454,38,26,1,0.032,0.804,0.968,0.873
454,38,26,2,0.052,0.868,0.968,0.936
455,38,27,0,0.032,0.014,0.968,0.083
455,38,27,1,0.528,0.084,0.968,0.153
455,38,28,0,0.032,0.084,0.564,0.153
455,38,28,1,0.032,0.139,0.968,0.208
455,38,28,2,0.92,0.206,0.968,0.275
455,38,29,0,0.032,0.206,0.956,0.275
455,38,29,1,0.032,0.261,0.968,0.33
455,38,29,2,0.92,0.328,0.968,0.398
455,38,30,0,0.221,0.325,0.956,0.395
455,38,31,0,0.032,0.325,0.257,0.395
455,38,31,1,0.709,0.381,0.968,0.451
455,38,32,0,0.05,0.385,0.745,0.455
455,38,33,0,0.032,0.385,0.086,0.455
455,38,33,1,0.215,0.447,0.968,0.516
455,38,34,0,0.032,0.447,0.251,0.516
455,38,34,1,0.269,0.508,0.968,0.577
455,38,35,0,0.032,0.508,0.305,0.577
455,38,35,1,0.049,0.565,0.968,0.633
455,38,36,0,0.032,0.565,0.085,0.633
455,38,36,1,0.205,0.627,0.968,0.696
455,38,37,0,0.032,0.627,0.241,0.696
455,38,37,1,0.656,0.691,0.968,0.759
455,38,38,0,0.126,0.688,0.692,0.756
455,38,39,0,0.032,0.688,0.162,0.756
455,38,39,1,0.407,0.753,0.968,0.822
455,38,40,0,0.032,0.753,0.443,0.822
455,38,40,1,0.835,0.808,0.968,0.877
455,38,41,0,0.032,0.808,0.871,0.877
455,38,41,1,0.709,0.87,0.968,0.939
455,38,42,0,0.053,0.867,0.745,0.935
456,38,43,0,0.032,0.014,0.968,0.083
456,38,43,1,0.917,0.086,0.968,0.155
456,38,44,0,0.032,0.086,0.953,0.155
456,38,44,1,0.591,0.145,0.968,0.214
456,38,45,0,0.032,0.145,0.627,0.214
456,38,45,1,0.535,0.206,0.968,0.275
456,38,46,0,0.032,0.206,0.572,0.275
456,38,46,1,0.83,0.265,0.968,0.335
456,38,47,0,0.156,0.265,0.866,0.335
456,38,48,0,0.032,0.265,0.192,0.335
456,38,48,1,0.233,0.324,0.968,0.394
456,38,49,0,0.032,0.324,0.269,0.394
456,38,49,1,0.512,0.385,0.968,0.455
456,38,50,0,0.032,0.385,0.548,0.455
456,38,50,1,0.914,0.445,0.968,0.514
456,38,51,0,0.047,0.443,0.95,0.512
456,38,52,0,0.032,0.443,0.083,0.512
456,38,52,1,0.387,0.503,0.968,0.572
456,38,53,0,0.032,0.503,0.423,0.572
456,38,53,1,0.796,0.565,0.968,0.633
456,38,54,0,0.294,0.565,0.832,0.633
456,38,55,0,0.032,0.565,0.33,0.633
456,38,55,1,0.608,0.623,0.968,0.692
456,38,56,0,0.118,0.622,0.644,0.691
456,38,57,0,0.032,0.622,0.154,0.691
456,38,57,1,0.525,0.684,0.968,0.753
456,38,58,0,0.047,0.684,0.561,0.753
456,38,59,0,0.032,0.684,0.083,0.753
456,38,59,1,0.047,0.745,0.968,0.814
456,38,60,0,0.032,0.745,0.083,0.814
456,38,60,1,0.042,0.81,0.968,0.879
456,38,61,0,0.032,0.81,0.079,0.879
456,38,61,1,0.053,0.871,0.968,0.94
457,38,62,0,0.187,0.024,0.968,0.093
457,38,63,0,0.032,0.024,0.223,0.093
457,38,63,1,0.444,0.085,0.968,0.154
457,38,64,0,0.032,0.085,0.48,0.154
457,38,64,1,0.849,0.146,0.968,0.215
457,38,65,0,0.05,0.144,0.885,0.213
457,38,66,0,0.032,0.144,0.086,0.213
457,38,66,1,0.218,0.205,0.968,0.274
457,38,67,0,0.032,0.205,0.254,0.274
457,38,67,1,0.836,0.264,0.968,0.334
457,38,68,0,0.504,0.264,0.872,0.334
457,38,69,0,0.032,0.264,0.54,0.334
457,38,69,1,0.749,0.327,0.968,0.397
457,38,70,0,0.204,0.326,0.785,0.396
457,38,71,0,0.032,0.326,0.24,0.396
457,38,71,1,0.415,0.385,0.968,0.455
457,38,72,0,0.032,0.385,0.451,0.455
457,38,72,1,0.48,0.446,0.968,0.515
457,38,73,0,0.032,0.446,0.516,0.515
457,38,73,1,0.797,0.506,0.968,0.575
457,38,74,0,0.117,0.504,0.834,0.573
457,38,75,0,0.032,0.504,0.153,0.573
457,38,75,1,0.032,0.559,0.968,0.628
457,38,75,2,0.78,0.626,0.968,0.695
457,38,76,0,0.032,0.626,0.816,0.695
457,38,76,1,0.92,0.688,0.968,0.756
457,38,77,0,0.449,0.689,0.956,0.757
457,38,78,0,0.032,0.689,0.485,0.757
457,38,78,1,0.833,0.747,0.968,0.816
457,38,79,0,0.258,0.745,0.869,0.814
457,38,80,0,0.032,0.745,0.294,0.814
457,38,80,1,0.76,0.807,0.968,0.876
457,38,81,0,0.253,0.808,0.796,0.877
457,38,82,0,0.032,0.808,0.289,0.877
457,38,82,1,0.638,0.866,0.968,0.934
457,38,83,0,0.061,0.868,0.674,0.936
458,38,84,0,0.556,0.023,0.968,0.091
458,38,85,0,0.032,0.023,0.592,0.091
458,38,85,1,0.743,0.088,0.968,0.157
458,38,86,0,0.032,0.088,0.779,0.157
458,38,86,1,0.911,0.146,0.968,0.215
458,38,87,0,0.48,0.144,0.947,0.213
458,38,88,0,0.049,0.144,0.516,0.213
458,39,1,0,0.032,0.144,0.085,0.213
458,39,1,1,0.032,0.199,0.968,0.323
458,39,1,2,0.266,0.322,0.968,0.392
458,39,2,0,0.032,0.322,0.302,0.392
458,39,2,1,0.103,0.383,0.968,0.453
458,39,3,0,0.032,0.383,0.139,0.453
458,39,3,1,0.032,0.438,0.968,0.618
458,39,3,2,0.746,0.626,0.968,0.695
458,39,4,0,0.032,0.626,0.782,0.695
458,39,4,1,0.044,0.684,0.968,0.753
458,39,5,0,0.032,0.684,0.08,0.753
458,39,5,1,0.032,0.74,0.968,0.864
458,39,5,2,0.047,0.867,0.968,0.935
459,39,6,0,0.032,0.014,0.968,0.193
459,39,6,1,0.3,0.199,0.968,0.268
459,39,7,0,0.032,0.199,0.336,0.268
459,39,7,1,0.032,0.254,0.968,0.378
459,39,7,2,0.049,0.38,0.968,0.45
459,39,8,0,0.032,0.38,0.085,0.45
459,39,8,1,0.032,0.435,0.968,0.615
459,39,8,2,0.838,0.62,0.968,0.689
459,39,9,0,0.032,0.62,0.874,0.689
459,39,9,1,0.032,0.675,0.968,0.744
459,39,9,2,0.309,0.743,0.968,0.811
459,39,10,0,0.032,0.743,0.345,0.811
459,39,10,1,0.032,0.798,0.968,0.867
459,39,10,2,0.055,0.861,0.968,0.929
460,39,11,0,0.306,0.026,0.968,0.096
460,39,12,0,0.032,0.026,0.342,0.096
460,39,12,1,0.715,0.089,0.968,0.158
460,39,13,0,0.032,0.089,0.751,0.158
460,39,13,1,0.918,0.148,0.968,0.217
460,39,14,0,0.47,0.145,0.954,0.214
460,39,15,0,0.032,0.145,0.506,0.214
460,39,15,1,0.032,0.2,0.968,0.27
460,39,15,2,0.528,0.268,0.968,0.338
460,39,16,0,0.032,0.268,0.564,0.338
460,39,16,1,0.047,0.325,0.968,0.395
460,39,17,0,0.032,0.325,0.083,0.395
460,39,17,1,0.032,0.38,0.968,0.45
460,39,17,2,0.748,0.448,0.968,0.517
460,39,18,0,0.032,0.448,0.784,0.517
460,39,18,1,0.049,0.506,0.968,0.575
460,39,19,0,0.032,0.506,0.085,0.575
460,39,19,1,0.047,0.567,0.968,0.635
460,39,20,0,0.032,0.567,0.083,0.635
460,39,20,1,0.032,0.622,0.968,0.691
460,39,20,2,0.153,0.688,0.968,0.756
460,39,21,0,0.032,0.688,0.189,0.756
460,39,21,1,0.032,0.743,0.968,0.867
460,39,21,2,0.053,0.869,0.968,0.938
461,39,22,0,0.032,0.014,0.968,0.083
461,39,22,1,0.05,0.084,0.968,0.153
461,39,23,0,0.032,0.084,0.086,0.153
461,39,23,1,0.032,0.139,0.968,0.318
461,39,23,2,0.484,0.323,0.968,0.393
461,39,24,0,0.032,0.323,0.52,0.393
461,39,24,1,0.032,0.378,0.968,0.448
461,39,24,2,0.92,0.444,0.968,0.513
461,39,25,0,0.032,0.444,0.956,0.513
461,39,25,1,0.742,0.504,0.968,0.573
461,39,26,0,0.032,0.504,0.778,0.573
461,39,26,1,0.439,0.564,0.968,0.632
461,39,27,0,0.032,0.564,0.475,0.632
461,39,27,1,0.244,0.625,0.968,0.694
461,39,28,0,0.032,0.625,0.28,0.694
461,39,28,1,0.48,0.684,0.968,0.753
461,39,29,0,0.032,0.684,0.516,0.753
461,39,29,1,0.032,0.74,0.968,0.808
461,39,29,2,0.404,0.804,0.968,0.873
461,39,30,0,0.032,0.804,0.44,0.873
461,39,30,1,0.918,0.865,0.968,0.933
461,39,31,0,0.061,0.869,0.954,0.938
462,39,32,0,0.032,0.014,0.968,0.083
462,39,32,1,0.156,0.086,0.968,0.155
462,39,33,0,0.032,0.086,0.192,0.155
462,39,33,1,0.047,0.147,0.968,0.216
462,39,34,0,0.032,0.147,0.083,0.216
462,39,34,1,0.05,0.205,0.968,0.274
462,39,35,0,0.032,0.205,0.086,0.274
462,39,35,1,0.032,0.26,0.968,0.329
462,39,35,2,0.351,0.324,0.968,0.394
462,39,36,0,0.032,0.324,0.387,0.394
462,39,36,1,0.032,0.379,0.968,0.449
462,39,36,2,0.588,0.444,0.968,0.513
462,39,37,0,0.032,0.444,0.624,0.513
462,39,37,1,0.45,0.504,0.968,0.573
462,39,38,0,0.032,0.504,0.486,0.573
462,39,38,1,0.032,0.559,0.968,0.738
462,39,38,2,0.365,0.742,0.968,0.81
462,39,39,0,0.032,0.742,0.401,0.81
462,39,39,1,0.052,0.8,0.968,0.869
462,39,40,0,0.032,0.8,0.088,0.869
462,39,40,1,0.05,0.863,0.968,0.931
463,39,41,0,0.032,0.014,0.968,0.193
463,39,41,1,0.728,0.154,0.968,0.224
463,39,42,0,0.032,0.154,0.764,0.224
463,39,42,1,0.032,0.209,0.968,0.334
463,39,42,2,0.61,0.33,0.968,0.4
463,39,43,0,0.032,0.33,0.646,0.4
463,39,43,1,0.052,0.388,0.968,0.458
463,39,44,0,0.032,0.388,0.088,0.458
463,39,44,1,0.032,0.443,0.968,0.512
463,39,44,2,0.613,0.51,0.968,0.579
463,39,45,0,0.032,0.51,0.649,0.579
463,39,45,1,0.032,0.565,0.968,0.634
463,39,45,2,0.498,0.623,0.968,0.692
463,39,46,0,0.032,0.623,0.534,0.692
463,39,46,1,0.032,0.678,0.968,0.747
463,39,46,2,0.473,0.741,0.968,0.809
463,39,47,0,0.032,0.741,0.509,0.809
463,39,47,1,0.032,0.796,0.968,0.865
463,39,47,2,0.05,0.861,0.968,0.929
464,39,48,0,0.032,0.014,0.968,0.083
464,39,48,1,0.74,0.083,0.968,0.152
464,39,49,0,0.032,0.083,0.776,0.152
464,39,49,1,0.032,0.138,0.968,0.207
464,39,49,2,0.625,0.202,0.968,0.271
464,39,50,0,0.032,0.202,0.661,0.271
464,39,50,1,0.542,0.261,0.968,0.331
464,39,51,0,0.032,0.261,0.578,0.331
464,39,51,1,0.032,0.316,0.968,0.386
464,39,51,2,0.604,0.382,0.968,0.452
464,39,52,0,0.032,0.382,0.64,0.452
464,39,52,1,0.047,0.445,0.968,0.514
464,39,53,0,0.032,0.445,0.083,0.514
464,39,53,1,0.032,0.501,0.968,0.625
464,39,53,2,0.917,0.627,0.968,0.696
464,39,54,0,0.032,0.627,0.953,0.696
464,39,54,1,0.458,0.689,0.968,0.757
464,39,55,0,0.032,0.689,0.494,0.757
464,39,55,1,0.032,0.744,0.968,0.812
464,39,55,2,0.452,0.807,0.968,0.876
464,39,56,0,0.032,0.807,0.488,0.876
464,39,56,1,0.052,0.872,0.968,0.941
465,39,57,0,0.052,0.022,0.968,0.09
465,39,58,0,0.032,0.022,0.088,0.09
465,39,58,1,0.032,0.077,0.968,0.146
465,39,58,2,0.661,0.144,0.968,0.213
465,39,59,0,0.032,0.144,0.697,0.213
465,39,59,1,0.283,0.204,0.968,0.273
465,39,60,0,0.032,0.204,0.319,0.273
465,39,60,1,0.032,0.259,0.968,0.328
465,39,60,2,0.459,0.324,0.968,0.394
465,39,61,0,0.032,0.324,0.495,0.394
465,39,61,1,0.118,0.383,0.968,0.453
465,39,62,0,0.032,0.383,0.154,0.453
465,39,62,1,0.188,0.444,0.968,0.513
465,39,63,0,0.032,0.444,0.224,0.513
465,39,63,1,0.032,0.499,0.968,0.569
465,39,63,2,0.624,0.565,0.968,0.633
465,39,64,0,0.032,0.565,0.66,0.633
465,39,64,1,0.777,0.628,0.968,0.697
465,39,65,0,0.032,0.628,0.813,0.697
465,39,65,1,0.17,0.688,0.968,0.756
465,39,66,0,0.032,0.688,0.206,0.756
465,39,66,1,0.456,0.748,0.968,0.817
465,39,67,0,0.032,0.748,0.492,0.817
465,39,67,1,0.032,0.803,0.968,0.872
465,39,67,2,0.061,0.867,0.968,0.935
466,39,68,0,0.032,0.014,0.968,0.138
466,39,68,1,0.915,0.144,0.968,0.213
466,39,69,0,0.032,0.144,0.951,0.213
466,39,69,1,0.032,0.199,0.968,0.268
466,39,69,2,0.918,0.265,0.968,0.335
466,39,70,0,0.047,0.265,0.954,0.335
466,39,71,0,0.032,0.265,0.083,0.335
466,39,71,1,0.032,0.32,0.968,0.554
466,39,71,2,0.917,0.567,0.968,0.635
466,39,72,0,0.032,0.567,0.953,0.635
466,39,72,1,0.598,0.627,0.968,0.696
466,39,73,0,0.032,0.627,0.634,0.696
466,39,73,1,0.032,0.682,0.968,0.751
466,39,73,2,0.049,0.746,0.968,0.815
466,39,74,0,0.032,0.746,0.085,0.815
466,39,74,1,0.032,0.801,0.968,0.87
466,39,74,2,0.049,0.868,0.968,0.936
467,39,75,0,0.032,0.014,0.968,0.083
467,39,75,1,0.05,0.08,0.968,0.149
467,40,1,0,0.032,0.08,0.086,0.149
467,40,1,1,0.032,0.135,0.968,0.314
467,40,1,2,0.843,0.277,0.968,0.347
467,40,2,0,0.142,0.276,0.879,0.346
467,40,3,0,0.032,0.276,0.178,0.346
467,40,3,1,0.032,0.331,0.968,0.401
467,40,3,2,0.697,0.395,0.968,0.465
467,40,4,0,0.032,0.395,0.733,0.465
467,40,4,1,0.463,0.453,0.968,0.522
467,40,5,0,0.032,0.453,0.499,0.522
467,40,5,1,0.032,0.509,0.968,0.633
467,40,5,2,0.615,0.63,0.968,0.699
467,40,6,0,0.032,0.63,0.651,0.699
467,40,6,1,0.362,0.686,0.968,0.755
467,40,7,0,0.032,0.686,0.398,0.755
467,40,7,1,0.032,0.742,0.968,0.866
467,40,7,2,0.056,0.866,0.968,0.934
468,40,8,0,0.032,0.014,0.968,0.138
468,40,8,1,0.74,0.144,0.968,0.213
468,40,9,0,0.032,0.144,0.776,0.213
468,40,9,1,0.095,0.203,0.968,0.272
468,40,10,0,0.032,0.203,0.131,0.272
468,40,10,1,0.032,0.258,0.968,0.327
468,40,10,2,0.049,0.325,0.968,0.395
468,40,11,0,0.032,0.325,0.085,0.395
468,40,11,1,0.032,0.38,0.968,0.45
468,40,11,2,0.416,0.448,0.968,0.517
468,40,12,0,0.032,0.448,0.452,0.517
468,40,12,1,0.032,0.504,0.968,0.573
468,40,12,2,0.653,0.569,0.968,0.637
468,40,13,0,0.032,0.569,0.689,0.637
468,40,13,1,0.049,0.629,0.968,0.698
468,40,14,0,0.032,0.629,0.085,0.698
468,40,14,1,0.049,0.689,0.968,0.757
468,40,15,0,0.032,0.689,0.085,0.757
468,40,15,1,0.032,0.744,0.968,0.812
468,40,15,2,0.418,0.81,0.968,0.879
468,40,16,0,0.032,0.81,0.454,0.879
468,40,16,1,0.047,0.872,0.968,0.941
469,40,17,0,0.032,0.014,0.968,0.083
469,40,17,1,0.577,0.09,0.968,0.159
469,40,18,0,0.032,0.09,0.613,0.159
469,40,18,1,0.032,0.145,0.968,0.214
469,40,18,2,0.821,0.208,0.968,0.278
469,40,19,0,0.052,0.207,0.857,0.277
469,40,20,0,0.032,0.207,0.088,0.277
469,40,20,1,0.032,0.262,0.968,0.332
469,40,20,2,0.334,0.327,0.968,0.397
469,40,21,0,0.032,0.327,0.37,0.397
469,40,21,1,0.032,0.382,0.968,0.506
469,40,21,2,0.301,0.509,0.968,0.578
469,40,22,0,0.032,0.509,0.337,0.578
469,40,22,1,0.032,0.564,0.968,0.633
469,40,22,2,0.562,0.631,0.968,0.7
469,40,23,0,0.032,0.631,0.598,0.7
469,40,23,1,0.602,0.689,0.968,0.757
469,40,24,0,0.032,0.689,0.638,0.757
469,40,24,1,0.47,0.748,0.968,0.817
469,40,25,0,0.032,0.748,0.506,0.817
469,40,25,1,0.032,0.803,0.968,0.872
469,40,25,2,0.056,0.868,0.968,0.936
470,40,26,0,0.032,0.014,0.968,0.083
470,40,26,1,0.049,0.086,0.968,0.155
470,40,27,0,0.032,0.086,0.085,0.155
470,40,27,1,0.032,0.141,0.968,0.21
470,40,27,2,0.509,0.207,0.968,0.277
470,40,28,0,0.032,0.207,0.545,0.277
470,40,28,1,0.032,0.262,0.968,0.442
470,40,28,2,0.131,0.449,0.968,0.518
470,40,29,0,0.032,0.449,0.167,0.518
470,40,29,1,0.032,0.505,0.968,0.629
470,40,29,2,0.504,0.632,0.968,0.701
470,40,30,0,0.032,0.632,0.54,0.701
470,40,30,1,0.363,0.693,0.968,0.761
470,40,31,0,0.032,0.693,0.399,0.761
470,40,31,1,0.044,0.756,0.968,0.825
470,40,32,0,0.032,0.756,0.08,0.825
470,40,32,1,0.331,0.816,0.968,0.884
470,40,33,0,0.032,0.816,0.367,0.884
470,40,33,1,0.047,0.875,0.968,0.944
471,40,34,0,0.032,0.014,0.968,0.193
471,40,34,1,0.797,0.203,0.968,0.272
471,40,35,0,0.032,0.203,0.834,0.272
471,40,35,1,0.032,0.258,0.968,0.327
471,40,35,2,0.23,0.322,0.968,0.392
471,40,36,0,0.032,0.322,0.266,0.392
471,40,36,1,0.188,0.38,0.968,0.45
471,40,37,0,0.032,0.38,0.224,0.45
471,40,37,1,0.032,0.435,0.968,0.559
471,40,37,2,0.269,0.565,0.968,0.633
471,40,38,0,0.032,0.565,0.305,0.633
471,40,38,1,0.052,0.626,0.968,0.695
471,40,39,0,0.032,0.626,0.088,0.695
471,40,39,1,0.032,0.681,0.968,0.75
471,40,39,2,0.722,0.749,0.968,0.818
471,40,40,0,0.032,0.749,0.758,0.818
471,40,40,1,0.032,0.804,0.968,0.873
471,40,40,2,0.058,0.866,0.968,0.934
472,40,41,0,0.032,0.014,0.968,0.083
472,40,41,1,0.815,0.084,0.968,0.153
472,40,42,0,0.032,0.084,0.851,0.153
472,40,42,1,0.167,0.139,0.968,0.208
472,40,43,0,0.032,0.139,0.202,0.208
472,40,43,1,0.032,0.194,0.968,0.318
472,40,43,2,0.915,0.322,0.968,0.392
472,40,44,0,0.032,0.322,0.951,0.392
472,40,44,1,0.38,0.383,0.968,0.453
472,40,45,0,0.032,0.383,0.416,0.453
472,40,45,1,0.136,0.442,0.968,0.511
472,40,46,0,0.032,0.442,0.171,0.511
472,40,46,1,0.032,0.497,0.968,0.567
472,40,46,2,0.405,0.565,0.968,0.633
472,40,47,0,0.032,0.565,0.441,0.633
472,40,47,1,0.032,0.62,0.968,0.744
472,40,47,2,0.911,0.748,0.968,0.817
472,40,48,0,0.032,0.748,0.947,0.817
472,40,48,1,0.521,0.805,0.968,0.874
472,40,49,0,0.032,0.805,0.557,0.874
472,40,49,1,0.05,0.868,0.968,0.936
473,40,50,0,0.032,0.014,0.968,0.138
473,40,50,1,0.92,0.145,0.968,0.214
473,40,51,0,0.032,0.145,0.956,0.214
473,40,51,1,0.579,0.207,0.968,0.276
473,40,52,0,0.032,0.207,0.615,0.276
473,40,52,1,0.339,0.267,0.968,0.337
473,40,53,0,0.032,0.267,0.375,0.337
473,40,53,1,0.157,0.326,0.968,0.396
473,40,54,0,0.032,0.326,0.193,0.396
473,40,54,1,0.456,0.387,0.968,0.457
473,40,55,0,0.032,0.387,0.492,0.457
473,40,55,1,0.032,0.442,0.968,0.511
473,40,55,2,0.673,0.51,0.968,0.579
473,40,56,0,0.032,0.51,0.71,0.579
473,40,56,1,0.032,0.565,0.968,0.689
473,40,56,2,0.76,0.693,0.968,0.761
473,40,57,0,0.032,0.693,0.796,0.761
473,40,57,1,0.053,0.752,0.968,0.821
473,40,58,0,0.032,0.752,0.089,0.821
473,40,58,1,0.032,0.807,0.968,0.876
473,40,58,2,0.056,0.875,0.968,0.944
474,40,59,0,0.032,0.014,0.968,0.083
474,40,59,1,0.701,0.085,0.968,0.154
474,40,60,0,0.032,0.085,0.737,0.154
474,40,60,1,0.032,0.14,0.968,0.209
474,40,60,2,0.725,0.203,0.968,0.272
474,40,61,0,0.032,0.203,0.761,0.272
474,40,61,1,0.032,0.258,0.968,0.327
474,40,61,2,0.225,0.323,0.968,0.393
474,40,62,0,0.032,0.323,0.261,0.393
474,40,62,1,0.032,0.378,0.968,0.448
474,40,62,2,0.914,0.444,0.968,0.513
474,40,63,0,0.032,0.444,0.95,0.513
474,40,63,1,0.915,0.505,0.968,0.574
474,40,64,0,0.032,0.505,0.951,0.574
474,40,64,1,0.032,0.56,0.968,0.684
474,40,64,2,0.695,0.688,0.968,0.756
474,40,65,0,0.032,0.688,0.731,0.756
474,40,65,1,0.154,0.747,0.968,0.816
474,40,66,0,0.032,0.747,0.19,0.816
474,40,66,1,0.032,0.802,0.968,0.871
474,40,66,2,0.052,0.869,0.968,0.938
475,40,67,0,0.032,0.014,0.968,0.193
475,40,67,1,0.562,0.205,0.968,0.274
475,40,68,0,0.032,0.205,0.598,0.274
475,40,68,1,0.348,0.263,0.968,0.333
475,40,69,0,0.032,0.263,0.384,0.333
475,40,69,1,0.314,0.319,0.968,0.389
475,40,70,0,0.032,0.319,0.35,0.389
475,40,70,1,0.032,0.374,0.968,0.444
475,40,70,2,0.92,0.443,0.968,0.512
475,40,71,0,0.058,0.443,0.956,0.512
475,40,72,0,0.032,0.443,0.094,0.512
475,40,72,1,0.329,0.504,0.968,0.573
475,40,73,0,0.032,0.504,0.365,0.573
475,40,73,1,0.663,0.566,0.968,0.634
475,40,74,0,0.032,0.566,0.699,0.634
475,40,74,1,0.052,0.625,0.968,0.694
475,40,75,0,0.032,0.625,0.088,0.694
475,40,75,1,0.032,0.68,0.968,0.749
475,40,75,2,0.79,0.744,0.968,0.812
475,40,76,0,0.032,0.744,0.826,0.812
475,40,76,1,0.635,0.805,0.968,0.874
475,40,77,0,0.032,0.805,0.671,0.874
475,40,77,1,0.056,0.865,0.968,0.933
476,40,78,0,0.032,0.014,0.968,0.193
476,40,78,1,0.556,0.199,0.968,0.268
476,40,79,0,0.032,0.199,0.592,0.268
476,40,79,1,0.303,0.26,0.968,0.33
476,40,80,0,0.032,0.26,0.339,0.33
476,40,80,1,0.032,0.315,0.968,0.385
476,40,80,2,0.565,0.384,0.968,0.454
476,40,81,0,0.032,0.384,0.601,0.454
476,40,81,1,0.689,0.446,0.968,0.515
476,40,82,0,0.032,0.446,0.725,0.515
476,40,82,1,0.032,0.502,0.968,0.626
476,40,82,2,0.914,0.63,0.968,0.699
476,40,83,0,0.032,0.63,0.95,0.699
476,40,83,1,0.136,0.688,0.968,0.756
476,40,84,0,0.032,0.688,0.171,0.756
476,40,84,1,0.032,0.743,0.968,0.811
476,40,84,2,0.777,0.81,0.968,0.879
476,40,85,0,0.032,0.81,0.813,0.879
476,40,85,1,0.05,0.87,0.968,0.939
477,41,1,0,0.032,0.014,0.968,0.138
477,41,1,1,0.827,0.15,0.968,0.22
477,41,2,0,0.322,0.151,0.863,0.221
477,41,3,0,0.032,0.151,0.358,0.221
477,41,3,1,0.376,0.209,0.968,0.279
477,41,4,0,0.032,0.209,0.412,0.279
477,41,4,1,0.456,0.27,0.968,0.34
477,41,5,0,0.032,0.27,0.492,0.34
477,41,5,1,0.032,0.325,0.968,0.395
477,41,5,2,0.61,0.39,0.968,0.46
477,41,6,0,0.032,0.39,0.646,0.46
477,41,6,1,0.032,0.445,0.968,0.514
477,41,6,2,0.742,0.509,0.968,0.578
477,41,7,0,0.032,0.509,0.778,0.578
477,41,7,1,0.732,0.571,0.968,0.639
477,41,8,0,0.032,0.571,0.768,0.639
477,41,8,1,0.647,0.631,0.968,0.7
477,41,9,0,0.032,0.631,0.683,0.7
477,41,9,1,0.053,0.693,0.968,0.761
477,41,10,0,0.032,0.693,0.089,0.761
477,41,10,1,0.032,0.748,0.968,0.817
477,41,10,2,0.539,0.808,0.968,0.877
477,41,11,0,0.032,0.808,0.575,0.877
477,41,11,1,0.055,0.873,0.968,0.942
478,41,12,0,0.032,0.014,0.968,0.193
478,41,12,1,0.799,0.151,0.968,0.221
478,41,13,0,0.032,0.151,0.835,0.221
478,41,13,1,0.737,0.212,0.968,0.282
478,41,14,0,0.032,0.212,0.773,0.282
478,41,14,1,0.032,0.267,0.968,0.337
478,41,14,2,0.487,0.328,0.968,0.398
478,41,15,0,0.032,0.328,0.523,0.398
478,41,15,1,0.032,0.383,0.968,0.507
478,41,15,2,0.912,0.508,0.968,0.577
478,41,16,0,0.032,0.508,0.948,0.577
478,41,16,1,0.032,0.563,0.968,0.632
478,41,16,2,0.737,0.628,0.968,0.697
478,41,17,0,0.032,0.628,0.773,0.697
478,41,17,1,0.032,0.683,0.968,0.752
478,41,17,2,0.917,0.749,0.968,0.818
478,41,18,0,0.284,0.748,0.953,0.817
478,41,19,0,0.032,0.748,0.32,0.817
478,41,19,1,0.41,0.805,0.968,0.874
478,41,20,0,0.032,0.805,0.446,0.874
478,41,20,1,0.052,0.866,0.968,0.934
479,41,21,0,0.032,0.014,0.968,0.083
479,41,21,1,0.053,0.089,0.968,0.158
479,41,22,0,0.032,0.089,0.089,0.158
479,41,22,1,0.032,0.144,0.968,0.268
479,41,22,2,0.918,0.269,0.968,0.339
479,41,23,0,0.032,0.269,0.954,0.339
479,41,23,1,0.705,0.33,0.968,0.4
479,41,24,0,0.032,0.33,0.741,0.4
479,41,24,1,0.368,0.39,0.968,0.46
479,41,25,0,0.032,0.39,0.404,0.46
479,41,25,1,0.032,0.445,0.968,0.57
479,41,25,2,0.697,0.571,0.968,0.639
479,41,26,0,0.032,0.571,0.733,0.639
479,41,26,1,0.523,0.63,0.968,0.699
479,41,27,0,0.032,0.63,0.559,0.699
479,41,27,1,0.233,0.691,0.968,0.759
479,41,28,0,0.032,0.691,0.269,0.759
479,41,28,1,0.032,0.746,0.968,0.815
479,41,28,2,0.92,0.808,0.968,0.877
479,41,29,0,0.032,0.808,0.956,0.877
479,41,29,1,0.053,0.87,0.968,0.939
480,41,30,0,0.032,0.014,0.968,0.138
480,41,30,1,0.501,0.144,0.968,0.213
480,41,31,0,0.032,0.144,0.537,0.213
480,41,31,1,0.032,0.199,0.968,0.269
480,41,31,2,0.498,0.263,0.968,0.333
480,41,32,0,0.052,0.265,0.534,0.335
480,41,33,0,0.032,0.265,0.088,0.335
480,41,33,1,0.032,0.32,0.968,0.39
480,41,33,2,0.604,0.385,0.968,0.455
480,41,34,0,0.032,0.385,0.64,0.455
480,41,34,1,0.032,0.44,0.968,0.509
480,41,34,2,0.712,0.507,0.968,0.576
480,41,35,0,0.032,0.507,0.748,0.576
480,41,35,1,0.563,0.566,0.968,0.634
480,41,36,0,0.032,0.566,0.599,0.634
480,41,36,1,0.247,0.624,0.968,0.693
480,41,37,0,0.032,0.624,0.283,0.693
480,41,37,1,0.032,0.679,0.968,0.803
480,41,37,2,0.618,0.802,0.968,0.871
480,41,38,0,0.032,0.802,0.654,0.871
480,41,38,1,0.055,0.863,0.968,0.931
481,41,39,0,0.032,0.014,0.968,0.138
481,41,39,1,0.844,0.143,0.968,0.212
481,41,40,0,0.032,0.143,0.88,0.212
481,41,40,1,0.032,0.198,0.968,0.267
481,41,40,2,0.608,0.263,0.968,0.333
481,41,41,0,0.032,0.263,0.644,0.333
481,41,41,1,0.622,0.323,0.968,0.393
481,41,42,0,0.032,0.323,0.658,0.393
481,41,42,1,0.447,0.384,0.968,0.454
481,41,43,0,0.032,0.384,0.483,0.454
481,41,43,1,0.05,0.447,0.968,0.516
481,41,44,0,0.032,0.447,0.086,0.516
481,41,44,1,0.032,0.503,0.968,0.682
481,41,44,2,0.477,0.688,0.968,0.756
481,41,45,0,0.032,0.688,0.513,0.756
481,41,45,1,0.032,0.743,0.968,0.811
481,41,45,2,0.292,0.807,0.968,0.876
481,41,46,0,0.032,0.807,0.328,0.876
481,41,46,1,0.058,0.87,0.968,0.939
482,41,47,0,0.032,0.014,0.968,0.138
482,41,47,1,0.162,0.144,0.968,0.213
482,41,48,0,0.032,0.144,0.198,0.213
482,41,48,1,0.049,0.206,0.968,0.275
482,41,49,0,0.032,0.206,0.085,0.275
482,41,49,1,0.032,0.261,0.968,0.33
482,41,49,2,0.801,0.325,0.968,0.395
482,41,50,0,0.032,0.325,0.837,0.395
482,41,50,1,0.032,0.38,0.968,0.504
482,41,50,2,0.408,0.505,0.968,0.574
482,41,51,0,0.032,0.505,0.444,0.574
482,41,51,1,0.032,0.56,0.968,0.629
482,41,51,2,0.914,0.628,0.968,0.697
482,41,52,0,0.032,0.628,0.95,0.697
482,41,52,1,0.227,0.685,0.968,0.754
482,41,53,0,0.032,0.685,0.263,0.754
482,41,53,1,0.032,0.741,0.968,0.809
482,41,53,2,0.177,0.805,0.968,0.874
482,41,54,0,0.032,0.805,0.213,0.874
482,41,54,1,0.052,0.865,0.968,0.933
483,42,1,0,0.032,0.014,0.968,0.193
483,42,1,1,0.835,0.165,0.968,0.234
483,42,2,0,0.659,0.164,0.871,0.233
483,42,3,0,0.032,0.164,0.696,0.233
483,42,3,1,0.65,0.223,0.968,0.292
483,42,4,0,0.032,0.223,0.686,0.292
483,42,4,1,0.717,0.281,0.968,0.351
483,42,5,0,0.032,0.281,0.753,0.351
483,42,5,1,0.032,0.336,0.968,0.406
483,42,5,2,0.289,0.396,0.968,0.466
483,42,6,0,0.032,0.396,0.325,0.466
483,42,6,1,0.032,0.451,0.968,0.52
483,42,6,2,0.917,0.517,0.968,0.586
483,42,7,0,0.032,0.517,0.953,0.586
483,42,7,1,0.032,0.572,0.968,0.641
483,42,7,2,0.799,0.635,0.968,0.704
483,42,8,0,0.032,0.635,0.835,0.704
483,42,8,1,0.053,0.693,0.968,0.761
483,42,9,0,0.032,0.693,0.089,0.761
483,42,9,1,0.032,0.748,0.968,0.817
483,42,9,2,0.622,0.811,0.968,0.88
483,42,10,0,0.032,0.811,0.658,0.88
483,42,10,1,0.056,0.867,0.968,0.935
484,42,11,0,0.032,0.014,0.968,0.138
484,42,11,1,0.568,0.144,0.968,0.213
484,42,12,0,0.032,0.144,0.604,0.213
484,42,12,1,0.049,0.205,0.968,0.274
484,42,13,0,0.032,0.205,0.085,0.274
484,42,13,1,0.032,0.26,0.968,0.439
484,42,13,2,0.111,0.441,0.968,0.51
484,42,14,0,0.032,0.441,0.147,0.51
484,42,14,1,0.032,0.496,0.968,0.621
484,42,14,2,0.049,0.624,0.968,0.693
484,42,15,0,0.032,0.624,0.085,0.693
484,42,15,1,0.032,0.679,0.968,0.858
484,42,15,2,0.049,0.865,0.968,0.933
485,42,16,0,0.032,0.014,0.968,0.138
485,42,16,1,0.92,0.144,0.968,0.213
485,42,17,0,0.032,0.144,0.956,0.213
485,42,17,1,0.591,0.205,0.968,0.274
485,42,18,0,0.032,0.205,0.627,0.274
485,42,18,1,0.032,0.26,0.968,0.329
485,42,18,2,0.052,0.326,0.968,0.396
485,42,19,0,0.032,0.326,0.088,0.396
485,42,19,1,0.032,0.381,0.968,0.451
485,42,19,2,0.918,0.445,0.968,0.514
485,42,20,0,0.032,0.445,0.954,0.514
485,42,20,1,0.032,0.501,0.968,0.57
485,42,20,2,0.797,0.566,0.968,0.634
485,42,21,0,0.032,0.566,0.834,0.634
485,42,21,1,0.032,0.621,0.968,0.69
485,42,21,2,0.315,0.684,0.968,0.753
485,42,22,0,0.032,0.684,0.351,0.753
485,42,22,1,0.032,0.74,0.968,0.864
485,42,22,2,0.053,0.867,0.968,0.935
486,42,23,0,0.032,0.014,0.968,0.138
486,42,23,1,0.388,0.146,0.968,0.215
486,42,24,0,0.032,0.146,0.424,0.215
486,42,24,1,0.032,0.201,0.968,0.271
486,42,24,2,0.366,0.266,0.968,0.336
486,42,25,0,0.032,0.266,0.403,0.336
486,42,25,1,0.049,0.326,0.968,0.396
486,42,26,0,0.032,0.326,0.085,0.396
486,42,26,1,0.032,0.381,0.968,0.451
486,42,26,2,0.447,0.445,0.968,0.514
486,42,27,0,0.032,0.445,0.483,0.514
486,42,27,1,0.032,0.501,0.968,0.57
486,42,27,2,0.731,0.565,0.968,0.633
486,42,28,0,0.032,0.565,0.767,0.633
486,42,28,1,0.32,0.628,0.968,0.697
486,42,29,0,0.032,0.628,0.356,0.697
486,42,29,1,0.032,0.683,0.968,0.752
486,42,29,2,0.647,0.748,0.968,0.817
486,42,30,0,0.032,0.748,0.683,0.817
486,42,30,1,0.354,0.806,0.968,0.875
486,42,31,0,0.032,0.806,0.39,0.875
486,42,31,1,0.052,0.87,0.968,0.939
487,42,32,0,0.36,0.023,0.968,0.092
487,42,33,0,0.032,0.023,0.396,0.092
487,42,33,1,0.032,0.079,0.968,0.148
487,42,33,2,0.92,0.14,0.968,0.209
487,42,34,0,0.25,0.142,0.956,0.211
487,42,35,0,0.032,0.142,0.286,0.211
487,42,35,1,0.394,0.203,0.968,0.272
487,42,36,0,0.032,0.203,0.43,0.272
487,42,36,1,0.032,0.258,0.968,0.327
487,42,36,2,0.799,0.323,0.968,0.393
487,42,37,0,0.032,0.323,0.835,0.393
487,42,37,1,0.642,0.383,0.968,0.453
487,42,38,0,0.032,0.383,0.678,0.453
487,42,38,1,0.303,0.444,0.968,0.513
487,42,39,0,0.032,0.444,0.339,0.513
487,42,39,1,0.663,0.505,0.968,0.574
487,42,40,0,0.032,0.505,0.699,0.574
487,42,40,1,0.247,0.567,0.968,0.635
487,42,41,0,0.032,0.567,0.283,0.635
487,42,41,1,0.349,0.629,0.968,0.698
487,42,42,0,0.032,0.629,0.385,0.698
487,42,42,1,0.032,0.684,0.968,0.753
487,42,42,2,0.745,0.747,0.968,0.816
487,42,43,0,0.032,0.747,0.781,0.816
487,42,43,1,0.921,0.808,0.968,0.877
487,42,44,0,0.032,0.808,0.958,0.877
487,42,44,1,0.058,0.872,0.968,0.941
488,42,45,0,0.032,0.014,0.968,0.248
488,42,45,1,0.636,0.207,0.968,0.276
488,42,46,0,0.032,0.207,0.672,0.276
488,42,46,1,0.185,0.266,0.968,0.336
488,42,47,0,0.032,0.266,0.221,0.336
488,42,47,1,0.032,0.321,0.968,0.391
488,42,47,2,0.249,0.388,0.968,0.458
488,42,48,0,0.032,0.388,0.285,0.458
488,42,48,1,0.032,0.443,0.968,0.568
488,42,48,2,0.236,0.569,0.968,0.637
488,42,49,0,0.032,0.569,0.272,0.637
488,42,49,1,0.032,0.624,0.968,0.693
488,42,49,2,0.508,0.69,0.968,0.758
488,42,50,0,0.032,0.69,0.544,0.758
488,42,50,1,0.229,0.752,0.968,0.821
488,42,51,0,0.032,0.752,0.265,0.821
488,42,51,1,0.032,0.807,0.968,0.876
488,42,51,2,0.055,0.87,0.968,0.939
489,42,52,0,0.032,0.014,0.968,0.138
489,42,52,1,0.374,0.147,0.968,0.216
489,42,53,0,0.032,0.147,0.41,0.216
489,42,53,1,0.055,0.207,0.968,0.276
489,43,1,0,0.032,0.207,0.091,0.276
489,43,1,1,0.032,0.262,0.968,0.386
489,43,1,2,0.819,0.387,0.968,0.457
489,43,2,0,0.447,0.389,0.855,0.459
489,43,3,0,0.032,0.389,0.483,0.459
489,43,3,1,0.549,0.449,0.968,0.518
489,43,4,0,0.032,0.449,0.585,0.518
489,43,4,1,0.661,0.508,0.968,0.577
489,43,5,0,0.032,0.508,0.697,0.577
489,43,5,1,0.441,0.569,0.968,0.637
489,43,6,0,0.032,0.569,0.477,0.637
489,43,6,1,0.77,0.63,0.968,0.699
489,43,7,0,0.032,0.63,0.806,0.699
489,43,7,1,0.915,0.685,0.968,0.754
489,43,8,0,0.032,0.685,0.951,0.754
489,43,8,1,0.917,0.75,0.968,0.819
489,43,9,0,0.032,0.75,0.953,0.819
489,43,9,1,0.525,0.808,0.968,0.877
489,43,10,0,0.032,0.808,0.561,0.877
489,43,10,1,0.059,0.864,0.968,0.932
490,43,11,0,0.032,0.014,0.968,0.083
490,43,11,1,0.611,0.082,0.968,0.151
490,43,12,0,0.032,0.082,0.647,0.151
490,43,12,1,0.359,0.144,0.968,0.213
490,43,13,0,0.032,0.144,0.395,0.213
490,43,13,1,0.032,0.199,0.968,0.269
490,43,13,2,0.221,0.263,0.968,0.333
490,43,14,0,0.032,0.263,0.257,0.333
490,43,14,1,0.771,0.323,0.968,0.393
490,43,15,0,0.032,0.323,0.807,0.393
490,43,15,1,0.684,0.382,0.968,0.452
490,43,16,0,0.032,0.382,0.72,0.452
490,43,16,1,0.777,0.444,0.968,0.513
490,43,17,0,0.032,0.444,0.813,0.513
490,43,17,1,0.357,0.505,0.968,0.574
490,43,18,0,0.032,0.505,0.393,0.574
490,43,18,1,0.351,0.566,0.968,0.634
490,43,19,0,0.032,0.566,0.387,0.634
490,43,19,1,0.032,0.621,0.968,0.69
490,43,19,2,0.615,0.685,0.968,0.754
490,43,20,0,0.032,0.685,0.651,0.754
490,43,20,1,0.187,0.748,0.968,0.817
490,43,21,0,0.032,0.748,0.223,0.817
490,43,21,1,0.207,0.806,0.968,0.875
490,43,22,0,0.032,0.806,0.243,0.875
490,43,22,1,0.056,0.87,0.968,0.939
491,43,23,0,0.032,0.014,0.968,0.083
491,43,23,1,0.053,0.083,0.968,0.152
491,43,24,0,0.032,0.083,0.089,0.152
491,43,24,1,0.032,0.138,0.968,0.207
491,43,24,2,0.518,0.202,0.968,0.271
491,43,25,0,0.032,0.202,0.554,0.271
491,43,25,1,0.565,0.265,0.968,0.335
491,43,26,0,0.032,0.265,0.601,0.335
491,43,26,1,0.548,0.323,0.968,0.393
491,43,27,0,0.032,0.323,0.584,0.393
491,43,27,1,0.92,0.384,0.968,0.454
491,43,28,0,0.103,0.385,0.956,0.455
491,43,29,0,0.032,0.385,0.139,0.455
491,43,29,1,0.055,0.447,0.968,0.516
491,43,30,0,0.032,0.447,0.091,0.516
491,43,30,1,0.14,0.507,0.968,0.576
491,43,31,0,0.032,0.507,0.176,0.576
491,43,31,1,0.115,0.569,0.968,0.637
491,43,32,0,0.032,0.569,0.151,0.637
491,43,32,1,0.032,0.624,0.968,0.748
491,43,32,2,0.148,0.75,0.968,0.819
491,43,33,0,0.032,0.75,0.184,0.819
491,43,33,1,0.032,0.805,0.968,0.874
491,43,33,2,0.059,0.869,0.968,0.938
492,43,34,0,0.294,0.029,0.968,0.098
492,43,35,0,0.032,0.029,0.33,0.098
492,43,35,1,0.032,0.084,0.968,0.153
492,43,35,2,0.773,0.149,0.968,0.218
492,43,36,0,0.032,0.149,0.809,0.218
492,43,36,1,0.706,0.209,0.968,0.279
492,43,37,0,0.032,0.209,0.742,0.279
492,43,37,1,0.678,0.267,0.968,0.337
492,43,38,0,0.032,0.267,0.714,0.337
492,43,38,1,0.438,0.326,0.968,0.396
492,43,39,0,0.032,0.326,0.474,0.396
492,43,39,1,0.28,0.384,0.968,0.454
492,43,40,0,0.032,0.384,0.316,0.454
492,43,40,1,0.049,0.448,0.968,0.517
492,43,41,0,0.032,0.448,0.085,0.517
492,43,41,1,0.309,0.506,0.968,0.575
492,43,42,0,0.032,0.506,0.345,0.575
492,43,42,1,0.419,0.565,0.968,0.633
492,43,43,0,0.032,0.565,0.455,0.633
492,43,43,1,0.441,0.626,0.968,0.695
492,43,44,0,0.032,0.626,0.477,0.695
492,43,44,1,0.666,0.688,0.968,0.756
492,43,45,0,0.032,0.688,0.702,0.756
492,43,45,1,0.246,0.745,0.968,0.814
492,43,46,0,0.032,0.745,0.282,0.814
492,43,46,1,0.032,0.8,0.968,0.869
492,43,46,2,0.715,0.866,0.968,0.934
492,43,47,0,0.053,0.868,0.751,0.936
493,43,48,0,0.032,0.014,0.968,0.083
493,43,48,1,0.512,0.096,0.968,0.165
493,43,49,0,0.032,0.096,0.548,0.165
493,43,49,1,0.325,0.154,0.968,0.224
493,43,50,0,0.032,0.154,0.361,0.224
493,43,50,1,0.49,0.214,0.968,0.284
493,43,51,0,0.032,0.214,0.526,0.284
493,43,51,1,0.032,0.269,0.968,0.339
493,43,51,2,0.594,0.33,0.968,0.4
493,43,52,0,0.032,0.33,0.63,0.4
493,43,52,1,0.698,0.391,0.968,0.461
493,43,53,0,0.032,0.391,0.734,0.461
493,43,53,1,0.357,0.449,0.968,0.518
493,43,54,0,0.032,0.449,0.393,0.518
493,43,54,1,0.309,0.511,0.968,0.58
493,43,55,0,0.032,0.511,0.345,0.58
493,43,55,1,0.266,0.57,0.968,0.638
493,43,56,0,0.032,0.57,0.302,0.638
493,43,56,1,0.48,0.631,0.968,0.7
493,43,57,0,0.032,0.631,0.516,0.7
493,43,57,1,0.349,0.689,0.968,0.757
493,43,58,0,0.032,0.689,0.385,0.757
493,43,58,1,0.052,0.748,0.968,0.817
493,43,59,0,0.032,0.748,0.088,0.817
493,43,59,1,0.032,0.803,0.968,0.872
493,43,59,2,0.92,0.866,0.968,0.934
493,43,60,0,0.056,0.867,0.956,0.935
494,43,61,0,0.032,0.014,0.968,0.083
494,43,61,1,0.788,0.091,0.968,0.161
494,43,62,0,0.032,0.091,0.824,0.161
494,43,62,1,0.912,0.153,0.968,0.223
494,43,63,0,0.032,0.153,0.948,0.223
494,43,63,1,0.032,0.208,0.968,0.278
494,43,63,2,0.915,0.272,0.968,0.342
494,43,64,0,0.032,0.272,0.951,0.342
494,43,64,1,0.915,0.333,0.968,0.403
494,43,65,0,0.032,0.333,0.951,0.403
494,43,65,1,0.57,0.392,0.968,0.462
494,43,66,0,0.032,0.392,0.606,0.462
494,43,66,1,0.328,0.45,0.968,0.519
494,43,67,0,0.032,0.45,0.364,0.519
494,43,67,1,0.304,0.511,0.968,0.58
494,43,68,0,0.032,0.511,0.341,0.58
494,43,68,1,0.363,0.571,0.968,0.639
494,43,69,0,0.032,0.571,0.399,0.639
494,43,69,1,0.568,0.631,0.968,0.7
494,43,70,0,0.032,0.631,0.604,0.7
494,43,70,1,0.749,0.692,0.968,0.76
494,43,71,0,0.032,0.692,0.785,0.76
494,43,71,1,0.032,0.747,0.968,0.816
494,43,71,2,0.718,0.811,0.968,0.88
494,43,72,0,0.032,0.811,0.754,0.88
494,43,72,1,0.725,0.868,0.968,0.936
494,43,73,0,0.055,0.869,0.761,0.938
495,43,74,0,0.343,0.022,0.968,0.09
495,43,75,0,0.032,0.022,0.379,0.09
495,43,75,1,0.729,0.082,0.968,0.151
495,43,76,0,0.053,0.081,0.765,0.15
495,43,77,0,0.032,0.081,0.089,0.15
495,43,77,1,0.118,0.144,0.968,0.213
495,43,78,0,0.032,0.144,0.154,0.213
495,43,78,1,0.25,0.203,0.968,0.272
495,43,79,0,0.032,0.203,0.286,0.272
495,43,79,1,0.749,0.264,0.968,0.334
495,43,80,0,0.032,0.264,0.785,0.334
495,43,80,1,0.557,0.325,0.968,0.395
495,43,81,0,0.032,0.325,0.593,0.395
495,43,81,1,0.777,0.384,0.968,0.454
495,43,82,0,0.032,0.384,0.813,0.454
495,43,82,1,0.718,0.446,0.968,0.515
495,43,83,0,0.032,0.446,0.754,0.515
495,43,83,1,0.687,0.506,0.968,0.575
495,43,84,0,0.032,0.506,0.723,0.575
495,43,84,1,0.508,0.568,0.968,0.636
495,43,85,0,0.032,0.568,0.544,0.636
495,43,85,1,0.032,0.623,0.968,0.692
495,43,85,2,0.921,0.689,0.968,0.757
495,43,86,0,0.032,0.689,0.958,0.757
495,43,86,1,0.478,0.754,0.968,0.823
495,43,87,0,0.032,0.754,0.514,0.823
495,43,87,1,0.526,0.812,0.968,0.881
495,43,88,0,0.032,0.812,0.562,0.881
495,43,88,1,0.768,0.873,0.968,0.942
495,43,89,0,0.056,0.874,0.804,0.943
496,44,1,0,0.032,0.014,0.968,0.193
496,44,1,1,0.833,0.159,0.968,0.228
496,44,2,0,0.405,0.157,0.869,0.226
496,44,3,0,0.032,0.157,0.441,0.226
496,44,3,1,0.503,0.214,0.968,0.284
496,44,4,0,0.047,0.215,0.539,0.285
496,44,5,0,0.032,0.215,0.083,0.285
496,44,5,1,0.427,0.275,0.968,0.345
496,44,6,0,0.032,0.275,0.463,0.345
496,44,6,1,0.672,0.333,0.968,0.403
496,44,7,0,0.032,0.333,0.708,0.403
496,44,7,1,0.602,0.39,0.968,0.46
496,44,8,0,0.032,0.39,0.638,0.46
496,44,8,1,0.483,0.451,0.968,0.52
496,44,9,0,0.032,0.451,0.519,0.52
496,44,9,1,0.915,0.51,0.968,0.579
496,44,10,0,0.184,0.51,0.951,0.579
496,44,11,0,0.032,0.51,0.22,0.579
496,44,11,1,0.461,0.572,0.968,0.64
496,44,12,0,0.032,0.572,0.497,0.64
496,44,12,1,0.74,0.629,0.968,0.698
496,44,13,0,0.05,0.628,0.776,0.697
496,44,14,0,0.032,0.628,0.086,0.697
496,44,14,1,0.444,0.686,0.968,0.755
496,44,15,0,0.032,0.686,0.48,0.755
496,44,15,1,0.712,0.749,0.968,0.818
496,44,16,0,0.039,0.749,0.748,0.818
496,44,17,0,0.032,0.749,0.075,0.818
496,44,17,1,0.032,0.804,0.968,0.873
496,44,17,2,0.787,0.868,0.968,0.936
496,44,18,0,0.052,0.866,0.823,0.934
497,44,19,0,0.212,0.031,0.968,0.1
497,44,20,0,0.032,0.031,0.247,0.1
497,44,20,1,0.56,0.091,0.968,0.161
497,44,21,0,0.131,0.087,0.596,0.156
497,44,22,0,0.032,0.087,0.167,0.156
497,44,22,1,0.486,0.148,0.968,0.217
497,44,23,0,0.032,0.148,0.522,0.217
497,44,23,1,0.802,0.209,0.968,0.279
497,44,24,0,0.128,0.209,0.838,0.279
497,44,25,0,0.032,0.209,0.164,0.279
497,44,25,1,0.548,0.268,0.968,0.338
497,44,26,0,0.151,0.268,0.584,0.338
497,44,27,0,0.032,0.268,0.187,0.338
497,44,27,1,0.642,0.328,0.968,0.398
497,44,28,0,0.053,0.326,0.678,0.396
497,44,29,0,0.032,0.326,0.089,0.396
497,44,29,1,0.125,0.388,0.968,0.458
497,44,30,0,0.032,0.388,0.161,0.458
497,44,30,1,0.359,0.449,0.968,0.518
497,44,31,0,0.032,0.449,0.395,0.518
497,44,31,1,0.551,0.508,0.968,0.577
497,44,32,0,0.032,0.508,0.587,0.577
497,44,32,1,0.774,0.569,0.968,0.637
497,44,33,0,0.032,0.569,0.81,0.637
497,44,33,1,0.918,0.628,0.968,0.697
497,44,34,0,0.534,0.63,0.954,0.699
497,44,35,0,0.032,0.63,0.57,0.699
497,44,35,1,0.697,0.689,0.968,0.757
497,44,36,0,0.123,0.686,0.733,0.755
497,44,37,0,0.032,0.686,0.159,0.755
497,44,37,1,0.032,0.742,0.968,0.81
497,44,37,2,0.92,0.807,0.968,0.876
497,44,38,0,0.055,0.806,0.956,0.875
497,44,39,0,0.032,0.806,0.091,0.875
497,44,39,1,0.053,0.868,0.968,0.936
498,44,40,0,0.323,0.023,0.968,0.091
498,44,41,0,0.032,0.023,0.359,0.091
498,44,41,1,0.374,0.082,0.968,0.151
498,44,42,0,0.032,0.082,0.41,0.151
498,44,42,1,0.503,0.141,0.968,0.21
498,44,43,0,0.049,0.14,0.539,0.209
498,44,44,0,0.032,0.14,0.085,0.209
498,44,44,1,0.67,0.2,0.968,0.269
498,44,45,0,0.154,0.201,0.706,0.27
498,44,46,0,0.032,0.201,0.19,0.27
498,44,46,1,0.745,0.258,0.968,0.328
498,44,47,0,0.106,0.26,0.781,0.33
498,44,48,0,0.032,0.26,0.142,0.33
498,44,48,1,0.241,0.318,0.968,0.388
498,44,49,0,0.032,0.318,0.277,0.388
498,44,49,1,0.517,0.379,0.968,0.449
498,44,50,0,0.032,0.379,0.553,0.449
498,44,50,1,0.911,0.439,0.968,0.508
498,44,51,0,0.396,0.439,0.947,0.508
498,44,52,0,0.032,0.439,0.432,0.508
498,44,52,1,0.912,0.496,0.968,0.566
498,44,53,0,0.055,0.498,0.948,0.568
498,44,54,0,0.032,0.498,0.091,0.568
498,44,54,1,0.365,0.556,0.968,0.625
498,44,55,0,0.032,0.556,0.401,0.625
498,44,55,1,0.582,0.62,0.968,0.689
498,44,56,0,0.032,0.62,0.618,0.689
498,44,56,1,0.139,0.677,0.968,0.746
498,44,57,0,0.032,0.677,0.175,0.746
498,44,57,1,0.351,0.739,0.968,0.807
498,44,58,0,0.032,0.739,0.387,0.807
498,44,58,1,0.545,0.795,0.968,0.864
498,44,59,0,0.055,0.797,0.581,0.866
499,45,1,0,0.032,0.014,0.968,0.083
499,45,1,1,0.856,0.084,0.968,0.153
499,45,2,0,0.256,0.083,0.892,0.152
499,45,3,0,0.032,0.083,0.292,0.152
499,45,3,1,0.557,0.144,0.968,0.213
499,45,4,0,0.032,0.144,0.593,0.213
499,45,4,1,0.729,0.203,0.968,0.272
499,45,5,0,0.032,0.203,0.765,0.272
499,45,5,1,0.032,0.258,0.968,0.327
499,45,5,2,0.824,0.324,0.968,0.394
499,45,6,0,0.032,0.324,0.86,0.394
499,45,6,1,0.618,0.382,0.968,0.452
499,45,7,0,0.244,0.383,0.654,0.453
499,45,8,0,0.032,0.383,0.28,0.453
499,45,8,1,0.032,0.438,0.968,0.507
499,45,8,2,0.918,0.505,0.968,0.574
499,45,9,0,0.032,0.505,0.954,0.574
499,45,9,1,0.835,0.565,0.968,0.633
499,45,10,0,0.032,0.565,0.871,0.633
499,45,10,1,0.131,0.626,0.968,0.695
499,45,11,0,0.032,0.626,0.167,0.695
499,45,11,1,0.052,0.688,0.968,0.756
499,45,12,0,0.032,0.688,0.088,0.756
499,45,12,1,0.032,0.743,0.968,0.811
499,45,12,2,0.573,0.808,0.968,0.877
499,45,13,0,0.032,0.808,0.609,0.877
499,45,13,1,0.056,0.869,0.968,0.938
500,45,14,0,0.032,0.014,0.968,0.083
500,45,14,1,0.548,0.081,0.968,0.15
500,45,15,0,0.032,0.081,0.584,0.15
500,45,15,1,0.227,0.142,0.968,0.211
500,45,16,0,0.032,0.142,0.263,0.211
500,45,16,1,0.032,0.197,0.968,0.266
500,45,16,2,0.548,0.261,0.968,0.331
500,45,17,0,0.032,0.261,0.584,0.331
500,45,17,1,0.032,0.316,0.968,0.441
500,45,17,2,0.915,0.44,0.968,0.509
500,45,18,0,0.032,0.44,0.951,0.509
500,45,18,1,0.54,0.504,0.968,0.573
500,45,19,0,0.032,0.504,0.576,0.573
500,45,19,1,0.032,0.559,0.968,0.628
500,45,19,2,0.914,0.622,0.968,0.691
500,45,20,0,0.032,0.622,0.95,0.691
500,45,20,1,0.915,0.682,0.968,0.751
500,45,21,0,0.032,0.682,0.951,0.751
500,45,21,1,0.032,0.738,0.968,0.806
500,45,21,2,0.669,0.802,0.968,0.871
500,45,22,0,0.032,0.802,0.705,0.871
500,45,22,1,0.056,0.869,0.968,0.938
501,45,23,0,0.032,0.014,0.968,0.138
501,45,23,1,0.804,0.145,0.968,0.214
501,45,24,0,0.032,0.145,0.84,0.214
501,45,24,1,0.159,0.204,0.968,0.273
501,45,25,0,0.032,0.204,0.195,0.273
501,45,25,1,0.032,0.259,0.968,0.328
501,45,25,2,0.706,0.325,0.968,0.395
501,45,26,0,0.032,0.325,0.742,0.395
501,45,26,1,0.194,0.388,0.968,0.458
501,45,27,0,0.032,0.388,0.23,0.458
501,45,27,1,0.032,0.443,0.968,0.512
501,45,27,2,0.923,0.506,0.968,0.575
501,45,28,0,0.032,0.506,0.959,0.575
501,45,28,1,0.821,0.569,0.968,0.637
501,45,29,0,0.032,0.569,0.857,0.637
501,45,29,1,0.659,0.632,0.968,0.701
501,45,30,0,0.032,0.632,0.696,0.701
501,45,30,1,0.125,0.688,0.968,0.756
501,45,31,0,0.032,0.688,0.161,0.756
501,45,31,1,0.032,0.743,0.968,0.811
501,45,31,2,0.815,0.816,0.968,0.884
501,45,32,0,0.032,0.816,0.851,0.884
501,45,32,1,0.052,0.873,0.968,0.942
502,45,33,0,0.046,0.021,0.968,0.089
502,45,34,0,0.032,0.021,0.082,0.089
502,45,34,1,0.032,0.076,0.968,0.145
502,45,34,2,0.683,0.14,0.968,0.209
502,45,35,0,0.032,0.14,0.719,0.209
502,45,35,1,0.047,0.201,0.968,0.27
502,45,36,0,0.032,0.201,0.083,0.27
502,45,36,1,0.1,0.258,0.968,0.328
502,45,37,0,0.032,0.258,0.136,0.328
502,45,37,1,0.046,0.318,0.968,0.388
502,46,1,0,0.032,0.318,0.082,0.388
502,46,1,1,0.032,0.373,0.968,0.497
502,46,1,2,0.846,0.506,0.968,0.575
502,46,2,0,0.184,0.504,0.882,0.573
502,46,3,0,0.032,0.504,0.22,0.573
502,46,3,1,0.032,0.559,0.968,0.628
502,46,3,2,0.464,0.628,0.968,0.697
502,46,4,0,0.032,0.628,0.5,0.697
502,46,4,1,0.032,0.683,0.968,0.807
502,46,4,2,0.722,0.809,0.968,0.878
502,46,5,0,0.032,0.809,0.758,0.878
502,46,5,1,0.047,0.871,0.968,0.94
503,46,6,0,0.117,0.023,0.968,0.091
503,46,7,0,0.032,0.023,0.153,0.091
503,46,7,1,0.032,0.078,0.968,0.147
503,46,7,2,0.765,0.144,0.968,0.213
503,46,8,0,0.032,0.144,0.801,0.213
503,46,8,1,0.032,0.199,0.968,0.268
503,46,8,2,0.475,0.264,0.968,0.334
503,46,9,0,0.032,0.264,0.511,0.334
503,46,9,1,0.032,0.319,0.968,0.389
503,46,9,2,0.7,0.383,0.968,0.453
503,46,10,0,0.032,0.383,0.736,0.453
503,46,10,1,0.032,0.438,0.968,0.507
503,46,10,2,0.385,0.507,0.968,0.576
503,46,11,0,0.032,0.507,0.421,0.576
503,46,11,1,0.032,0.562,0.968,0.631
503,46,11,2,0.455,0.632,0.968,0.701
503,46,12,0,0.032,0.632,0.491,0.701
503,46,12,1,0.032,0.687,0.968,0.756
503,46,12,2,0.374,0.75,0.968,0.819
503,46,13,0,0.032,0.75,0.41,0.819
503,46,13,1,0.05,0.81,0.968,0.879
503,46,14,0,0.032,0.81,0.086,0.879
503,46,14,1,0.05,0.873,0.968,0.942
504,46,15,0,0.032,0.014,0.968,0.303
504,46,15,1,0.244,0.266,0.968,0.336
504,46,16,0,0.032,0.266,0.28,0.336
504,46,16,1,0.032,0.321,0.968,0.391
504,46,16,2,0.252,0.386,0.968,0.456
504,46,17,0,0.032,0.386,0.288,0.456
504,46,17,1,0.032,0.441,0.968,0.566
504,46,17,2,0.484,0.57,0.968,0.638
504,46,18,0,0.032,0.57,0.52,0.638
504,46,18,1,0.032,0.625,0.968,0.694
504,46,18,2,0.808,0.691,0.968,0.759
504,46,19,0,0.032,0.691,0.844,0.759
504,46,19,1,0.766,0.749,0.968,0.818
504,46,20,0,0.032,0.749,0.802,0.818
504,46,20,1,0.032,0.804,0.968,0.873
504,46,20,2,0.049,0.87,0.968,0.939
505,46,21,0,0.032,0.014,0.968,0.138
505,46,21,1,0.628,0.144,0.968,0.213
505,46,22,0,0.032,0.144,0.664,0.213
505,46,22,1,0.41,0.203,0.968,0.272
505,46,23,0,0.032,0.203,0.446,0.272
505,46,23,1,0.052,0.264,0.968,0.334
505,46,24,0,0.032,0.264,0.088,0.334
505,46,24,1,0.032,0.319,0.968,0.389
505,46,24,2,0.208,0.384,0.968,0.454
505,46,25,0,0.032,0.384,0.244,0.454
505,46,25,1,0.032,0.439,0.968,0.508
505,46,25,2,0.663,0.507,0.968,0.576
505,46,26,0,0.032,0.507,0.699,0.576
505,46,26,1,0.032,0.562,0.968,0.686
505,46,26,2,0.154,0.691,0.968,0.759
505,46,27,0,0.032,0.691,0.19,0.759
505,46,27,1,0.032,0.746,0.968,0.815
505,46,27,2,0.92,0.812,0.968,0.881
505,46,28,0,0.032,0.812,0.956,0.881
505,46,28,1,0.055,0.869,0.968,0.938
506,46,29,0,0.032,0.014,0.968,0.138
506,46,29,1,0.915,0.138,0.968,0.207
506,46,30,0,0.032,0.138,0.951,0.207
506,46,30,1,0.032,0.193,0.968,0.262
506,46,30,2,0.915,0.255,0.968,0.325
506,46,31,0,0.032,0.255,0.951,0.325
506,46,31,1,0.421,0.317,0.968,0.387
506,46,32,0,0.032,0.317,0.457,0.387
506,46,32,1,0.032,0.372,0.968,0.442
506,46,32,2,0.684,0.438,0.968,0.507
506,46,33,0,0.032,0.438,0.72,0.507
506,46,33,1,0.032,0.492,0.968,0.561
506,46,33,2,0.59,0.557,0.968,0.626
506,46,34,0,0.032,0.557,0.626,0.626
506,46,34,1,0.032,0.613,0.968,0.681
506,46,34,2,0.686,0.674,0.968,0.743
506,46,35,0,0.032,0.674,0.722,0.743
506,46,35,1,0.032,0.73,0.968,0.798
506,46,35,2,0.049,0.794,0.968,0.863
507,47,1,0,0.032,0.014,0.968,0.083
507,47,1,1,0.179,0.075,0.968,0.145
507,47,2,0,0.032,0.075,0.215,0.145
507,47,2,1,0.032,0.131,0.968,0.2
507,47,2,2,0.373,0.198,0.968,0.267
507,47,3,0,0.032,0.198,0.409,0.267
507,47,3,1,0.032,0.253,0.968,0.322
507,47,3,2,0.661,0.318,0.968,0.388
507,47,4,0,0.032,0.318,0.697,0.388
507,47,4,1,0.032,0.373,0.968,0.497
507,47,4,2,0.174,0.501,0.968,0.57
507,47,5,0,0.032,0.501,0.21,0.57
507,47,5,1,0.731,0.565,0.968,0.633
507,47,6,0,0.25,0.56,0.767,0.629
507,47,7,0,0.032,0.56,0.286,0.629
507,47,7,1,0.244,0.624,0.968,0.693
507,47,8,0,0.032,0.624,0.28,0.693
507,47,8,1,0.526,0.686,0.968,0.755
507,47,9,0,0.032,0.686,0.562,0.755
507,47,9,1,0.669,0.746,0.968,0.815
507,47,10,0,0.032,0.746,0.705,0.815
507,47,10,1,0.052,0.804,0.968,0.873
507,47,11,0,0.032,0.804,0.088,0.873
507,47,11,1,0.052,0.869,0.968,0.938
508,47,12,0,0.032,0.014,0.968,0.138
508,47,12,1,0.658,0.145,0.968,0.214
508,47,13,0,0.032,0.145,0.694,0.214
508,47,13,1,0.334,0.201,0.968,0.27
508,47,14,0,0.032,0.201,0.37,0.27
508,47,14,1,0.201,0.262,0.968,0.332
508,47,15,0,0.032,0.262,0.237,0.332
508,47,15,1,0.032,0.317,0.968,0.496
508,47,15,2,0.405,0.505,0.968,0.574
508,47,16,0,0.032,0.505,0.441,0.574
508,47,16,1,0.032,0.56,0.968,0.629
508,47,16,2,0.136,0.626,0.968,0.695
508,47,17,0,0.032,0.626,0.171,0.695
508,47,17,1,0.303,0.686,0.968,0.755
508,47,18,0,0.032,0.686,0.339,0.755
508,47,18,1,0.032,0.742,0.968,0.81
508,47,18,2,0.785,0.808,0.968,0.877
508,47,19,0,0.032,0.808,0.821,0.877
508,47,19,1,0.052,0.866,0.968,0.934
509,47,20,0,0.032,0.014,0.968,0.248
509,47,20,1,0.918,0.213,0.968,0.283
509,47,21,0,0.032,0.213,0.954,0.283
509,47,21,1,0.656,0.273,0.968,0.343
509,47,22,0,0.032,0.273,0.692,0.343
509,47,22,1,0.438,0.33,0.968,0.4
509,47,23,0,0.032,0.33,0.474,0.4
509,47,23,1,0.452,0.389,0.968,0.459
509,47,24,0,0.032,0.389,0.488,0.459
509,47,24,1,0.556,0.45,0.968,0.519
509,47,25,0,0.032,0.45,0.592,0.519
509,47,25,1,0.032,0.506,0.968,0.575
509,47,25,2,0.833,0.573,0.968,0.641
509,47,26,0,0.032,0.573,0.869,0.641
509,47,26,1,0.032,0.628,0.968,0.697
509,47,26,2,0.92,0.689,0.968,0.757
509,47,27,0,0.032,0.689,0.956,0.757
509,47,27,1,0.739,0.748,0.968,0.817
509,47,28,0,0.032,0.748,0.775,0.817
509,47,28,1,0.232,0.806,0.968,0.875
509,47,29,0,0.032,0.806,0.268,0.875
509,47,29,1,0.052,0.865,0.968,0.933
510,47,30,0,0.032,0.014,0.968,0.083
510,47,30,1,0.384,0.084,0.968,0.153
510,47,31,0,0.032,0.084,0.42,0.153
510,47,31,1,0.204,0.143,0.968,0.212
510,47,32,0,0.032,0.143,0.24,0.212
510,47,32,1,0.032,0.198,0.968,0.267
510,47,32,2,0.049,0.263,0.968,0.333
510,47,33,0,0.032,0.263,0.085,0.333
510,47,33,1,0.032,0.318,0.968,0.388
510,47,33,2,0.78,0.386,0.968,0.456
510,47,34,0,0.032,0.386,0.816,0.456
510,47,34,1,0.461,0.448,0.968,0.517
510,47,35,0,0.032,0.448,0.497,0.517
510,47,35,1,0.136,0.506,0.968,0.575
510,47,36,0,0.032,0.506,0.171,0.575
510,47,36,1,0.032,0.561,0.968,0.63
510,47,36,2,0.552,0.629,0.968,0.698
510,47,37,0,0.032,0.629,0.589,0.698
510,47,37,1,0.483,0.688,0.968,0.756
510,47,38,0,0.032,0.688,0.519,0.756
510,47,38,1,0.032,0.743,0.968,0.867
510,47,38,2,0.052,0.872,0.968,0.941
511,48,1,0,0.032,0.014,0.968,0.138
511,48,1,1,0.574,0.15,0.968,0.22
511,48,2,0,0.032,0.15,0.61,0.22
511,48,2,1,0.053,0.207,0.968,0.277
511,48,3,0,0.032,0.207,0.089,0.277
511,48,3,1,0.554,0.271,0.968,0.341
511,48,4,0,0.032,0.271,0.59,0.341
511,48,4,1,0.032,0.326,0.968,0.396
511,48,4,2,0.428,0.39,0.968,0.46
511,48,5,0,0.032,0.39,0.465,0.46
511,48,5,1,0.032,0.445,0.968,0.514
511,48,5,2,0.232,0.51,0.968,0.579
511,48,6,0,0.032,0.51,0.268,0.579
511,48,6,1,0.032,0.565,0.968,0.689
511,48,6,2,0.213,0.693,0.968,0.761
511,48,7,0,0.032,0.693,0.249,0.761
511,48,7,1,0.25,0.753,0.968,0.822
511,48,8,0,0.032,0.753,0.286,0.822
511,48,8,1,0.467,0.812,0.968,0.881
511,48,9,0,0.032,0.812,0.503,0.881
511,48,9,1,0.058,0.868,0.968,0.936
512,48,10,0,0.032,0.014,0.968,0.138
512,48,10,1,0.467,0.141,0.968,0.21
512,48,11,0,0.032,0.141,0.503,0.21
512,48,11,1,0.032,0.196,0.968,0.375
512,48,11,2,0.825,0.386,0.968,0.456
512,48,12,0,0.032,0.386,0.861,0.456
512,48,12,1,0.032,0.441,0.968,0.51
512,48,12,2,0.585,0.51,0.968,0.579
512,48,13,0,0.032,0.51,0.621,0.579
512,48,13,1,0.543,0.572,0.968,0.64
512,48,14,0,0.032,0.572,0.579,0.64
512,48,14,1,0.032,0.627,0.968,0.696
512,48,14,2,0.801,0.692,0.968,0.76
512,48,15,0,0.032,0.692,0.837,0.76
512,48,15,1,0.032,0.747,0.968,0.871
512,48,15,2,0.052,0.875,0.968,0.944
513,48,16,0,0.032,0.014,0.968,0.138
513,48,16,1,0.12,0.144,0.968,0.213
513,48,17,0,0.032,0.144,0.156,0.213
513,48,17,1,0.032,0.199,0.968,0.323
513,48,17,2,0.464,0.324,0.968,0.394
513,48,18,0,0.032,0.324,0.5,0.394
513,48,18,1,0.032,0.379,0.968,0.449
513,48,18,2,0.198,0.45,0.968,0.519
513,48,19,0,0.032,0.45,0.233,0.519
513,48,19,1,0.238,0.508,0.968,0.577
513,48,20,0,0.032,0.508,0.274,0.577
513,48,20,1,0.032,0.563,0.968,0.687
513,48,20,2,0.777,0.693,0.968,0.761
513,48,21,0,0.032,0.693,0.813,0.761
513,48,21,1,0.422,0.755,0.968,0.824
513,48,22,0,0.032,0.755,0.458,0.824
513,48,22,1,0.16,0.814,0.968,0.882
513,48,23,0,0.032,0.814,0.196,0.882
513,48,23,1,0.05,0.873,0.968,0.942
514,48,24,0,0.032,0.014,0.968,0.083
514,48,24,1,0.101,0.082,0.968,0.151
514,48,25,0,0.032,0.082,0.137,0.151
514,48,25,1,0.032,0.137,0.968,0.371
514,48,25,2,0.455,0.383,0.968,0.453
514,48,26,0,0.032,0.383,0.491,0.453
514,48,26,1,0.032,0.438,0.968,0.562
514,48,26,2,0.049,0.569,0.968,0.637
514,48,27,0,0.032,0.569,0.085,0.637
514,48,27,1,0.032,0.624,0.968,0.803
514,48,27,2,0.712,0.807,0.968,0.876
514,48,28,0,0.032,0.807,0.748,0.876
514,48,28,1,0.053,0.871,0.968,0.94
515,48,29,0,0.032,0.014,0.968,0.358
515,48,29,1,0.052,0.324,0.968,0.394
515,49,1,0,0.032,0.324,0.088,0.394
515,49,1,1,0.032,0.379,0.968,0.558
515,49,1,2,0.646,0.57,0.968,0.638
515,49,2,0,0.032,0.57,0.682,0.638
515,49,2,1,0.032,0.625,0.968,0.694
515,49,2,2,0.198,0.688,0.968,0.756
515,49,3,0,0.032,0.688,0.233,0.756
515,49,3,1,0.032,0.743,0.968,0.811
515,49,3,2,0.215,0.807,0.968,0.876
515,49,4,0,0.032,0.807,0.251,0.876
515,49,4,1,0.055,0.868,0.968,0.936
516,49,5,0,0.032,0.014,0.968,0.083
516,49,5,1,0.815,0.086,0.968,0.155
516,49,6,0,0.032,0.086,0.851,0.155
516,49,6,1,0.047,0.144,0.968,0.213
516,49,7,0,0.032,0.144,0.083,0.213
516,49,7,1,0.032,0.199,0.968,0.324
516,49,7,2,0.047,0.324,0.968,0.394
516,49,8,0,0.032,0.324,0.083,0.394
516,49,8,1,0.243,0.386,0.968,0.456
516,49,9,0,0.032,0.386,0.279,0.456
516,49,9,1,0.032,0.441,0.968,0.621
516,49,9,2,0.915,0.628,0.968,0.697
516,49,10,0,0.032,0.628,0.951,0.697
516,49,10,1,0.689,0.685,0.968,0.754
516,49,11,0,0.032,0.685,0.725,0.754
516,49,11,1,0.032,0.741,0.968,0.865
516,49,11,2,0.05,0.87,0.968,0.939
517,49,12,0,0.032,0.014,0.968,0.248
517,49,12,1,0.847,0.207,0.968,0.277
517,49,13,0,0.032,0.207,0.883,0.277
517,49,13,1,0.032,0.262,0.968,0.332
517,49,13,2,0.771,0.329,0.968,0.399
517,49,14,0,0.032,0.329,0.807,0.399
517,49,14,1,0.032,0.384,0.968,0.454
517,49,14,2,0.05,0.45,0.968,0.519
517,49,15,0,0.032,0.45,0.086,0.519
517,49,15,1,0.032,0.506,0.968,0.63
517,49,15,2,0.664,0.634,0.968,0.703
517,49,16,0,0.032,0.634,0.7,0.703
517,49,16,1,0.032,0.689,0.968,0.758
517,49,16,2,0.917,0.753,0.968,0.822
517,49,17,0,0.032,0.753,0.953,0.822
517,49,17,1,0.149,0.814,0.968,0.882
517,49,18,0,0.032,0.814,0.185,0.882
517,49,18,1,0.053,0.873,0.968,0.942
518,50,1,0,0.032,0.014,0.968,0.193
518,50,1,1,0.549,0.154,0.968,0.224
518,50,2,0,0.032,0.154,0.585,0.224
518,50,2,1,0.449,0.211,0.968,0.281
518,50,3,0,0.032,0.211,0.485,0.281
518,50,3,1,0.765,0.27,0.968,0.34
518,50,4,0,0.032,0.27,0.801,0.34
518,50,4,1,0.805,0.331,0.968,0.401
518,50,5,0,0.032,0.331,0.841,0.401
518,50,5,1,0.914,0.388,0.968,0.458
518,50,6,0,0.032,0.388,0.95,0.458
518,50,6,1,0.642,0.45,0.968,0.519
518,50,7,0,0.032,0.45,0.678,0.519
518,50,7,1,0.447,0.51,0.968,0.579
518,50,8,0,0.032,0.51,0.483,0.579
518,50,8,1,0.816,0.572,0.968,0.64
518,50,9,0,0.032,0.572,0.852,0.64
518,50,9,1,0.67,0.63,0.968,0.699
518,50,10,0,0.049,0.631,0.706,0.7
518,50,11,0,0.032,0.631,0.085,0.7
518,50,11,1,0.146,0.691,0.968,0.759
518,50,12,0,0.032,0.691,0.182,0.759
518,50,12,1,0.36,0.75,0.968,0.819
518,50,13,0,0.032,0.75,0.396,0.819
518,50,13,1,0.852,0.808,0.968,0.877
518,50,14,0,0.032,0.808,0.888,0.877
518,50,14,1,0.914,0.865,0.968,0.933
518,50,15,0,0.046,0.873,0.95,0.942
519,50,16,0,0.032,0.014,0.968,0.083
519,50,16,1,0.7,0.09,0.968,0.16
519,50,17,0,0.032,0.09,0.736,0.16
519,50,17,1,0.92,0.146,0.968,0.215
519,50,18,0,0.289,0.146,0.956,0.215
519,50,19,0,0.032,0.146,0.325,0.215
519,50,19,1,0.382,0.209,0.968,0.279
519,50,20,0,0.032,0.209,0.418,0.279
519,50,20,1,0.754,0.269,0.968,0.339
519,50,21,0,0.126,0.266,0.79,0.336
519,50,22,0,0.032,0.266,0.162,0.336
519,50,22,1,0.032,0.321,0.968,0.391
519,50,22,2,0.917,0.389,0.968,0.459
519,50,23,0,0.424,0.387,0.953,0.457
519,50,24,0,0.032,0.387,0.46,0.457
519,50,24,1,0.846,0.45,0.968,0.519
519,50,25,0,0.425,0.448,0.882,0.517
519,50,26,0,0.032,0.448,0.461,0.517
519,50,26,1,0.47,0.511,0.968,0.58
519,50,27,0,0.032,0.511,0.506,0.58
519,50,27,1,0.543,0.571,0.968,0.639
519,50,28,0,0.032,0.571,0.579,0.639
519,50,28,1,0.706,0.632,0.968,0.701
519,50,29,0,0.05,0.629,0.742,0.698
519,50,30,0,0.032,0.629,0.086,0.698
519,50,30,1,0.179,0.691,0.968,0.759
519,50,31,0,0.032,0.691,0.215,0.759
519,50,31,1,0.571,0.754,0.968,0.823
519,50,32,0,0.032,0.754,0.607,0.823
519,50,32,1,0.92,0.809,0.968,0.878
519,50,33,0,0.193,0.811,0.956,0.88
519,50,34,0,0.032,0.811,0.229,0.88
519,50,34,1,0.562,0.873,0.968,0.942
519,50,35,0,0.052,0.87,0.598,0.939
520,50,36,0,0.032,0.014,0.968,0.083
520,50,36,1,0.546,0.081,0.968,0.15
520,50,37,0,0.032,0.081,0.582,0.15
520,50,37,1,0.3,0.138,0.968,0.207
520,50,38,0,0.032,0.138,0.336,0.207
520,50,38,1,0.032,0.193,0.968,0.262
520,50,38,2,0.762,0.259,0.968,0.329
520,50,39,0,0.032,0.259,0.798,0.329
520,50,39,1,0.343,0.322,0.968,0.392
520,50,40,0,0.032,0.322,0.379,0.392
520,50,40,1,0.664,0.38,0.968,0.45
520,50,41,0,0.032,0.38,0.7,0.45
520,50,41,1,0.914,0.444,0.968,0.513
520,50,42,0,0.104,0.442,0.95,0.511
520,50,43,0,0.032,0.442,0.14,0.511
520,50,43,1,0.385,0.501,0.968,0.57
520,50,44,0,0.032,0.501,0.421,0.57
520,50,44,1,0.345,0.562,0.968,0.631
520,50,45,0,0.032,0.562,0.381,0.631
520,50,45,1,0.047,0.623,0.968,0.692
520,51,1,0,0.032,0.623,0.083,0.692
520,51,1,1,0.032,0.678,0.968,0.802
520,51,1,2,0.664,0.812,0.968,0.881
520,51,2,0,0.348,0.81,0.7,0.879
520,51,3,0,0.049,0.808,0.384,0.877
520,51,4,0,0.032,0.808,0.085,0.877
520,51,4,1,0.675,0.872,0.968,0.941
520,51,5,0,0.332,0.873,0.711,0.942
520,51,6,0,0.049,0.871,0.368,0.94
521,51,7,0,0.639,0.023,0.968,0.092
521,51,8,0,0.258,0.024,0.675,0.093
521,51,9,0,0.032,0.024,0.294,0.093
521,51,9,1,0.855,0.085,0.968,0.154
521,51,10,0,0.563,0.084,0.891,0.153
521,51,11,0,0.052,0.082,0.599,0.151
521,51,12,0,0.032,0.082,0.088,0.151
521,51,12,1,0.587,0.146,0.968,0.215
521,51,13,0,0.148,0.144,0.623,0.213
521,51,14,0,0.032,0.144,0.184,0.213
521,51,14,1,0.368,0.201,0.968,0.27
521,51,15,0,0.032,0.201,0.404,0.27
521,51,15,1,0.827,0.266,0.968,0.336
521,51,16,0,0.032,0.266,0.863,0.336
521,51,16,1,0.925,0.323,0.968,0.393
521,51,17,0,0.397,0.324,0.961,0.394
521,51,18,0,0.032,0.324,0.433,0.394
521,51,18,1,0.918,0.388,0.968,0.458
521,51,19,0,0.325,0.385,0.954,0.455
521,51,20,0,0.032,0.385,0.361,0.455
521,51,20,1,0.784,0.45,0.968,0.519
521,51,21,0,0.306,0.447,0.82,0.516
521,51,22,0,0.032,0.447,0.342,0.516
521,51,22,1,0.735,0.508,0.968,0.577
521,51,23,0,0.032,0.508,0.771,0.577
521,51,23,1,0.796,0.57,0.968,0.638
521,51,24,0,0.052,0.565,0.832,0.633
521,51,25,0,0.032,0.565,0.088,0.633
521,51,25,1,0.171,0.629,0.968,0.698
521,51,26,0,0.032,0.629,0.207,0.698
521,51,26,1,0.542,0.691,0.968,0.759
521,51,27,0,0.032,0.691,0.578,0.759
521,51,27,1,0.92,0.751,0.968,0.82
521,51,28,0,0.032,0.751,0.956,0.82
521,51,28,1,0.918,0.812,0.968,0.881
521,51,29,0,0.032,0.812,0.954,0.881
521,51,29,1,0.918,0.873,0.968,0.942
521,51,30,0,0.055,0.872,0.954,0.941
522,51,31,0,0.402,0.025,0.968,0.095
522,51,32,0,0.032,0.025,0.438,0.095
522,51,32,1,0.813,0.088,0.968,0.157
522,51,33,0,0.3,0.086,0.849,0.155
522,51,34,0,0.032,0.086,0.336,0.155
522,51,34,1,0.779,0.148,0.968,0.217
522,51,35,0,0.184,0.146,0.815,0.215
522,51,36,0,0.032,0.146,0.22,0.215
522,51,36,1,0.5,0.207,0.968,0.276
522,51,37,0,0.032,0.207,0.536,0.276
522,51,37,1,0.691,0.266,0.968,0.336
522,51,38,0,0.032,0.266,0.727,0.336
522,51,38,1,0.85,0.329,0.968,0.399
522,51,39,0,0.277,0.325,0.886,0.395
522,51,40,0,0.032,0.325,0.313,0.395
522,51,40,1,0.511,0.385,0.968,0.455
522,51,41,0,0.032,0.385,0.547,0.455
522,51,41,1,0.822,0.449,0.968,0.518
522,51,42,0,0.049,0.45,0.858,0.519
522,51,43,0,0.032,0.45,0.085,0.519
522,51,43,1,0.351,0.509,0.968,0.578
522,51,44,0,0.032,0.509,0.387,0.578
522,51,44,1,0.402,0.567,0.968,0.635
522,51,45,0,0.032,0.567,0.438,0.635
522,51,45,1,0.632,0.628,0.968,0.697
522,51,46,0,0.032,0.628,0.668,0.697
522,51,46,1,0.791,0.69,0.968,0.758
522,51,47,0,0.177,0.688,0.827,0.756
522,51,48,0,0.032,0.688,0.213,0.756
522,51,48,1,0.528,0.749,0.968,0.818
522,51,49,0,0.032,0.749,0.564,0.818
522,51,49,1,0.695,0.81,0.968,0.879
522,51,50,0,0.047,0.807,0.731,0.876
522,51,51,0,0.032,0.807,0.083,0.876
522,51,51,1,0.049,0.871,0.968,0.94
523,51,52,0,0.032,0.014,0.968,0.083
523,51,52,1,0.92,0.085,0.968,0.154
523,51,53,0,0.362,0.084,0.956,0.153
523,51,54,0,0.032,0.084,0.398,0.153
523,51,54,1,0.801,0.144,0.968,0.213
523,51,55,0,0.123,0.143,0.837,0.212
523,51,56,0,0.032,0.143,0.159,0.212
523,51,56,1,0.379,0.202,0.968,0.271
523,51,57,0,0.032,0.202,0.415,0.271
523,51,57,1,0.591,0.262,0.968,0.332
523,51,58,0,0.032,0.262,0.627,0.332
523,51,58,1,0.92,0.321,0.968,0.391
523,51,59,0,0.032,0.321,0.956,0.391
523,51,59,1,0.918,0.379,0.968,0.449
523,51,60,0,0.053,0.377,0.954,0.446
523,52,1,0,0.032,0.377,0.089,0.446
523,52,1,1,0.032,0.431,0.968,0.611
523,52,1,2,0.797,0.574,0.968,0.642
523,52,2,0,0.473,0.573,0.834,0.641
523,52,3,0,0.179,0.574,0.509,0.642
523,52,4,0,0.032,0.574,0.215,0.642
523,52,4,1,0.779,0.633,0.968,0.702
523,52,5,0,0.436,0.633,0.815,0.702
523,52,6,0,0.097,0.63,0.472,0.699
523,52,7,0,0.032,0.63,0.133,0.699
523,52,7,1,0.638,0.693,0.968,0.761
523,52,8,0,0.339,0.694,0.674,0.762
523,52,9,0,0.032,0.694,0.375,0.762
523,52,9,1,0.841,0.75,0.968,0.819
523,52,10,0,0.424,0.751,0.877,0.82
523,52,11,0,0.032,0.751,0.46,0.82
523,52,11,1,0.918,0.808,0.968,0.877
523,52,12,0,0.404,0.808,0.954,0.877
523,52,13,0,0.032,0.808,0.44,0.877
523,52,13,1,0.728,0.868,0.968,0.936
523,52,14,0,0.059,0.869,0.764,0.938
524,52,15,0,0.328,0.019,0.968,0.088
524,52,16,0,0.032,0.019,0.364,0.088
524,52,16,1,0.049,0.081,0.968,0.15
524,52,17,0,0.032,0.081,0.085,0.15
524,52,17,1,0.48,0.142,0.968,0.211
524,52,18,0,0.032,0.142,0.516,0.211
524,52,18,1,0.421,0.201,0.968,0.27
524,52,19,0,0.032,0.201,0.457,0.27
524,52,19,1,0.706,0.261,0.968,0.331
524,52,20,0,0.032,0.261,0.742,0.331
524,52,20,1,0.749,0.323,0.968,0.393
524,52,21,0,0.032,0.323,0.785,0.393
524,52,21,1,0.032,0.378,0.968,0.448
524,52,21,2,0.829,0.447,0.968,0.516
524,52,22,0,0.165,0.446,0.865,0.515
524,52,23,0,0.032,0.446,0.201,0.515
524,52,23,1,0.427,0.507,0.968,0.576
524,52,24,0,0.032,0.507,0.463,0.576
524,52,24,1,0.535,0.567,0.968,0.635
524,52,25,0,0.032,0.567,0.572,0.635
524,52,25,1,0.918,0.627,0.968,0.696
524,52,26,0,0.236,0.628,0.954,0.697
524,52,27,0,0.032,0.628,0.272,0.697
524,52,27,1,0.419,0.691,0.968,0.759
524,52,28,0,0.032,0.691,0.455,0.759
524,52,28,1,0.456,0.751,0.968,0.82
524,52,29,0,0.032,0.751,0.492,0.82
524,52,29,1,0.545,0.81,0.968,0.879
524,52,30,0,0.032,0.81,0.581,0.879
524,52,30,1,0.794,0.873,0.968,0.942
524,52,31,0,0.052,0.872,0.83,0.941
525,52,32,0,0.326,0.031,0.968,0.1
525,52,33,0,0.032,0.031,0.362,0.1
525,52,33,1,0.697,0.09,0.968,0.16
525,52,34,0,0.032,0.09,0.733,0.16
525,52,34,1,0.92,0.149,0.968,0.218
525,52,35,0,0.205,0.146,0.956,0.215
525,52,36,0,0.032,0.146,0.241,0.215
525,52,36,1,0.348,0.206,0.968,0.275
525,52,37,0,0.032,0.206,0.384,0.275
525,52,37,1,0.556,0.265,0.968,0.335
525,52,38,0,0.032,0.265,0.592,0.335
525,52,38,1,0.529,0.323,0.968,0.393
525,52,39,0,0.052,0.324,0.565,0.394
525,52,40,0,0.032,0.324,0.088,0.394
525,52,40,1,0.36,0.381,0.968,0.451
525,52,41,0,0.032,0.381,0.396,0.451
525,52,41,1,0.811,0.444,0.968,0.513
525,52,42,0,0.05,0.441,0.848,0.51
525,52,43,0,0.032,0.441,0.086,0.51
525,52,43,1,0.264,0.501,0.968,0.57
525,52,44,0,0.032,0.501,0.3,0.57
525,52,44,1,0.345,0.561,0.968,0.63
525,52,45,0,0.032,0.561,0.381,0.63
525,52,45,1,0.52,0.623,0.968,0.692
525,52,46,0,0.032,0.623,0.556,0.692
525,52,46,1,0.67,0.68,0.968,0.749
525,52,47,0,0.032,0.68,0.706,0.749
525,52,47,1,0.658,0.744,0.968,0.812
525,52,48,0,0.616,0.796,0.694,0.865
525,52,49,0,0.052,0.799,0.652,0.868
526,53,1,0,0.032,0.014,0.968,0.083
526,53,1,1,0.663,0.085,0.968,0.154
526,53,2,0,0.185,0.084,0.699,0.153
526,53,3,0,0.032,0.084,0.221,0.153
526,53,3,1,0.768,0.144,0.968,0.213
526,53,4,0,0.376,0.144,0.804,0.213
526,53,5,0,0.044,0.144,0.412,0.213
526,53,6,0,0.032,0.144,0.08,0.213
526,53,6,1,0.636,0.205,0.968,0.274
526,53,7,0,0.295,0.206,0.672,0.275
526,53,8,0,0.046,0.204,0.331,0.273
526,53,9,0,0.032,0.204,0.082,0.273
526,53,9,1,0.515,0.265,0.968,0.335
526,53,10,0,0.046,0.264,0.551,0.334
526,53,11,0,0.032,0.264,0.082,0.334
526,53,11,1,0.565,0.324,0.968,0.394
526,53,12,0,0.198,0.324,0.601,0.394
526,53,13,0,0.032,0.324,0.233,0.394
526,53,13,1,0.745,0.385,0.968,0.455
526,53,14,0,0.391,0.385,0.781,0.455
526,53,15,0,0.047,0.383,0.427,0.453
526,53,16,0,0.032,0.383,0.083,0.453
526,53,16,1,0.543,0.447,0.968,0.516
526,53,17,0,0.156,0.446,0.579,0.515
526,53,18,0,0.032,0.446,0.192,0.515
526,53,18,1,0.556,0.504,0.968,0.573
526,53,19,0,0.146,0.508,0.592,0.577
526,53,20,0,0.032,0.508,0.182,0.577
526,53,20,1,0.67,0.566,0.968,0.634
526,53,21,0,0.253,0.568,0.706,0.636
526,53,22,0,0.032,0.568,0.289,0.636
526,53,22,1,0.81,0.63,0.968,0.699
526,53,23,0,0.032,0.63,0.846,0.699
526,53,23,1,0.032,0.685,0.968,0.754
526,53,23,2,0.452,0.749,0.968,0.818
526,53,24,0,0.106,0.749,0.488,0.818
526,53,25,0,0.032,0.749,0.142,0.818
526,53,25,1,0.67,0.809,0.968,0.878
526,53,26,0,0.032,0.809,0.706,0.878
526,53,26,1,0.047,0.871,0.968,0.94
527,53,27,0,0.052,0.023,0.968,0.092
527,53,28,0,0.032,0.023,0.088,0.092
527,53,28,1,0.032,0.079,0.968,0.148
527,53,28,2,0.776,0.144,0.968,0.213
527,53,29,0,0.032,0.144,0.812,0.213
527,53,29,1,0.846,0.206,0.968,0.275
527,53,30,0,0.032,0.206,0.882,0.275
527,53,30,1,0.449,0.265,0.968,0.335
527,53,31,0,0.032,0.265,0.485,0.335
527,53,31,1,0.032,0.32,0.968,0.39
527,53,31,2,0.81,0.386,0.968,0.456
527,53,32,0,0.032,0.386,0.846,0.456
527,53,32,1,0.032,0.441,0.968,0.566
527,53,32,2,0.765,0.57,0.968,0.638
527,53,33,0,0.391,0.569,0.801,0.637
527,53,34,0,0.032,0.569,0.427,0.637
527,53,34,1,0.918,0.629,0.968,0.698
527,53,35,0,0.421,0.63,0.954,0.699
527,53,36,0,0.032,0.63,0.457,0.699
527,53,36,1,0.825,0.69,0.968,0.758
527,53,37,0,0.425,0.69,0.861,0.758
527,53,38,0,0.032,0.69,0.461,0.758
527,53,38,1,0.917,0.752,0.968,0.821
527,53,39,0,0.354,0.752,0.953,0.821
527,53,40,0,0.032,0.752,0.39,0.821
527,53,40,1,0.847,0.811,0.968,0.88
527,53,41,0,0.401,0.811,0.883,0.88
527,53,42,0,0.032,0.811,0.437,0.88
527,53,42,1,0.918,0.874,0.968,0.943
527,53,43,0,0.461,0.872,0.954,0.941
527,53,44,0,0.055,0.871,0.497,0.94
528,53,45,0,0.428,0.025,0.968,0.095
528,53,46,0,0.109,0.025,0.465,0.095
528,53,47,0,0.032,0.025,0.145,0.095
528,53,47,1,0.635,0.086,0.968,0.155
528,53,48,0,0.277,0.088,0.671,0.157
528,53,49,0,0.032,0.088,0.313,0.157
528,53,49,1,0.787,0.147,0.968,0.216
528,53,50,0,0.343,0.147,0.823,0.216
528,53,51,0,0.047,0.148,0.379,0.217
528,53,52,0,0.032,0.148,0.083,0.217
528,53,52,1,0.229,0.205,0.968,0.274
528,53,53,0,0.032,0.205,0.265,0.274
528,53,53,1,0.824,0.267,0.968,0.337
528,53,54,0,0.497,0.265,0.86,0.335
528,53,55,0,0.046,0.263,0.533,0.333
528,53,56,0,0.032,0.263,0.082,0.333
528,53,56,1,0.501,0.325,0.968,0.395
528,53,57,0,0.249,0.323,0.537,0.393
528,53,58,0,0.032,0.323,0.285,0.393
528,53,58,1,0.658,0.386,0.968,0.456
528,53,59,0,0.205,0.384,0.694,0.454
528,53,60,0,0.032,0.384,0.241,0.454
528,53,60,1,0.751,0.447,0.968,0.516
528,53,61,0,0.472,0.444,0.787,0.513
528,53,62,0,0.049,0.446,0.508,0.515
528,54,1,0,0.032,0.446,0.085,0.515
528,54,1,1,0.032,0.502,0.968,0.626
528,54,1,2,0.416,0.629,0.968,0.698
528,54,2,0,0.032,0.629,0.452,0.698
528,54,2,1,0.574,0.686,0.968,0.755
528,54,3,0,0.032,0.686,0.61,0.755
528,54,3,1,0.511,0.748,0.968,0.817
528,54,4,0,0.032,0.748,0.547,0.817
528,54,4,1,0.642,0.807,0.968,0.876
528,54,5,0,0.032,0.807,0.678,0.876
528,54,5,1,0.914,0.867,0.968,0.935
528,54,6,0,0.047,0.866,0.95,0.934
529,54,7,0,0.05,0.026,0.968,0.096
529,54,8,0,0.032,0.026,0.086,0.096
529,54,8,1,0.194,0.086,0.968,0.155
529,54,9,0,0.032,0.086,0.23,0.155
529,54,9,1,0.128,0.144,0.968,0.213
529,54,10,0,0.032,0.144,0.164,0.213
529,54,10,1,0.549,0.207,0.968,0.276
529,54,11,0,0.08,0.238,0.585,0.307
529,54,12,0,0.08,0.265,0.956,0.335
529,54,13,0,0.032,0.265,0.956,0.335
529,54,13,1,0.489,0.325,0.968,0.395
529,54,14,0,0.032,0.325,0.525,0.395
529,54,14,1,0.843,0.386,0.968,0.456
529,54,15,0,0.255,0.385,0.879,0.455
529,54,16,0,0.032,0.385,0.291,0.455
529,54,16,1,0.726,0.446,0.968,0.515
529,54,17,0,0.032,0.446,0.762,0.515
529,54,17,1,0.918,0.504,0.968,0.573
529,54,18,0,0.278,0.506,0.954,0.575
529,54,19,0,0.032,0.506,0.314,0.575
529,54,19,1,0.416,0.569,0.968,0.637
529,54,20,0,0.032,0.569,0.452,0.637
529,54,20,1,0.749,0.628,0.968,0.697
529,54,21,0,0.317,0.628,0.785,0.697
529,54,22,0,0.032,0.628,0.353,0.697
529,54,22,1,0.585,0.689,0.968,0.757
529,54,23,0,0.233,0.686,0.621,0.755
529,54,24,0,0.032,0.686,0.269,0.755
529,54,24,1,0.306,0.749,0.968,0.818
529,54,25,0,0.032,0.749,0.342,0.818
529,54,25,1,0.497,0.808,0.968,0.877
529,54,26,0,0.032,0.808,0.533,0.877
529,54,26,1,0.821,0.869,0.968,0.938
529,54,27,0,0.056,0.867,0.857,0.935
530,54,28,0,0.238,0.029,0.968,0.098
530,54,29,0,0.032,0.029,0.274,0.098
530,54,29,1,0.712,0.089,0.968,0.158
530,54,30,0,0.287,0.089,0.748,0.158
530,54,31,0,0.032,0.089,0.323,0.158
530,54,31,1,0.332,0.148,0.968,0.217
530,54,32,0,0.032,0.148,0.368,0.217
530,54,32,1,0.59,0.209,0.968,0.279
530,54,33,0,0.182,0.208,0.626,0.278
530,54,34,0,0.032,0.208,0.218,0.278
530,54,34,1,0.329,0.267,0.968,0.337
530,54,35,0,0.032,0.267,0.365,0.337
530,54,35,1,0.546,0.328,0.968,0.398
530,54,36,0,0.032,0.328,0.582,0.398
530,54,36,1,0.808,0.388,0.968,0.458
530,54,37,0,0.032,0.388,0.844,0.458
530,54,37,1,0.717,0.449,0.968,0.518
530,54,38,0,0.049,0.445,0.753,0.514
530,54,39,0,0.032,0.445,0.085,0.514
530,54,39,1,0.632,0.509,0.968,0.578
530,54,40,0,0.032,0.509,0.668,0.578
530,54,40,1,0.917,0.569,0.968,0.637
530,54,41,0,0.449,0.568,0.953,0.636
530,54,42,0,0.032,0.568,0.485,0.636
530,54,42,1,0.656,0.628,0.968,0.697
530,54,43,0,0.032,0.628,0.692,0.697
530,54,43,1,0.785,0.691,0.968,0.759
530,54,44,0,0.266,0.69,0.821,0.758
530,54,45,0,0.032,0.69,0.302,0.758
530,54,45,1,0.697,0.75,0.968,0.819
530,54,46,0,0.032,0.75,0.733,0.819
530,54,46,1,0.917,0.811,0.968,0.88
530,54,47,0,0.384,0.806,0.953,0.875
530,54,48,0,0.032,0.806,0.42,0.875
530,54,48,1,0.463,0.867,0.968,0.935
530,54,49,0,0.049,0.867,0.499,0.935
531,54,50,0,0.311,0.025,0.968,0.095
531,54,51,0,0.032,0.025,0.347,0.095
531,54,51,1,0.382,0.086,0.968,0.155
531,54,52,0,0.032,0.086,0.418,0.155
531,54,52,1,0.759,0.146,0.968,0.215
531,54,53,0,0.224,0.143,0.795,0.212
531,54,54,0,0.032,0.143,0.26,0.212
531,54,54,1,0.681,0.207,0.968,0.276
531,54,55,0,0.052,0.207,0.717,0.277
531,55,1,0,0.032,0.207,0.088,0.277
531,55,1,1,0.032,0.262,0.968,0.387
531,55,1,2,0.765,0.388,0.968,0.458
531,55,2,0,0.439,0.387,0.801,0.457
531,55,3,0,0.056,0.387,0.475,0.457
531,55,4,0,0.032,0.387,0.092,0.457
531,55,4,1,0.7,0.448,0.968,0.517
531,55,5,0,0.185,0.448,0.736,0.517
531,55,6,0,0.032,0.448,0.221,0.517
531,55,6,1,0.616,0.506,0.968,0.575
531,55,7,0,0.032,0.506,0.652,0.575
531,55,7,1,0.918,0.567,0.968,0.635
531,55,8,0,0.486,0.568,0.954,0.636
531,55,9,0,0.032,0.568,0.522,0.636
531,55,9,1,0.571,0.628,0.968,0.697
531,55,10,0,0.05,0.629,0.607,0.698
531,55,11,0,0.032,0.629,0.086,0.698
531,55,11,1,0.359,0.685,0.968,0.754
531,55,12,0,0.032,0.685,0.395,0.754
531,55,12,1,0.732,0.748,0.968,0.817
531,55,13,0,0.18,0.748,0.768,0.817
531,55,14,0,0.032,0.748,0.216,0.817
531,55,14,1,0.317,0.806,0.968,0.875
531,55,15,0,0.032,0.806,0.353,0.875
531,55,15,1,0.596,0.867,0.968,0.935
531,55,16,0,0.055,0.867,0.632,0.935
532,55,17,0,0.508,0.018,0.968,0.087
532,55,18,0,0.047,0.019,0.544,0.088
532,55,19,0,0.032,0.019,0.083,0.088
532,55,19,1,0.611,0.079,0.968,0.148
532,55,20,0,0.212,0.082,0.647,0.151
532,55,21,0,0.032,0.082,0.247,0.151
532,55,21,1,0.684,0.142,0.968,0.211
532,55,22,0,0.132,0.142,0.72,0.211
532,55,23,0,0.032,0.142,0.168,0.211
532,55,23,1,0.599,0.2,0.968,0.269
532,55,24,0,0.032,0.2,0.635,0.269
532,55,24,1,0.917,0.258,0.968,0.328
532,55,25,0,0.458,0.262,0.953,0.332
532,55,26,0,0.14,0.262,0.494,0.332
532,55,27,0,0.032,0.262,0.176,0.332
532,55,27,1,0.444,0.322,0.968,0.392
532,55,28,0,0.032,0.322,0.48,0.392
532,55,28,1,0.917,0.382,0.968,0.452
532,55,29,0,0.109,0.384,0.953,0.454
532,55,30,0,0.032,0.384,0.145,0.454
532,55,30,1,0.593,0.445,0.968,0.514
532,55,31,0,0.132,0.446,0.629,0.515
532,55,32,0,0.032,0.446,0.168,0.515
532,55,32,1,0.594,0.508,0.968,0.577
532,55,33,0,0.032,0.508,0.63,0.577
532,55,33,1,0.032,0.563,0.968,0.632
532,55,33,2,0.728,0.63,0.968,0.699
532,55,34,0,0.255,0.632,0.764,0.701
532,55,35,0,0.032,0.632,0.291,0.701
532,55,35,1,0.356,0.693,0.968,0.761
532,55,36,0,0.032,0.693,0.392,0.761
532,55,36,1,0.78,0.75,0.968,0.819
532,55,37,0,0.032,0.75,0.816,0.819
532,55,37,1,0.917,0.811,0.968,0.88
532,55,38,0,0.447,0.814,0.953,0.882
532,55,39,0,0.032,0.814,0.483,0.882
532,55,39,1,0.653,0.871,0.968,0.94
532,55,40,0,0.055,0.873,0.689,0.942
533,55,41,0,0.125,0.019,0.968,0.088
533,55,42,0,0.032,0.019,0.161,0.088
533,55,42,1,0.611,0.08,0.968,0.149
533,55,43,0,0.032,0.08,0.647,0.149
533,55,43,1,0.918,0.141,0.968,0.21
533,55,44,0,0.428,0.143,0.954,0.212
533,55,45,0,0.032,0.143,0.465,0.212
533,55,45,1,0.92,0.201,0.968,0.27
533,55,46,0,0.435,0.2,0.956,0.269
533,55,47,0,0.032,0.2,0.471,0.269
533,55,47,1,0.918,0.259,0.968,0.329
533,55,48,0,0.681,0.261,0.954,0.331
533,55,49,0,0.224,0.262,0.717,0.332
533,55,50,0,0.032,0.262,0.26,0.332
533,55,50,1,0.824,0.321,0.968,0.391
533,55,51,0,0.36,0.321,0.86,0.391
533,55,52,0,0.032,0.321,0.396,0.391
533,55,52,1,0.819,0.385,0.968,0.455
533,55,53,0,0.352,0.383,0.855,0.453
533,55,54,0,0.032,0.383,0.389,0.453
533,55,54,1,0.308,0.445,0.968,0.514
533,55,55,0,0.032,0.445,0.344,0.514
533,55,55,1,0.794,0.506,0.968,0.575
533,55,56,0,0.032,0.506,0.83,0.575
533,55,56,1,0.779,0.567,0.968,0.635
533,55,57,0,0.295,0.566,0.815,0.634
533,55,58,0,0.032,0.566,0.331,0.634
533,55,58,1,0.757,0.629,0.968,0.698
533,55,59,0,0.26,0.629,0.793,0.698
533,55,60,0,0.032,0.629,0.296,0.698
533,55,60,1,0.537,0.689,0.968,0.757
533,55,61,0,0.032,0.689,0.573,0.757
533,55,61,1,0.918,0.752,0.968,0.821
533,55,62,0,0.518,0.751,0.954,0.82
533,55,63,0,0.032,0.751,0.554,0.82
533,55,63,1,0.92,0.809,0.968,0.878
533,55,64,0,0.675,0.812,0.956,0.881
533,55,65,0,0.156,0.812,0.711,0.881
533,55,66,0,0.032,0.812,0.192,0.881
533,55,66,1,0.635,0.873,0.968,0.942
533,55,67,0,0.059,0.874,0.671,0.943
534,55,68,0,0.532,0.025,0.968,0.095
534,55,69,0,0.049,0.025,0.568,0.095
534,55,70,0,0.032,0.025,0.085,0.095
534,55,70,1,0.608,0.087,0.968,0.156
534,55,71,0,0.128,0.084,0.644,0.153
534,55,72,0,0.032,0.084,0.164,0.153
534,55,72,1,0.567,0.145,0.968,0.214
534,55,73,0,0.049,0.144,0.603,0.213
534,55,74,0,0.032,0.144,0.085,0.213
534,55,74,1,0.424,0.203,0.968,0.272
534,55,75,0,0.032,0.203,0.46,0.272
534,55,75,1,0.911,0.262,0.968,0.332
534,55,76,0,0.134,0.26,0.947,0.33
534,55,77,0,0.032,0.26,0.17,0.33
534,55,77,1,0.622,0.322,0.968,0.392
534,55,78,0,0.049,0.324,0.658,0.394
534,56,1,0,0.032,0.324,0.085,0.394
534,56,1,1,0.032,0.379,0.968,0.503
534,56,1,2,0.624,0.505,0.968,0.574
534,56,2,0,0.269,0.506,0.66,0.575
534,56,3,0,0.032,0.506,0.305,0.575
534,56,3,1,0.915,0.566,0.968,0.634
534,56,4,0,0.481,0.568,0.951,0.636
534,56,5,0,0.052,0.569,0.517,0.637
534,56,6,0,0.032,0.569,0.088,0.637
534,56,6,1,0.613,0.63,0.968,0.699
534,56,7,0,0.225,0.63,0.649,0.699
534,56,8,0,0.032,0.63,0.261,0.699
534,56,8,1,0.478,0.686,0.968,0.755
534,56,9,0,0.032,0.686,0.514,0.755
534,56,9,1,0.776,0.751,0.968,0.82
534,56,10,0,0.387,0.751,0.812,0.82
534,56,11,0,0.05,0.753,0.423,0.822
534,56,12,0,0.032,0.753,0.086,0.822
534,56,12,1,0.652,0.811,0.968,0.88
534,56,13,0,0.331,0.816,0.688,0.884
534,56,14,0,0.032,0.816,0.367,0.884
534,56,14,1,0.914,0.873,0.968,0.942
534,56,15,0,0.562,0.873,0.95,0.942
534,56,16,0,0.055,0.875,0.598,0.944
535,56,17,0,0.517,0.021,0.968,0.089
535,56,18,0,0.032,0.021,0.553,0.089
535,56,18,1,0.923,0.082,0.968,0.151
535,56,19,0,0.43,0.081,0.959,0.15
535,56,20,0,0.032,0.081,0.466,0.15
535,56,20,1,0.92,0.144,0.968,0.213
535,56,21,0,0.508,0.144,0.956,0.213
535,56,22,0,0.273,0.143,0.544,0.212
535,56,23,0,0.032,0.143,0.309,0.212
535,56,23,1,0.794,0.206,0.968,0.275
535,56,24,0,0.399,0.203,0.83,0.272
535,56,25,0,0.032,0.203,0.435,0.272
535,56,25,1,0.836,0.265,0.968,0.335
535,56,26,0,0.456,0.262,0.872,0.332
535,56,27,0,0.032,0.262,0.492,0.332
535,56,27,1,0.816,0.327,0.968,0.397
535,56,28,0,0.503,0.324,0.852,0.394
535,56,29,0,0.233,0.322,0.539,0.392
535,56,30,0,0.032,0.322,0.269,0.392
535,56,30,1,0.918,0.386,0.968,0.456
535,56,31,0,0.616,0.384,0.954,0.454
535,56,32,0,0.309,0.383,0.652,0.453
535,56,33,0,0.032,0.383,0.345,0.453
535,56,33,1,0.815,0.45,0.968,0.519
535,56,34,0,0.529,0.447,0.851,0.516
535,56,35,0,0.198,0.446,0.565,0.515
535,56,36,0,0.032,0.446,0.233,0.515
535,56,36,1,0.822,0.509,0.968,0.578
535,56,37,0,0.587,0.506,0.858,0.575
535,56,38,0,0.218,0.505,0.623,0.574
535,56,39,0,0.032,0.505,0.254,0.574
535,56,39,1,0.802,0.569,0.968,0.637
535,56,40,0,0.452,0.567,0.838,0.635
535,56,41,0,0.032,0.567,0.488,0.635
535,56,41,1,0.816,0.632,0.968,0.701
535,56,42,0,0.484,0.629,0.852,0.698
535,56,43,0,0.168,0.629,0.52,0.698
535,56,44,0,0.032,0.629,0.204,0.698
535,56,44,1,0.779,0.693,0.968,0.761
535,56,45,0,0.243,0.689,0.815,0.757
535,56,46,0,0.032,0.689,0.279,0.757
535,56,46,1,0.644,0.752,0.968,0.821
535,56,47,0,0.032,0.752,0.68,0.821
535,56,47,1,0.552,0.81,0.968,0.879
535,56,48,0,0.176,0.806,0.589,0.875
535,56,49,0,0.032,0.806,0.212,0.875
535,56,49,1,0.625,0.874,0.968,0.943
535,56,50,0,0.058,0.868,0.661,0.936
536,56,51,0,0.477,0.023,0.968,0.092
536,56,52,0,0.047,0.025,0.513,0.095
536,56,53,0,0.032,0.025,0.083,0.095
536,56,53,1,0.624,0.085,0.968,0.154
536,56,54,0,0.19,0.083,0.66,0.152
536,56,55,0,0.032,0.083,0.226,0.152
536,56,55,1,0.735,0.146,0.968,0.215
536,56,56,0,0.368,0.144,0.771,0.213
536,56,57,0,0.032,0.144,0.404,0.213
536,56,57,1,0.77,0.206,0.968,0.275
536,56,58,0,0.43,0.205,0.806,0.274
536,56,59,0,0.032,0.205,0.466,0.274
536,56,59,1,0.784,0.265,0.968,0.335
536,56,60,0,0.044,0.263,0.82,0.333
536,56,61,0,0.032,0.263,0.08,0.333
536,56,61,1,0.134,0.324,0.968,0.394
536,56,62,0,0.032,0.324,0.17,0.394
536,56,62,1,0.36,0.384,0.968,0.454
536,56,63,0,0.032,0.384,0.396,0.454
536,56,63,1,0.917,0.445,0.968,0.514
536,56,64,0,0.332,0.445,0.953,0.514
536,56,65,0,0.032,0.445,0.368,0.514
536,56,65,1,0.535,0.507,0.968,0.576
536,56,66,0,0.289,0.506,0.572,0.575
536,56,67,0,0.032,0.506,0.325,0.575
536,56,67,1,0.917,0.566,0.968,0.634
536,56,68,0,0.421,0.568,0.953,0.636
536,56,69,0,0.032,0.568,0.457,0.636
536,56,69,1,0.672,0.628,0.968,0.697
536,56,70,0,0.032,0.628,0.708,0.697
536,56,70,1,0.915,0.686,0.968,0.755
536,56,71,0,0.441,0.688,0.951,0.756
536,56,72,0,0.032,0.688,0.477,0.756
536,56,72,1,0.638,0.75,0.968,0.819
536,56,73,0,0.032,0.75,0.674,0.819
536,56,73,1,0.912,0.807,0.968,0.876
536,56,74,0,0.362,0.808,0.948,0.877
536,56,75,0,0.032,0.808,0.398,0.877
536,56,75,1,0.659,0.87,0.968,0.939
536,56,76,0,0.049,0.87,0.696,0.939
537,56,77,0,0.658,0.023,0.968,0.092
537,56,78,0,0.289,0.023,0.694,0.091
537,56,79,0,0.032,0.023,0.325,0.091
537,56,79,1,0.731,0.082,0.968,0.151
537,56,80,0,0.283,0.082,0.767,0.151
537,56,81,0,0.032,0.082,0.319,0.151
537,56,81,1,0.712,0.143,0.968,0.212
537,56,82,0,0.146,0.142,0.748,0.211
537,56,83,0,0.032,0.142,0.182,0.211
537,56,83,1,0.641,0.201,0.968,0.27
537,56,84,0,0.23,0.202,0.677,0.271
537,56,85,0,0.032,0.202,0.266,0.271
537,56,85,1,0.463,0.262,0.968,0.332
537,56,86,0,0.032,0.262,0.499,0.332
537,56,86,1,0.918,0.323,0.968,0.393
537,56,87,0,0.449,0.325,0.954,0.395
537,56,88,0,0.032,0.325,0.485,0.395
537,56,88,1,0.92,0.384,0.968,0.454
537,56,89,0,0.421,0.383,0.956,0.453
537,56,90,0,0.032,0.383,0.457,0.453
537,56,90,1,0.811,0.443,0.968,0.512
537,56,91,0,0.29,0.443,0.848,0.512
537,56,92,0,0.032,0.443,0.327,0.512
537,56,92,1,0.602,0.503,0.968,0.572
537,56,93,0,0.284,0.503,0.638,0.572
537,56,94,0,0.032,0.503,0.32,0.572
537,56,94,1,0.92,0.564,0.968,0.632
537,56,95,0,0.472,0.565,0.956,0.633
537,56,96,0,0.05,0.566,0.508,0.634
537,57,1,0,0.032,0.566,0.086,0.634
537,57,1,1,0.032,0.621,0.968,0.745
537,57,1,2,0.153,0.748,0.968,0.817
537,57,2,0,0.032,0.748,0.189,0.817
537,57,2,1,0.052,0.805,0.968,0.874
537,57,3,0,0.032,0.805,0.088,0.874
537,57,3,1,0.052,0.867,0.968,0.935
538,57,4,0,0.032,0.014,0.968,0.193
538,57,4,1,0.83,0.204,0.968,0.273
538,57,5,0,0.032,0.204,0.866,0.273
538,57,5,1,0.917,0.263,0.968,0.333
538,57,6,0,0.032,0.263,0.953,0.333
538,57,6,1,0.752,0.323,0.968,0.393
538,57,7,0,0.032,0.323,0.788,0.393
538,57,7,1,0.047,0.38,0.968,0.45
538,57,8,0,0.032,0.38,0.083,0.45
538,57,8,1,0.032,0.435,0.968,0.504
538,57,8,2,0.475,0.502,0.968,0.571
538,57,9,0,0.032,0.502,0.511,0.571
538,57,9,1,0.032,0.557,0.968,0.626
538,57,9,2,0.717,0.624,0.968,0.693
538,57,10,0,0.032,0.624,0.753,0.693
538,57,10,1,0.032,0.679,0.968,0.803
538,57,10,2,0.163,0.804,0.968,0.873
538,57,11,0,0.032,0.804,0.199,0.873
538,57,11,1,0.05,0.865,0.968,0.933
539,57,12,0,0.032,0.014,0.968,0.138
539,57,12,1,0.663,0.144,0.968,0.213
539,57,13,0,0.032,0.144,0.699,0.213
539,57,13,1,0.032,0.199,0.968,0.324
539,57,13,2,0.802,0.326,0.968,0.396
539,57,14,0,0.032,0.326,0.838,0.396
539,57,14,1,0.032,0.381,0.968,0.451
539,57,14,2,0.539,0.447,0.968,0.516
539,57,15,0,0.032,0.447,0.575,0.516
539,57,15,1,0.044,0.504,0.968,0.573
539,57,16,0,0.032,0.504,0.08,0.573
539,57,16,1,0.032,0.559,0.968,0.683
539,57,16,2,0.05,0.689,0.968,0.757
539,57,17,0,0.032,0.689,0.086,0.757
539,57,17,1,0.032,0.744,0.968,0.812
539,57,17,2,0.664,0.809,0.968,0.878
539,57,18,0,0.032,0.809,0.7,0.878
539,57,18,1,0.055,0.869,0.968,0.938
540,57,19,0,0.032,0.014,0.968,0.138
540,57,19,1,0.356,0.147,0.968,0.216
540,57,20,0,0.032,0.147,0.392,0.216
540,57,20,1,0.032,0.202,0.968,0.382
540,57,20,2,0.047,0.389,0.968,0.459
540,57,21,0,0.032,0.389,0.083,0.459
540,57,21,1,0.032,0.444,0.968,0.569
540,57,21,2,0.177,0.571,0.968,0.639
540,57,22,0,0.032,0.571,0.213,0.639
540,57,22,1,0.032,0.626,0.968,0.695
540,57,22,2,0.167,0.693,0.968,0.761
540,57,23,0,0.032,0.693,0.202,0.761
540,57,23,1,0.032,0.748,0.968,0.817
540,57,23,2,0.48,0.811,0.968,0.88
540,57,24,0,0.032,0.811,0.516,0.88
540,57,24,1,0.05,0.874,0.968,0.943
541,57,25,0,0.032,0.014,0.968,0.193
541,57,25,1,0.455,0.203,0.968,0.272
541,57,26,0,0.032,0.203,0.491,0.272
541,57,26,1,0.032,0.258,0.968,0.327
541,57,26,2,0.469,0.324,0.968,0.394
541,57,27,0,0.032,0.324,0.505,0.394
541,57,27,1,0.032,0.379,0.968,0.669
541,57,27,2,0.571,0.629,0.968,0.698
541,57,28,0,0.032,0.629,0.607,0.698
541,57,28,1,0.032,0.684,0.968,0.753
541,57,28,2,0.191,0.749,0.968,0.818
541,57,29,0,0.032,0.749,0.227,0.818
541,57,29,1,0.032,0.804,0.968,0.873
541,57,29,2,0.052,0.872,0.968,0.941
542,58,1,0,0.032,0.014,0.968,0.248
542,58,1,1,0.277,0.207,0.968,0.277
542,58,2,0,0.032,0.207,0.313,0.277
542,58,2,1,0.032,0.262,0.968,0.387
542,58,2,2,0.655,0.389,0.968,0.459
542,58,3,0,0.032,0.389,0.691,0.459
542,58,3,1,0.032,0.444,0.968,0.513
542,58,3,2,0.478,0.511,0.968,0.58
542,58,4,0,0.032,0.511,0.514,0.58
542,58,4,1,0.032,0.566,0.968,0.69
542,58,4,2,0.576,0.691,0.968,0.759
542,58,5,0,0.032,0.691,0.612,0.759
542,58,5,1,0.032,0.746,0.968,0.815
542,58,5,2,0.692,0.811,0.968,0.88
542,58,6,0,0.032,0.811,0.728,0.88
542,58,6,1,0.047,0.869,0.968,0.938
543,58,7,0,0.032,0.014,0.968,0.193
543,58,7,1,0.266,0.204,0.968,0.273
543,58,8,0,0.032,0.204,0.302,0.273
543,58,8,1,0.032,0.259,0.968,0.438
543,58,8,2,0.415,0.444,0.968,0.513
543,58,9,0,0.032,0.444,0.451,0.513
543,58,9,1,0.032,0.499,0.968,0.569
543,58,9,2,0.225,0.568,0.968,0.636
543,58,10,0,0.032,0.568,0.261,0.636
543,58,10,1,0.032,0.623,0.968,0.692
543,58,10,2,0.232,0.689,0.968,0.757
543,58,11,0,0.032,0.689,0.268,0.757
543,58,11,1,0.032,0.744,0.968,0.868
543,58,11,2,0.052,0.874,0.968,0.943
544,58,12,0,0.032,0.014,0.968,0.138
544,58,12,1,0.915,0.14,0.968,0.209
544,58,13,0,0.032,0.14,0.951,0.209
544,58,13,1,0.032,0.195,0.968,0.264
544,58,13,2,0.446,0.265,0.968,0.335
544,58,14,0,0.032,0.265,0.482,0.335
544,58,14,1,0.032,0.32,0.968,0.39
544,58,14,2,0.745,0.384,0.968,0.454
544,58,15,0,0.032,0.384,0.781,0.454
544,58,15,1,0.805,0.445,0.968,0.514
544,58,16,0,0.032,0.445,0.841,0.514
544,58,16,1,0.717,0.504,0.968,0.573
544,58,17,0,0.032,0.504,0.753,0.573
544,58,17,1,0.201,0.569,0.968,0.637
544,58,18,0,0.032,0.569,0.237,0.637
544,58,18,1,0.032,0.624,0.968,0.693
544,58,18,2,0.621,0.688,0.968,0.756
544,58,19,0,0.032,0.688,0.657,0.756
544,58,19,1,0.032,0.743,0.968,0.811
544,58,19,2,0.915,0.807,0.968,0.876
544,58,20,0,0.047,0.808,0.951,0.877
544,58,21,0,0.032,0.808,0.083,0.877
544,58,21,1,0.049,0.871,0.968,0.94
545,58,22,0,0.032,0.014,0.968,0.358
545,58,22,1,0.05,0.319,0.968,0.389
545,59,1,0,0.032,0.319,0.086,0.389
545,59,1,1,0.032,0.374,0.968,0.609
545,59,1,2,0.92,0.571,0.968,0.639
545,59,2,0,0.032,0.571,0.956,0.639
545,59,2,1,0.032,0.626,0.968,0.805
545,59,2,2,0.509,0.809,0.968,0.878
545,59,3,0,0.032,0.809,0.545,0.878
545,59,3,1,0.053,0.869,0.968,0.938
546,59,4,0,0.032,0.014,0.968,0.083
546,59,4,1,0.773,0.091,0.968,0.161
546,59,5,0,0.032,0.091,0.809,0.161
546,59,5,1,0.23,0.15,0.968,0.22
546,59,6,0,0.032,0.15,0.266,0.22
546,59,6,1,0.032,0.205,0.968,0.33
546,59,6,2,0.838,0.327,0.968,0.397
546,59,7,0,0.032,0.327,0.874,0.397
546,59,7,1,0.032,0.382,0.968,0.506
546,59,7,2,0.049,0.511,0.968,0.58
546,59,8,0,0.032,0.511,0.085,0.58
546,59,8,1,0.032,0.566,0.968,0.69
546,59,8,2,0.698,0.689,0.968,0.757
546,59,9,0,0.032,0.689,0.734,0.757
546,59,9,1,0.032,0.744,0.968,0.868
546,59,9,2,0.053,0.87,0.968,0.939
547,59,10,0,0.032,0.014,0.968,0.138
547,59,10,1,0.27,0.143,0.968,0.212
547,59,11,0,0.032,0.143,0.306,0.212
547,59,11,1,0.032,0.198,0.968,0.377
547,59,11,2,0.918,0.384,0.968,0.454
547,59,12,0,0.032,0.384,0.954,0.454
547,59,12,1,0.05,0.443,0.968,0.512
547,59,13,0,0.032,0.443,0.086,0.512
547,59,13,1,0.032,0.498,0.968,0.568
547,59,13,2,0.669,0.567,0.968,0.635
547,59,14,0,0.032,0.567,0.705,0.635
547,59,14,1,0.032,0.622,0.968,0.691
547,59,14,2,0.052,0.688,0.968,0.756
547,59,15,0,0.032,0.688,0.088,0.756
547,59,15,1,0.032,0.743,0.968,0.811
547,59,15,2,0.855,0.81,0.968,0.879
547,59,16,0,0.032,0.81,0.891,0.879
547,59,16,1,0.055,0.868,0.968,0.936
548,59,17,0,0.032,0.014,0.968,0.083
548,59,17,1,0.742,0.083,0.968,0.152
548,59,18,0,0.032,0.083,0.778,0.152
548,59,18,1,0.032,0.138,0.968,0.207
548,59,18,2,0.917,0.2,0.968,0.269
548,59,19,0,0.032,0.2,0.953,0.269
548,59,19,1,0.613,0.256,0.968,0.326
548,59,20,0,0.032,0.256,0.649,0.326
548,59,20,1,0.241,0.317,0.968,0.387
548,59,21,0,0.032,0.317,0.277,0.387
548,59,21,1,0.032,0.372,0.968,0.496
548,59,21,2,0.917,0.492,0.968,0.561
548,59,22,0,0.032,0.492,0.953,0.561
548,59,22,1,0.556,0.553,0.968,0.622
548,59,23,0,0.032,0.553,0.592,0.622
548,59,23,1,0.032,0.609,0.968,0.733
548,59,23,2,0.917,0.729,0.968,0.797
548,59,24,0,0.032,0.729,0.953,0.797
548,59,24,1,0.049,0.785,0.968,0.854
549,60,1,0,0.032,0.014,0.968,0.358
549,60,1,1,0.092,0.33,0.968,0.4
549,60,2,0,0.032,0.33,0.128,0.4
549,60,2,1,0.032,0.385,0.968,0.455
549,60,2,2,0.543,0.449,0.968,0.518
549,60,3,0,0.032,0.449,0.579,0.518
549,60,3,1,0.111,0.508,0.968,0.577
549,60,4,0,0.032,0.508,0.147,0.577
549,60,4,1,0.032,0.563,0.968,0.797
549,60,4,2,0.239,0.809,0.968,0.878
549,60,5,0,0.032,0.809,0.275,0.878
549,60,5,1,0.055,0.87,0.968,0.939
550,60,6,0,0.032,0.014,0.968,0.083
550,60,6,1,0.394,0.086,0.968,0.155
550,60,7,0,0.032,0.086,0.43,0.155
550,60,7,1,0.032,0.141,0.968,0.21
550,60,7,2,0.915,0.205,0.968,0.274
550,60,8,0,0.032,0.205,0.951,0.274
550,60,8,1,0.032,0.26,0.968,0.329
550,60,8,2,0.917,0.327,0.968,0.397
550,60,9,0,0.032,0.327,0.953,0.397
550,60,9,1,0.032,0.382,0.968,0.452
550,60,9,2,0.714,0.447,0.968,0.516
550,60,10,0,0.032,0.447,0.75,0.516
550,60,10,1,0.032,0.503,0.968,0.737
550,60,10,2,0.193,0.745,0.968,0.814
550,60,11,0,0.032,0.745,0.229,0.814
550,60,11,1,0.032,0.8,0.968,0.869
550,60,11,2,0.047,0.866,0.968,0.934
551,60,12,0,0.032,0.014,0.968,0.248
551,60,12,1,0.918,0.258,0.968,0.328
551,60,13,0,0.032,0.258,0.954,0.328
551,60,13,1,0.052,0.319,0.968,0.389
551,61,1,0,0.032,0.319,0.088,0.389
551,61,1,1,0.032,0.374,0.968,0.609
551,61,1,2,0.918,0.57,0.968,0.638
551,61,2,0,0.052,0.571,0.954,0.639
551,61,3,0,0.032,0.571,0.088,0.639
551,61,3,1,0.095,0.631,0.968,0.7
551,61,4,0,0.032,0.631,0.131,0.7
551,61,4,1,0.032,0.686,0.968,0.755
551,61,4,2,0.652,0.75,0.968,0.819
551,61,5,0,0.032,0.75,0.688,0.819
551,61,5,1,0.032,0.805,0.968,0.874
551,61,5,2,0.053,0.867,0.968,0.935
552,61,6,0,0.032,0.014,0.968,0.138
552,61,6,1,0.388,0.14,0.968,0.209
552,61,7,0,0.032,0.14,0.424,0.209
552,61,7,1,0.032,0.195,0.968,0.264
552,61,7,2,0.917,0.26,0.968,0.33
552,61,8,0,0.032,0.26,0.953,0.33
552,61,8,1,0.79,0.321,0.968,0.391
552,61,9,0,0.032,0.321,0.826,0.391
552,61,9,1,0.453,0.381,0.968,0.451
552,61,10,0,0.032,0.381,0.489,0.451
552,61,10,1,0.459,0.444,0.968,0.513
552,61,11,0,0.032,0.444,0.495,0.513
552,61,11,1,0.047,0.504,0.968,0.573
552,61,12,0,0.032,0.504,0.083,0.573
552,61,12,1,0.032,0.559,0.968,0.628
552,61,12,2,0.352,0.625,0.968,0.694
552,61,13,0,0.032,0.625,0.389,0.694
552,61,13,1,0.384,0.686,0.968,0.755
552,61,14,0,0.032,0.686,0.42,0.755
552,61,14,1,0.032,0.742,0.968,0.866
552,61,14,2,0.049,0.87,0.968,0.939
553,62,1,0,0.032,0.014,0.968,0.248
553,62,1,1,0.801,0.229,0.968,0.298
553,62,2,0,0.032,0.229,0.837,0.298
553,62,2,1,0.032,0.283,0.968,0.353
553,62,2,2,0.556,0.342,0.968,0.412
553,62,3,0,0.032,0.342,0.592,0.412
553,62,3,1,0.635,0.402,0.968,0.472
553,62,4,0,0.032,0.402,0.671,0.472
553,62,4,1,0.596,0.46,0.968,0.529
553,62,5,0,0.032,0.46,0.632,0.529
553,62,5,1,0.032,0.516,0.968,0.585
553,62,5,2,0.049,0.573,0.968,0.641
553,62,6,0,0.032,0.573,0.085,0.641
553,62,6,1,0.032,0.628,0.968,0.697
553,62,6,2,0.238,0.691,0.968,0.759
553,62,7,0,0.032,0.691,0.274,0.759
553,62,7,1,0.142,0.748,0.968,0.817
553,62,8,0,0.032,0.748,0.178,0.817
553,62,8,1,0.032,0.803,0.968,0.872
553,62,8,2,0.058,0.864,0.968,0.932
554,62,9,0,0.032,0.014,0.968,0.138
554,62,9,1,0.777,0.146,0.968,0.215
554,62,10,0,0.032,0.146,0.813,0.215
554,62,10,1,0.032,0.201,0.968,0.271
554,62,10,2,0.915,0.263,0.968,0.333
554,62,11,0,0.032,0.263,0.951,0.333
554,62,11,1,0.049,0.325,0.968,0.395
554,63,1,0,0.032,0.325,0.085,0.395
554,63,1,1,0.032,0.38,0.968,0.559
554,63,1,2,0.05,0.566,0.968,0.634
554,63,2,0,0.032,0.566,0.086,0.634
554,63,2,1,0.032,0.621,0.968,0.69
554,63,2,2,0.788,0.685,0.968,0.754
554,63,3,0,0.032,0.685,0.824,0.754
554,63,3,1,0.655,0.747,0.968,0.816
554,63,4,0,0.032,0.747,0.691,0.816
554,63,4,1,0.032,0.802,0.968,0.871
554,63,4,2,0.047,0.867,0.968,0.935
555,63,5,0,0.032,0.014,0.968,0.083
555,63,5,1,0.322,0.082,0.968,0.151
555,63,6,0,0.032,0.082,0.358,0.151
555,63,6,1,0.032,0.137,0.968,0.206
555,63,6,2,0.339,0.201,0.968,0.27
555,63,7,0,0.032,0.201,0.375,0.27
555,63,7,1,0.032,0.256,0.968,0.38
555,63,7,2,0.918,0.379,0.968,0.449
555,63,8,0,0.032,0.379,0.954,0.449
555,63,8,1,0.032,0.434,0.968,0.503
555,63,8,2,0.518,0.499,0.968,0.569
555,63,9,0,0.032,0.499,0.554,0.569
555,63,9,1,0.032,0.555,0.968,0.624
555,63,9,2,0.418,0.62,0.968,0.689
555,63,10,0,0.032,0.62,0.454,0.689
555,63,10,1,0.032,0.675,0.968,0.744
555,63,10,2,0.115,0.738,0.968,0.806
555,63,11,0,0.032,0.738,0.151,0.806
555,63,11,1,0.052,0.797,0.968,0.866
556,64,1,0,0.032,0.014,0.968,0.138
556,64,1,1,0.557,0.144,0.968,0.213
556,64,2,0,0.303,0.199,0.593,0.268
556,64,3,0,0.032,0.199,0.339,0.268
556,64,3,1,0.049,0.26,0.968,0.33
556,64,4,0,0.032,0.26,0.085,0.33
556,64,4,1,0.032,0.315,0.968,0.385
556,64,4,2,0.602,0.382,0.968,0.452
556,64,5,0,0.032,0.382,0.638,0.452
556,64,5,1,0.393,0.442,0.968,0.511
556,64,6,0,0.032,0.442,0.429,0.511
556,64,6,1,0.032,0.497,0.968,0.567
556,64,6,2,0.621,0.562,0.968,0.631
556,64,7,0,0.032,0.562,0.657,0.631
556,64,7,1,0.21,0.622,0.968,0.691
556,64,8,0,0.032,0.622,0.246,0.691
556,64,8,1,0.1,0.682,0.968,0.751
556,64,9,0,0.032,0.682,0.136,0.751
556,64,9,1,0.032,0.738,0.968,0.862
556,64,9,2,0.05,0.863,0.968,0.931
557,64,10,0,0.032,0.014,0.968,0.083
557,64,10,1,0.286,0.086,0.968,0.155
557,64,11,0,0.032,0.086,0.322,0.155
557,64,11,1,0.032,0.141,0.968,0.21
557,64,11,2,0.723,0.205,0.968,0.274
557,64,12,0,0.032,0.205,0.759,0.274
557,64,12,1,0.233,0.26,0.968,0.33
557,64,13,0,0.032,0.26,0.269,0.33
557,64,13,1,0.151,0.321,0.968,0.391
557,64,14,0,0.032,0.321,0.187,0.391
557,64,14,1,0.032,0.376,0.968,0.5
557,64,14,2,0.47,0.497,0.968,0.567
557,64,15,0,0.032,0.497,0.506,0.567
557,64,15,1,0.387,0.557,0.968,0.626
557,64,16,0,0.032,0.557,0.423,0.626
557,64,16,1,0.032,0.613,0.968,0.681
557,64,16,2,0.216,0.675,0.968,0.744
557,64,17,0,0.032,0.675,0.252,0.744
557,64,17,1,0.032,0.731,0.968,0.799
557,64,17,2,0.79,0.795,0.968,0.864
557,64,18,0,0.058,0.792,0.826,0.861
558,65,1,0,0.032,0.014,0.968,0.358
558,65,1,1,0.489,0.327,0.968,0.397
558,65,2,0,0.032,0.327,0.525,0.397
558,65,2,1,0.032,0.382,0.968,0.506
558,65,2,2,0.145,0.507,0.968,0.576
558,65,3,0,0.032,0.507,0.181,0.576
558,65,3,1,0.032,0.562,0.968,0.631
558,65,3,2,0.235,0.627,0.968,0.696
558,65,4,0,0.032,0.627,0.271,0.696
558,65,4,1,0.032,0.682,0.968,0.806
558,65,4,2,0.343,0.804,0.968,0.873
558,65,5,0,0.032,0.804,0.379,0.873
558,65,5,1,0.049,0.867,0.968,0.935
559,65,6,0,0.032,0.014,0.968,0.193
559,65,6,1,0.509,0.204,0.968,0.273
559,65,7,0,0.032,0.204,0.545,0.273
559,65,7,1,0.032,0.259,0.968,0.328
559,65,7,2,0.264,0.324,0.968,0.394
559,65,8,0,0.032,0.324,0.3,0.394
559,65,8,1,0.032,0.379,0.968,0.449
559,65,8,2,0.76,0.448,0.968,0.517
559,65,9,0,0.052,0.445,0.796,0.514
559,65,10,0,0.032,0.445,0.088,0.514
559,65,10,1,0.032,0.501,0.968,0.57
559,65,10,2,0.585,0.568,0.968,0.636
559,65,11,0,0.032,0.568,0.621,0.636
559,65,11,1,0.032,0.623,0.968,0.747
559,65,11,2,0.247,0.75,0.968,0.819
559,65,12,0,0.032,0.75,0.283,0.819
559,65,12,1,0.032,0.805,0.968,0.874
559,65,12,2,0.053,0.871,0.968,0.94
560,66,1,0,0.032,0.014,0.968,0.248
560,66,1,1,0.759,0.218,0.968,0.288
560,66,2,0,0.032,0.218,0.795,0.288
560,66,2,1,0.669,0.278,0.968,0.348
560,66,3,0,0.032,0.278,0.705,0.348
560,66,3,1,0.032,0.333,0.968,0.458
560,66,3,2,0.917,0.449,0.968,0.518
560,66,4,0,0.032,0.449,0.953,0.518
560,66,4,1,0.032,0.505,0.968,0.574
560,66,4,2,0.655,0.568,0.968,0.636
560,66,5,0,0.032,0.568,0.691,0.636
560,66,5,1,0.032,0.623,0.968,0.692
560,66,5,2,0.692,0.686,0.968,0.755
560,66,6,0,0.032,0.686,0.728,0.755
560,66,6,1,0.032,0.742,0.968,0.81
560,66,6,2,0.162,0.802,0.968,0.871
560,66,7,0,0.032,0.802,0.198,0.871
560,66,7,1,0.049,0.861,0.968,0.929
561,66,8,0,0.032,0.014,0.968,0.303
561,66,8,1,0.05,0.268,0.968,0.338
561,66,9,0,0.032,0.268,0.086,0.338
561,66,9,1,0.032,0.323,0.968,0.393
561,66,9,2,0.335,0.386,0.968,0.456
561,66,10,0,0.032,0.386,0.371,0.456
561,66,10,1,0.032,0.441,0.968,0.566
561,66,10,2,0.053,0.57,0.968,0.638
561,66,11,0,0.032,0.57,0.089,0.638
561,66,11,1,0.032,0.625,0.968,0.749
561,66,11,2,0.23,0.752,0.968,0.821
561,66,12,0,0.032,0.752,0.266,0.821
561,66,12,1,0.032,0.807,0.968,0.876
561,66,12,2,0.055,0.872,0.968,0.941
562,67,1,0,0.032,0.014,0.968,0.193
562,67,1,1,0.207,0.151,0.968,0.221
562,67,2,0,0.032,0.151,0.243,0.221
562,67,2,1,0.047,0.21,0.968,0.28
562,67,3,0,0.032,0.21,0.083,0.28
562,67,3,1,0.032,0.265,0.968,0.335
562,67,3,2,0.326,0.333,0.968,0.403
562,67,4,0,0.032,0.333,0.362,0.403
562,67,4,1,0.331,0.391,0.968,0.461
562,67,5,0,0.032,0.391,0.367,0.461
562,67,5,1,0.032,0.446,0.968,0.515
562,67,5,2,0.81,0.513,0.968,0.582
562,67,6,0,0.032,0.513,0.846,0.582
562,67,6,1,0.914,0.571,0.968,0.639
562,67,7,0,0.233,0.57,0.95,0.638
562,67,8,0,0.032,0.57,0.269,0.638
562,67,8,1,0.047,0.629,0.968,0.698
562,67,9,0,0.032,0.629,0.083,0.698
562,67,9,1,0.032,0.684,0.968,0.753
562,67,9,2,0.663,0.751,0.968,0.82
562,67,10,0,0.032,0.751,0.699,0.82
562,67,10,1,0.793,0.809,0.968,0.878
562,67,11,0,0.046,0.807,0.829,0.876
562,67,12,0,0.032,0.807,0.082,0.876
562,67,12,1,0.047,0.87,0.968,0.939
563,67,13,0,0.098,0.023,0.968,0.091
563,67,14,0,0.032,0.023,0.134,0.091
563,67,14,1,0.405,0.084,0.968,0.153
563,67,15,0,0.032,0.084,0.441,0.153
563,67,15,1,0.032,0.139,0.968,0.208
563,67,15,2,0.92,0.207,0.968,0.276
563,67,16,0,0.032,0.207,0.956,0.276
563,67,16,1,0.849,0.265,0.968,0.335
563,67,17,0,0.032,0.265,0.885,0.335
563,67,17,1,0.579,0.327,0.968,0.397
563,67,18,0,0.032,0.327,0.615,0.397
563,67,18,1,0.784,0.386,0.968,0.456
563,67,19,0,0.032,0.386,0.82,0.456
563,67,19,1,0.244,0.447,0.968,0.516
563,67,20,0,0.032,0.447,0.28,0.516
563,67,20,1,0.032,0.503,0.968,0.572
563,67,20,2,0.923,0.566,0.968,0.634
563,67,21,0,0.032,0.566,0.959,0.634
563,67,21,1,0.829,0.628,0.968,0.697
563,67,22,0,0.032,0.628,0.865,0.697
563,67,22,1,0.642,0.689,0.968,0.757
563,67,23,0,0.032,0.689,0.678,0.757
563,67,23,1,0.325,0.749,0.968,0.818
563,67,24,0,0.032,0.749,0.361,0.818
563,67,24,1,0.546,0.807,0.968,0.876
563,67,25,0,0.032,0.807,0.582,0.876
563,67,25,1,0.805,0.869,0.968,0.938
563,67,26,0,0.053,0.871,0.841,0.94
564,67,27,0,0.032,0.014,0.968,0.083
564,67,27,1,0.619,0.083,0.968,0.152
564,67,28,0,0.032,0.083,0.655,0.152
564,67,28,1,0.171,0.145,0.968,0.214
564,67,29,0,0.032,0.145,0.207,0.214
564,67,29,1,0.032,0.2,0.968,0.27
564,67,29,2,0.918,0.263,0.968,0.333
564,67,30,0,0.047,0.267,0.954,0.337
564,68,1,0,0.032,0.267,0.083,0.337
564,68,1,1,0.032,0.322,0.968,0.447
564,68,1,2,0.501,0.449,0.968,0.518
564,68,2,0,0.05,0.448,0.537,0.517
564,68,3,0,0.032,0.448,0.086,0.517
564,68,3,1,0.495,0.511,0.968,0.58
564,68,4,0,0.049,0.509,0.531,0.578
564,68,5,0,0.032,0.509,0.085,0.578
564,68,5,1,0.61,0.571,0.968,0.639
564,68,6,0,0.277,0.572,0.646,0.64
564,68,7,0,0.032,0.572,0.313,0.64
564,68,7,1,0.16,0.632,0.968,0.701
564,68,8,0,0.032,0.632,0.196,0.701
564,68,8,1,0.751,0.693,0.968,0.761
564,68,9,0,0.255,0.693,0.787,0.761
564,68,10,0,0.032,0.693,0.291,0.761
564,68,10,1,0.692,0.754,0.968,0.823
564,68,11,0,0.328,0.754,0.728,0.823
564,68,12,0,0.032,0.754,0.364,0.823
564,68,12,1,0.839,0.812,0.968,0.881
564,68,13,0,0.424,0.811,0.875,0.88
564,68,14,0,0.032,0.811,0.46,0.88
564,68,14,1,0.917,0.874,0.968,0.943
564,68,15,0,0.052,0.873,0.953,0.942
565,68,16,0,0.633,0.024,0.968,0.093
565,68,17,0,0.032,0.024,0.669,0.093
565,68,17,1,0.663,0.086,0.968,0.155
565,68,18,0,0.433,0.086,0.699,0.155
565,68,19,0,0.032,0.086,0.469,0.155
565,68,19,1,0.751,0.144,0.968,0.213
565,68,20,0,0.407,0.145,0.787,0.214
565,68,21,0,0.094,0.144,0.443,0.213
565,68,22,0,0.032,0.144,0.13,0.213
565,68,22,1,0.438,0.206,0.968,0.275
565,68,23,0,0.05,0.206,0.474,0.275
565,68,24,0,0.032,0.206,0.086,0.275
565,68,24,1,0.456,0.265,0.968,0.335
565,68,25,0,0.09,0.264,0.492,0.334
565,68,26,0,0.032,0.264,0.127,0.334
565,68,26,1,0.616,0.326,0.968,0.396
565,68,27,0,0.322,0.324,0.652,0.394
565,68,28,0,0.032,0.324,0.358,0.394
565,68,28,1,0.68,0.385,0.968,0.455
565,68,29,0,0.139,0.385,0.716,0.455
565,68,30,0,0.032,0.385,0.175,0.455
565,68,30,1,0.54,0.446,0.968,0.515
565,68,31,0,0.125,0.447,0.576,0.516
565,68,32,0,0.032,0.447,0.161,0.516
565,68,32,1,0.357,0.505,0.968,0.574
565,68,33,0,0.032,0.505,0.393,0.574
565,68,33,1,0.52,0.569,0.968,0.637
565,68,34,0,0.032,0.569,0.556,0.637
565,68,34,1,0.92,0.626,0.968,0.695
565,68,35,0,0.456,0.627,0.956,0.696
565,68,36,0,0.086,0.627,0.492,0.696
565,68,37,0,0.032,0.627,0.122,0.696
565,68,37,1,0.598,0.688,0.968,0.756
565,68,38,0,0.235,0.686,0.634,0.755
565,68,39,0,0.032,0.686,0.271,0.755
565,68,39,1,0.249,0.748,0.968,0.817
565,68,40,0,0.032,0.748,0.285,0.817
565,68,40,1,0.76,0.809,0.968,0.878
565,68,41,0,0.052,0.809,0.796,0.878
565,68,42,0,0.032,0.809,0.088,0.878
565,68,42,1,0.053,0.868,0.968,0.936
566,68,43,0,0.032,0.014,0.968,0.083
566,68,43,1,0.915,0.09,0.968,0.159
566,68,44,0,0.032,0.09,0.951,0.159
566,68,44,1,0.78,0.15,0.968,0.22
566,68,45,0,0.331,0.148,0.816,0.217
566,68,46,0,0.032,0.148,0.367,0.217
566,68,46,1,0.653,0.208,0.968,0.278
566,68,47,0,0.134,0.207,0.689,0.277
566,68,48,0,0.032,0.207,0.17,0.277
566,68,48,1,0.101,0.267,0.968,0.337
566,68,49,0,0.032,0.267,0.137,0.337
566,68,49,1,0.225,0.328,0.968,0.398
566,68,50,0,0.032,0.328,0.261,0.398
566,68,50,1,0.622,0.389,0.968,0.459
566,68,51,0,0.032,0.389,0.658,0.459
566,68,51,1,0.435,0.447,0.968,0.516
566,68,52,0,0.047,0.448,0.471,0.517
566,69,1,0,0.032,0.448,0.083,0.517
566,69,1,1,0.032,0.504,0.968,0.628
566,69,1,2,0.815,0.63,0.968,0.699
566,69,2,0,0.61,0.63,0.851,0.699
566,69,3,0,0.243,0.629,0.646,0.698
566,69,4,0,0.032,0.629,0.279,0.698
566,69,4,1,0.681,0.69,0.968,0.758
566,69,5,0,0.101,0.689,0.717,0.757
566,69,6,0,0.032,0.689,0.137,0.757
566,69,6,1,0.284,0.75,0.968,0.819
566,69,7,0,0.032,0.75,0.32,0.819
566,69,7,1,0.032,0.805,0.968,0.874
566,69,7,2,0.506,0.869,0.968,0.938
566,69,8,0,0.05,0.869,0.542,0.938
567,69,9,0,0.247,0.023,0.968,0.091
567,69,10,0,0.032,0.023,0.283,0.091
567,69,10,1,0.554,0.082,0.968,0.151
567,69,11,0,0.032,0.082,0.59,0.151
567,69,11,1,0.92,0.143,0.968,0.212
567,69,12,0,0.309,0.144,0.956,0.213
567,69,13,0,0.032,0.144,0.345,0.213
567,69,13,1,0.729,0.203,0.968,0.272
567,69,14,0,0.05,0.202,0.765,0.271
567,69,15,0,0.032,0.202,0.086,0.271
567,69,15,1,0.571,0.263,0.968,0.333
567,69,16,0,0.032,0.263,0.607,0.333
567,69,16,1,0.92,0.325,0.968,0.395
567,69,17,0,0.032,0.325,0.956,0.395
567,69,17,1,0.92,0.386,0.968,0.456
567,69,18,0,0.281,0.382,0.956,0.452
567,69,19,0,0.032,0.382,0.317,0.452
567,69,19,1,0.346,0.446,0.968,0.515
567,69,20,0,0.032,0.446,0.382,0.515
567,69,20,1,0.796,0.507,0.968,0.576
567,69,21,0,0.404,0.509,0.832,0.578
567,69,22,0,0.05,0.507,0.44,0.576
567,69,23,0,0.032,0.507,0.086,0.576
567,69,23,1,0.715,0.57,0.968,0.638
567,69,24,0,0.032,0.57,0.751,0.638
567,69,24,1,0.829,0.628,0.968,0.697
567,69,25,0,0.032,0.628,0.865,0.697
567,69,25,1,0.921,0.689,0.968,0.757
567,69,26,0,0.57,0.688,0.958,0.756
567,69,27,0,0.179,0.688,0.606,0.756
567,69,28,0,0.032,0.688,0.215,0.756
567,69,28,1,0.78,0.751,0.968,0.82
567,69,29,0,0.441,0.75,0.816,0.819
567,69,30,0,0.196,0.749,0.477,0.818
567,69,31,0,0.032,0.749,0.232,0.818
567,69,31,1,0.838,0.812,0.968,0.881
567,69,32,0,0.114,0.808,0.874,0.877
567,69,33,0,0.032,0.808,0.15,0.877
567,69,33,1,0.551,0.871,0.968,0.94
567,69,34,0,0.052,0.869,0.587,0.938
568,69,35,0,0.574,0.025,0.968,0.095
568,69,36,0,0.177,0.023,0.61,0.091
568,69,37,0,0.032,0.023,0.213,0.091
568,69,37,1,0.715,0.085,0.968,0.154
568,69,38,0,0.337,0.086,0.751,0.155
568,69,39,0,0.049,0.084,0.373,0.153
568,69,40,0,0.032,0.084,0.085,0.153
568,69,40,1,0.622,0.145,0.968,0.214
568,69,41,0,0.047,0.145,0.658,0.214
568,69,42,0,0.032,0.145,0.083,0.214
568,69,42,1,0.452,0.206,0.968,0.275
568,69,43,0,0.092,0.207,0.488,0.276
568,69,44,0,0.032,0.207,0.128,0.276
568,69,44,1,0.535,0.264,0.968,0.334
568,69,45,0,0.19,0.265,0.572,0.335
568,69,46,0,0.032,0.265,0.226,0.335
568,69,46,1,0.763,0.327,0.968,0.397
568,69,47,0,0.225,0.327,0.799,0.397
568,69,48,0,0.032,0.327,0.261,0.397
568,69,48,1,0.794,0.388,0.968,0.458
568,69,49,0,0.301,0.387,0.83,0.457
568,69,50,0,0.032,0.387,0.337,0.457
568,69,50,1,0.788,0.447,0.968,0.516
568,69,51,0,0.475,0.448,0.824,0.517
568,69,52,0,0.047,0.446,0.511,0.515
568,70,1,0,0.032,0.446,0.083,0.515
568,70,1,1,0.032,0.502,0.968,0.626
568,70,1,2,0.567,0.629,0.968,0.698
568,70,2,0,0.142,0.631,0.603,0.7
568,70,3,0,0.032,0.631,0.178,0.7
568,70,3,1,0.628,0.691,0.968,0.759
568,70,4,0,0.032,0.691,0.664,0.759
568,70,4,1,0.39,0.748,0.968,0.817
568,70,5,0,0.047,0.748,0.426,0.817
568,70,6,0,0.032,0.748,0.083,0.817
568,70,6,1,0.658,0.807,0.968,0.876
568,70,7,0,0.428,0.807,0.694,0.876
568,70,8,0,0.032,0.807,0.465,0.876
568,70,8,1,0.915,0.868,0.968,0.936
568,70,9,0,0.487,0.87,0.951,0.939
568,70,10,0,0.049,0.87,0.523,0.939
569,70,11,0,0.05,0.024,0.968,0.093
569,70,12,0,0.032,0.024,0.086,0.093
569,70,12,1,0.642,0.085,0.968,0.154
569,70,13,0,0.273,0.085,0.678,0.154
569,70,14,0,0.032,0.085,0.309,0.154
569,70,14,1,0.698,0.146,0.968,0.215
569,70,15,0,0.391,0.144,0.734,0.213
569,70,16,0,0.129,0.144,0.427,0.213
569,70,17,0,0.032,0.144,0.165,0.213
569,70,17,1,0.708,0.207,0.968,0.276
569,70,18,0,0.464,0.206,0.744,0.275
569,70,19,0,0.032,0.206,0.5,0.275
569,70,19,1,0.918,0.266,0.968,0.336
569,70,20,0,0.54,0.265,0.954,0.335
569,70,21,0,0.101,0.264,0.576,0.334
569,70,22,0,0.032,0.264,0.137,0.334
569,70,22,1,0.782,0.325,0.968,0.395
569,70,23,0,0.252,0.326,0.818,0.396
569,70,24,0,0.032,0.326,0.288,0.396
569,70,24,1,0.642,0.384,0.968,0.454
569,70,25,0,0.294,0.387,0.678,0.457
569,70,26,0,0.032,0.387,0.33,0.457
569,70,26,1,0.773,0.448,0.968,0.517
569,70,27,0,0.198,0.448,0.809,0.517
569,70,28,0,0.032,0.448,0.233,0.517
569,70,28,1,0.675,0.51,0.968,0.579
569,70,29,0,0.163,0.508,0.711,0.577
569,70,30,0,0.032,0.508,0.199,0.577
569,70,30,1,0.235,0.571,0.968,0.639
569,70,31,0,0.032,0.571,0.271,0.639
569,70,31,1,0.546,0.63,0.968,0.699
569,70,32,0,0.032,0.63,0.582,0.699
569,70,32,1,0.921,0.689,0.968,0.757
569,70,33,0,0.49,0.693,0.958,0.761
569,70,34,0,0.032,0.693,0.526,0.761
569,70,34,1,0.92,0.752,0.968,0.821
569,70,35,0,0.487,0.752,0.956,0.821
569,70,36,0,0.032,0.752,0.523,0.821
569,70,36,1,0.92,0.812,0.968,0.881
569,70,37,0,0.439,0.812,0.956,0.881
569,70,38,0,0.032,0.812,0.475,0.881
569,70,38,1,0.618,0.871,0.968,0.94
569,70,39,0,0.053,0.872,0.654,0.941
570,70,40,0,0.34,0.024,0.968,0.093
570,70,41,0,0.032,0.024,0.376,0.093
570,70,41,1,0.663,0.086,0.968,0.155
570,70,42,0,0.032,0.086,0.699,0.155
570,70,42,1,0.815,0.147,0.968,0.216
570,70,43,0,0.032,0.147,0.851,0.216
570,70,43,1,0.917,0.207,0.968,0.276
570,70,44,0,0.047,0.205,0.953,0.274
570,71,1,0,0.032,0.205,0.083,0.274
570,71,1,1,0.032,0.26,0.968,0.439
570,71,1,2,0.74,0.449,0.968,0.518
570,71,2,0,0.219,0.449,0.776,0.518
570,71,3,0,0.032,0.449,0.255,0.518
570,71,3,1,0.582,0.511,0.968,0.58
570,71,4,0,0.032,0.511,0.618,0.58
570,71,4,1,0.032,0.566,0.968,0.635
570,71,4,2,0.915,0.631,0.968,0.7
570,71,5,0,0.357,0.633,0.951,0.702
570,71,6,0,0.032,0.633,0.393,0.702
570,71,6,1,0.839,0.694,0.968,0.762
570,71,7,0,0.032,0.694,0.875,0.762
570,71,7,1,0.032,0.749,0.968,0.818
570,71,7,2,0.917,0.811,0.968,0.88
570,71,8,0,0.466,0.81,0.953,0.879
570,71,9,0,0.032,0.81,0.502,0.879
570,71,9,1,0.757,0.871,0.968,0.94
570,71,10,0,0.047,0.869,0.793,0.938
571,71,11,0,0.489,0.023,0.968,0.092
571,71,12,0,0.032,0.023,0.525,0.092
571,71,12,1,0.477,0.083,0.968,0.152
571,71,13,0,0.05,0.084,0.513,0.153
571,71,14,0,0.032,0.084,0.086,0.153
571,71,14,1,0.633,0.144,0.968,0.213
571,71,15,0,0.032,0.144,0.669,0.213
571,71,15,1,0.838,0.206,0.968,0.275
571,71,16,0,0.05,0.203,0.874,0.272
571,71,17,0,0.032,0.203,0.086,0.272
571,71,17,1,0.47,0.263,0.968,0.333
571,71,18,0,0.032,0.263,0.506,0.333
571,71,18,1,0.808,0.327,0.968,0.397
571,71,19,0,0.25,0.323,0.844,0.393
571,71,20,0,0.032,0.323,0.286,0.393
571,71,20,1,0.743,0.386,0.968,0.456
571,71,21,0,0.032,0.386,0.779,0.456
571,71,21,1,0.562,0.446,0.968,0.515
571,71,22,0,0.145,0.448,0.598,0.517
571,71,23,0,0.032,0.448,0.181,0.517
571,71,23,1,0.032,0.504,0.968,0.573
571,71,23,2,0.833,0.57,0.968,0.638
571,71,24,0,0.052,0.567,0.869,0.635
571,71,25,0,0.032,0.567,0.088,0.635
571,71,25,1,0.032,0.622,0.968,0.691
571,71,25,2,0.743,0.69,0.968,0.758
571,71,26,0,0.032,0.69,0.779,0.758
571,71,26,1,0.836,0.753,0.968,0.822
571,71,27,0,0.032,0.753,0.872,0.822
571,71,27,1,0.777,0.811,0.968,0.88
571,71,28,0,0.032,0.811,0.813,0.88
571,71,28,1,0.052,0.871,0.968,0.94
572,72,1,0,0.032,0.014,0.968,0.248
572,72,1,1,0.858,0.214,0.968,0.284
572,72,2,0,0.047,0.209,0.894,0.279
572,72,3,0,0.032,0.209,0.083,0.279
572,72,3,1,0.227,0.269,0.968,0.339
572,72,4,0,0.032,0.269,0.263,0.339
572,72,4,1,0.463,0.331,0.968,0.401
572,72,5,0,0.032,0.331,0.499,0.401
572,72,5,1,0.628,0.392,0.968,0.462
572,72,6,0,0.032,0.392,0.664,0.462
572,72,6,1,0.567,0.45,0.968,0.519
572,72,7,0,0.032,0.45,0.603,0.519
572,72,7,1,0.773,0.513,0.968,0.582
572,72,8,0,0.032,0.513,0.809,0.582
572,72,8,1,0.703,0.572,0.968,0.64
572,72,9,0,0.032,0.572,0.739,0.64
572,72,9,1,0.408,0.633,0.968,0.702
572,72,10,0,0.032,0.633,0.444,0.702
572,72,10,1,0.323,0.692,0.968,0.76
572,72,11,0,0.032,0.692,0.359,0.76
572,72,11,1,0.41,0.752,0.968,0.821
572,72,12,0,0.032,0.752,0.446,0.821
572,72,12,1,0.419,0.811,0.968,0.88
572,72,13,0,0.032,0.811,0.455,0.88
572,72,13,1,0.052,0.87,0.968,0.939
573,72,14,0,0.032,0.014,0.968,0.083
573,72,14,1,0.722,0.088,0.968,0.157
573,72,15,0,0.05,0.087,0.758,0.156
573,72,16,0,0.032,0.087,0.086,0.156
573,72,16,1,0.163,0.144,0.968,0.213
573,72,17,0,0.032,0.144,0.199,0.213
573,72,17,1,0.114,0.207,0.968,0.277
573,72,18,0,0.032,0.207,0.15,0.277
573,72,18,1,0.362,0.267,0.968,0.337
573,72,19,0,0.032,0.267,0.398,0.337
573,72,19,1,0.463,0.326,0.968,0.396
573,72,20,0,0.032,0.326,0.499,0.396
573,72,20,1,0.794,0.389,0.968,0.459
573,72,21,0,0.156,0.387,0.83,0.457
573,72,22,0,0.032,0.387,0.192,0.457
573,72,22,1,0.168,0.449,0.968,0.518
573,72,23,0,0.032,0.449,0.204,0.518
573,72,23,1,0.032,0.505,0.968,0.574
573,72,23,2,0.638,0.568,0.968,0.636
573,72,24,0,0.032,0.568,0.674,0.636
573,72,24,1,0.419,0.628,0.968,0.697
573,72,25,0,0.032,0.628,0.455,0.697
573,72,25,1,0.362,0.689,0.968,0.757
573,72,26,0,0.032,0.689,0.398,0.757
573,72,26,1,0.552,0.751,0.968,0.82
573,72,27,0,0.032,0.751,0.589,0.82
573,72,27,1,0.346,0.81,0.968,0.879
573,72,28,0,0.032,0.81,0.382,0.879
573,72,28,1,0.052,0.87,0.968,0.939
574,73,1,0,0.032,0.014,0.968,0.138
574,73,1,1,0.731,0.15,0.968,0.22
574,73,2,0,0.422,0.151,0.767,0.221
574,73,3,0,0.032,0.151,0.458,0.221
574,73,3,1,0.917,0.21,0.968,0.28
574,73,4,0,0.39,0.21,0.953,0.28
574,73,5,0,0.032,0.21,0.426,0.28
574,73,5,1,0.843,0.271,0.968,0.341
574,73,6,0,0.194,0.271,0.879,0.341
574,73,7,0,0.032,0.271,0.23,0.341
574,73,7,1,0.632,0.33,0.968,0.4
574,73,8,0,0.049,0.331,0.668,0.401
574,73,9,0,0.032,0.331,0.085,0.401
574,73,9,1,0.167,0.39,0.968,0.46
574,73,10,0,0.032,0.39,0.202,0.46
574,73,10,1,0.322,0.451,0.968,0.52
574,73,11,0,0.032,0.451,0.358,0.52
574,73,11,1,0.5,0.51,0.968,0.579
574,73,12,0,0.046,0.511,0.536,0.58
574,73,13,0,0.032,0.511,0.082,0.58
574,73,13,1,0.484,0.573,0.968,0.641
574,73,14,0,0.032,0.573,0.52,0.641
574,73,14,1,0.531,0.631,0.968,0.7
574,73,15,0,0.032,0.631,0.567,0.7
574,73,15,1,0.408,0.691,0.968,0.759
574,73,16,0,0.032,0.691,0.444,0.759
574,73,16,1,0.602,0.748,0.968,0.817
574,73,17,0,0.032,0.748,0.638,0.817
574,73,17,1,0.723,0.809,0.968,0.878
574,73,18,0,0.047,0.811,0.759,0.88
574,73,19,0,0.032,0.811,0.083,0.88
574,73,19,1,0.049,0.871,0.968,0.94
575,73,20,0,0.032,0.014,0.968,0.413
575,73,20,1,0.05,0.384,0.968,0.454
575,74,1,0,0.032,0.384,0.086,0.454
575,74,1,1,0.032,0.439,0.968,0.564
575,74,1,2,0.728,0.57,0.968,0.638
575,74,2,0,0.534,0.572,0.764,0.64
575,74,3,0,0.298,0.574,0.57,0.642
575,74,4,0,0.052,0.571,0.334,0.639
575,74,5,0,0.032,0.571,0.088,0.639
575,74,5,1,0.708,0.632,0.968,0.701
575,74,6,0,0.36,0.632,0.744,0.701
575,74,7,0,0.052,0.633,0.396,0.702
575,74,8,0,0.032,0.633,0.088,0.702
575,74,8,1,0.658,0.691,0.968,0.759
575,74,9,0,0.255,0.691,0.694,0.759
575,74,10,0,0.032,0.691,0.291,0.759
575,74,10,1,0.777,0.75,0.968,0.819
575,74,11,0,0.309,0.751,0.813,0.82
575,74,12,0,0.032,0.751,0.345,0.82
575,74,12,1,0.804,0.81,0.968,0.879
575,74,13,0,0.546,0.811,0.84,0.88
575,74,14,0,0.185,0.811,0.582,0.88
575,74,15,0,0.032,0.811,0.221,0.88
575,74,15,1,0.811,0.872,0.968,0.941
575,74,16,0,0.345,0.871,0.848,0.94
575,74,17,0,0.052,0.871,0.381,0.94
576,74,18,0,0.72,0.024,0.968,0.093
576,74,19,0,0.449,0.021,0.756,0.089
576,74,20,0,0.145,0.023,0.485,0.092
576,74,21,0,0.032,0.023,0.181,0.092
576,74,21,1,0.917,0.084,0.968,0.153
576,74,22,0,0.655,0.084,0.953,0.153
576,74,23,0,0.356,0.083,0.691,0.152
576,74,24,0,0.032,0.083,0.392,0.152
576,74,24,1,0.85,0.143,0.968,0.212
576,74,25,0,0.453,0.144,0.886,0.213
576,74,26,0,0.187,0.144,0.489,0.213
576,74,27,0,0.032,0.144,0.223,0.213
576,74,27,1,0.811,0.205,0.968,0.274
576,74,28,0,0.521,0.206,0.848,0.275
576,74,29,0,0.289,0.206,0.557,0.275
576,74,30,0,0.032,0.206,0.325,0.275
576,74,30,1,0.917,0.265,0.968,0.335
576,74,31,0,0.032,0.265,0.953,0.335
576,74,31,1,0.032,0.32,0.968,0.499
576,74,31,2,0.097,0.507,0.968,0.576
576,74,32,0,0.032,0.507,0.133,0.576
576,74,32,1,0.822,0.568,0.968,0.636
576,74,33,0,0.554,0.567,0.858,0.635
576,74,34,0,0.238,0.568,0.59,0.636
576,74,35,0,0.032,0.568,0.274,0.636
576,74,35,1,0.835,0.629,0.968,0.698
576,74,36,0,0.622,0.629,0.871,0.698
576,74,37,0,0.098,0.629,0.658,0.698
576,74,38,0,0.032,0.629,0.134,0.698
576,74,38,1,0.601,0.69,0.968,0.758
576,74,39,0,0.294,0.69,0.637,0.758
576,74,40,0,0.032,0.69,0.33,0.758
576,74,40,1,0.917,0.751,0.968,0.82
576,74,41,0,0.664,0.751,0.953,0.82
576,74,42,0,0.289,0.749,0.7,0.818
576,74,43,0,0.032,0.749,0.325,0.818
576,74,43,1,0.784,0.812,0.968,0.881
576,74,44,0,0.345,0.807,0.82,0.876
576,74,45,0,0.032,0.807,0.381,0.876
576,74,45,1,0.77,0.873,0.968,0.942
576,74,46,0,0.365,0.87,0.806,0.939
576,74,47,0,0.053,0.871,0.401,0.94
577,74,48,0,0.484,0.022,0.968,0.09
577,74,49,0,0.032,0.022,0.52,0.09
577,74,49,1,0.918,0.08,0.968,0.149
577,74,50,0,0.506,0.08,0.954,0.149
577,74,51,0,0.182,0.083,0.542,0.152
577,74,52,0,0.032,0.083,0.218,0.152
577,74,52,1,0.368,0.144,0.968,0.213
577,74,53,0,0.032,0.144,0.404,0.213
577,74,53,1,0.785,0.202,0.968,0.271
577,74,54,0,0.433,0.201,0.821,0.27
577,74,55,0,0.052,0.204,0.469,0.273
577,74,56,0,0.032,0.204,0.088,0.273
577,74,56,1,0.05,0.262,0.968,0.332
577,75,1,0,0.032,0.262,0.086,0.332
577,75,1,1,0.032,0.317,0.968,0.442
577,75,1,2,0.602,0.446,0.968,0.515
577,75,2,0,0.165,0.447,0.638,0.516
577,75,3,0,0.032,0.447,0.201,0.516
577,75,3,1,0.567,0.508,0.968,0.577
577,75,4,0,0.084,0.507,0.603,0.576
577,75,5,0,0.032,0.507,0.12,0.576
577,75,5,1,0.568,0.569,0.968,0.637
577,75,6,0,0.232,0.57,0.604,0.638
577,75,7,0,0.032,0.57,0.268,0.638
577,75,7,1,0.92,0.63,0.968,0.699
577,75,8,0,0.656,0.631,0.956,0.7
577,75,9,0,0.308,0.631,0.692,0.7
577,75,10,0,0.032,0.631,0.344,0.7
577,75,10,1,0.797,0.69,0.968,0.758
577,75,11,0,0.577,0.691,0.834,0.759
577,75,12,0,0.212,0.69,0.613,0.758
577,75,13,0,0.032,0.69,0.247,0.758
577,75,13,1,0.639,0.75,0.968,0.819
577,75,14,0,0.167,0.751,0.675,0.82
577,75,15,0,0.032,0.751,0.202,0.82
577,75,15,1,0.799,0.81,0.968,0.879
577,75,16,0,0.281,0.81,0.835,0.879
577,75,17,0,0.032,0.81,0.317,0.879
577,75,17,1,0.804,0.869,0.968,0.938
577,75,18,0,0.399,0.87,0.84,0.939
577,75,19,0,0.055,0.868,0.435,0.936
578,75,20,0,0.628,0.023,0.968,0.091
578,75,21,0,0.362,0.024,0.664,0.093
578,75,22,0,0.046,0.023,0.398,0.092
578,75,23,0,0.032,0.023,0.082,0.092
578,75,23,1,0.732,0.086,0.968,0.155
578,75,24,0,0.413,0.084,0.768,0.153
578,75,25,0,0.047,0.085,0.449,0.154
578,75,26,0,0.032,0.085,0.083,0.154
578,75,26,1,0.65,0.147,0.968,0.216
578,75,27,0,0.401,0.147,0.686,0.216
578,75,28,0,0.143,0.146,0.437,0.215
578,75,29,0,0.032,0.146,0.179,0.215
578,75,29,1,0.715,0.207,0.968,0.277
578,75,30,0,0.308,0.205,0.751,0.274
578,75,31,0,0.032,0.205,0.344,0.274
578,75,31,1,0.917,0.264,0.968,0.334
578,75,32,0,0.59,0.266,0.953,0.336
578,75,33,0,0.16,0.266,0.626,0.336
578,75,34,0,0.032,0.266,0.196,0.336
578,75,34,1,0.846,0.327,0.968,0.397
578,75,35,0,0.539,0.327,0.882,0.397
578,75,36,0,0.047,0.325,0.575,0.395
578,75,37,0,0.032,0.325,0.083,0.395
578,75,37,1,0.563,0.387,0.968,0.457
578,75,38,0,0.173,0.387,0.599,0.457
578,75,39,0,0.032,0.387,0.209,0.457
578,75,39,1,0.601,0.448,0.968,0.517
578,75,40,0,0.046,0.448,0.637,0.517
578,76,1,0,0.032,0.448,0.082,0.517
578,76,1,1,0.032,0.504,0.968,0.628
578,76,1,2,0.047,0.631,0.968,0.7
578,76,2,0,0.032,0.631,0.083,0.7
578,76,2,1,0.032,0.686,0.968,0.755
578,76,2,2,0.816,0.752,0.968,0.821
578,76,3,0,0.047,0.751,0.852,0.82
578,76,4,0,0.032,0.751,0.083,0.82
578,76,4,1,0.097,0.81,0.968,0.879
578,76,5,0,0.032,0.81,0.133,0.879
578,76,5,1,0.052,0.872,0.968,0.941
579,76,6,0,0.337,0.023,0.968,0.091
579,76,7,0,0.032,0.023,0.373,0.091
579,76,7,1,0.591,0.085,0.968,0.154
579,76,8,0,0.032,0.085,0.627,0.154
579,76,8,1,0.751,0.142,0.968,0.211
579,76,9,0,0.032,0.142,0.787,0.211
579,76,9,1,0.92,0.203,0.968,0.272
579,76,10,0,0.345,0.202,0.956,0.271
579,76,11,0,0.032,0.202,0.381,0.271
579,76,11,1,0.515,0.263,0.968,0.333
579,76,12,0,0.032,0.263,0.551,0.333
579,76,12,1,0.92,0.322,0.968,0.392
579,76,13,0,0.049,0.325,0.956,0.395
579,76,14,0,0.032,0.325,0.085,0.395
579,76,14,1,0.322,0.383,0.968,0.453
579,76,15,0,0.032,0.383,0.358,0.453
579,76,15,1,0.509,0.443,0.968,0.512
579,76,16,0,0.05,0.444,0.545,0.513
579,76,17,0,0.032,0.444,0.086,0.513
579,76,17,1,0.422,0.505,0.968,0.574
579,76,18,0,0.044,0.508,0.458,0.577
579,76,19,0,0.032,0.508,0.08,0.577
579,76,19,1,0.032,0.563,0.968,0.632
579,76,19,2,0.917,0.627,0.968,0.696
579,76,20,0,0.335,0.626,0.953,0.695
579,76,21,0,0.032,0.626,0.371,0.695
579,76,21,1,0.032,0.681,0.968,0.75
579,76,21,2,0.825,0.746,0.968,0.815
579,76,22,0,0.089,0.745,0.861,0.814
579,76,23,0,0.032,0.745,0.125,0.814
579,76,23,1,0.453,0.803,0.968,0.872
579,76,24,0,0.032,0.803,0.489,0.872
579,76,24,1,0.608,0.864,0.968,0.932
579,76,25,0,0.052,0.866,0.644,0.934
580,76,26,0,0.153,0.022,0.968,0.09
580,76,27,0,0.032,0.022,0.189,0.09
580,76,27,1,0.118,0.08,0.968,0.149
580,76,28,0,0.032,0.08,0.154,0.149
580,76,28,1,0.032,0.135,0.968,0.204
580,76,28,2,0.917,0.198,0.968,0.267
580,76,29,0,0.049,0.204,0.953,0.273
580,76,30,0,0.032,0.204,0.085,0.273
580,76,30,1,0.047,0.263,0.968,0.333
580,76,31,0,0.032,0.263,0.083,0.333
580,76,31,1,0.049,0.322,0.968,0.392
580,77,1,0,0.032,0.322,0.085,0.392
580,77,1,1,0.032,0.377,0.968,0.501
580,77,1,2,0.673,0.503,0.968,0.572
580,77,2,0,0.337,0.506,0.71,0.575
580,77,3,0,0.046,0.507,0.373,0.576
580,77,4,0,0.032,0.507,0.082,0.576
580,77,4,1,0.709,0.564,0.968,0.632
580,77,5,0,0.404,0.565,0.745,0.633
580,77,6,0,0.128,0.567,0.44,0.635
580,77,7,0,0.032,0.567,0.164,0.635
580,77,7,1,0.715,0.628,0.968,0.697
580,77,8,0,0.343,0.63,0.751,0.699
580,77,9,0,0.032,0.63,0.379,0.699
580,77,9,1,0.918,0.686,0.968,0.755
580,77,10,0,0.591,0.691,0.954,0.759
580,77,11,0,0.27,0.691,0.627,0.759
580,77,12,0,0.032,0.691,0.306,0.759
580,77,12,1,0.917,0.749,0.968,0.818
580,77,13,0,0.661,0.751,0.953,0.82
580,77,14,0,0.198,0.753,0.697,0.822
580,77,15,0,0.032,0.753,0.233,0.822
580,77,15,1,0.745,0.808,0.968,0.877
580,77,16,0,0.385,0.811,0.781,0.88
580,77,17,0,0.032,0.811,0.421,0.88
580,77,17,1,0.915,0.869,0.968,0.938
580,77,18,0,0.452,0.872,0.951,0.941
580,77,19,0,0.052,0.873,0.488,0.942
581,77,20,0,0.563,0.026,0.968,0.096
581,77,21,0,0.168,0.025,0.599,0.095
581,77,22,0,0.032,0.025,0.204,0.095
581,77,22,1,0.816,0.086,0.968,0.155
581,77,23,0,0.425,0.087,0.852,0.156
581,77,24,0,0.05,0.086,0.461,0.155
581,77,25,0,0.032,0.086,0.086,0.155
581,77,25,1,0.577,0.144,0.968,0.213
581,77,26,0,0.322,0.144,0.613,0.213
581,77,27,0,0.032,0.144,0.358,0.213
581,77,27,1,0.458,0.205,0.968,0.274
581,77,28,0,0.053,0.205,0.494,0.274
581,77,29,0,0.032,0.205,0.089,0.274
581,77,29,1,0.444,0.265,0.968,0.335
581,77,30,0,0.032,0.265,0.48,0.335
581,77,30,1,0.836,0.327,0.968,0.397
581,77,31,0,0.334,0.328,0.872,0.398
581,77,32,0,0.032,0.328,0.37,0.398
581,77,32,1,0.793,0.389,0.968,0.459
581,77,33,0,0.441,0.387,0.829,0.457
581,77,34,0,0.05,0.386,0.477,0.456
581,77,35,0,0.032,0.386,0.086,0.456
581,77,35,1,0.625,0.448,0.968,0.517
581,77,36,0,0.198,0.447,0.661,0.516
581,77,37,0,0.032,0.447,0.233,0.516
581,77,37,1,0.779,0.509,0.968,0.578
581,77,38,0,0.174,0.507,0.815,0.576
581,77,39,0,0.032,0.507,0.21,0.576
581,77,39,1,0.649,0.569,0.968,0.637
581,77,40,0,0.283,0.569,0.685,0.637
581,77,41,0,0.032,0.569,0.319,0.637
581,77,41,1,0.715,0.631,0.968,0.7
581,77,42,0,0.349,0.628,0.751,0.697
581,77,43,0,0.032,0.628,0.385,0.697
581,77,43,1,0.65,0.688,0.968,0.756
581,77,44,0,0.199,0.689,0.686,0.757
581,77,45,0,0.032,0.689,0.235,0.757
581,77,45,1,0.768,0.753,0.968,0.822
581,77,46,0,0.219,0.749,0.804,0.818
581,77,47,0,0.032,0.749,0.255,0.818
581,77,47,1,0.714,0.812,0.968,0.881
581,77,48,0,0.125,0.808,0.75,0.877
581,77,49,0,0.032,0.808,0.161,0.877
581,77,49,1,0.65,0.871,0.968,0.94
581,77,50,0,0.063,0.87,0.686,0.939
582,78,1,0,0.032,0.014,0.968,0.193
582,78,1,1,0.729,0.153,0.968,0.223
582,78,2,0,0.425,0.15,0.765,0.22
582,78,3,0,0.046,0.152,0.461,0.222
582,78,4,0,0.032,0.152,0.082,0.222
582,78,4,1,0.732,0.21,0.968,0.28
582,78,5,0,0.452,0.211,0.768,0.281
582,78,6,0,0.044,0.207,0.488,0.277
582,78,7,0,0.032,0.207,0.08,0.277
582,78,7,1,0.694,0.27,0.968,0.34
582,78,8,0,0.368,0.268,0.73,0.338
582,78,9,0,0.032,0.268,0.404,0.338
582,78,9,1,0.915,0.331,0.968,0.401
582,78,10,0,0.557,0.332,0.951,0.402
582,78,11,0,0.165,0.328,0.593,0.398
582,78,12,0,0.032,0.328,0.201,0.398
582,78,12,1,0.596,0.389,0.968,0.459
582,78,13,0,0.179,0.388,0.632,0.458
582,78,14,0,0.032,0.388,0.215,0.458
582,78,14,1,0.54,0.451,0.968,0.52
582,78,15,0,0.17,0.449,0.576,0.518
582,78,16,0,0.032,0.449,0.206,0.518
582,78,16,1,0.829,0.511,0.968,0.58
582,78,17,0,0.354,0.508,0.865,0.577
582,78,18,0,0.032,0.508,0.39,0.577
582,78,18,1,0.705,0.572,0.968,0.64
582,78,19,0,0.182,0.569,0.741,0.637
582,78,20,0,0.032,0.569,0.218,0.637
582,78,20,1,0.602,0.631,0.968,0.7
582,78,21,0,0.168,0.631,0.638,0.7
582,78,22,0,0.032,0.631,0.204,0.7
582,78,22,1,0.838,0.69,0.968,0.758
582,78,23,0,0.508,0.689,0.874,0.757
582,78,24,0,0.032,0.689,0.544,0.757
582,78,24,1,0.912,0.75,0.968,0.819
582,78,25,0,0.552,0.751,0.948,0.82
582,78,26,0,0.26,0.75,0.589,0.819
582,78,27,0,0.032,0.75,0.296,0.819
582,78,27,1,0.647,0.81,0.968,0.879
582,78,28,0,0.233,0.808,0.683,0.877
582,78,29,0,0.032,0.808,0.269,0.877
582,78,29,1,0.605,0.87,0.968,0.939
582,78,30,0,0.05,0.869,0.641,0.938
583,78,31,0,0.661,0.023,0.968,0.091
583,78,32,0,0.385,0.022,0.697,0.09
583,78,33,0,0.131,0.023,0.421,0.092
583,78,34,0,0.032,0.023,0.167,0.092
583,78,34,1,0.838,0.081,0.968,0.15
583,78,35,0,0.332,0.084,0.874,0.153
583,78,36,0,0.032,0.084,0.368,0.153
583,78,36,1,0.825,0.142,0.968,0.211
583,78,37,0,0.032,0.142,0.861,0.211
583,78,37,1,0.768,0.202,0.968,0.271
583,78,38,0,0.032,0.202,0.804,0.271
583,78,38,1,0.419,0.261,0.968,0.331
583,78,39,0,0.032,0.261,0.455,0.331
583,78,39,1,0.551,0.32,0.968,0.39
583,78,40,0,0.032,0.32,0.587,0.39
583,78,40,1,0.052,0.381,0.968,0.451
583,79,1,0,0.032,0.381,0.088,0.451
583,79,1,1,0.032,0.436,0.968,0.56
583,79,1,2,0.691,0.57,0.968,0.638
583,79,2,0,0.348,0.57,0.727,0.638
583,79,3,0,0.032,0.57,0.384,0.638
583,79,3,1,0.918,0.627,0.968,0.696
583,79,4,0,0.61,0.629,0.954,0.698
583,79,5,0,0.331,0.632,0.646,0.701
583,79,6,0,0.032,0.632,0.367,0.701
583,79,6,1,0.92,0.688,0.968,0.756
583,79,7,0,0.628,0.69,0.956,0.758
583,79,8,0,0.208,0.69,0.664,0.758
583,79,9,0,0.032,0.69,0.244,0.758
583,79,9,1,0.804,0.752,0.968,0.821
583,79,10,0,0.207,0.75,0.84,0.819
583,79,11,0,0.032,0.75,0.243,0.819
583,79,11,1,0.725,0.811,0.968,0.88
583,79,12,0,0.273,0.812,0.761,0.881
583,79,13,0,0.032,0.812,0.309,0.881
583,79,13,1,0.824,0.871,0.968,0.94
583,79,14,0,0.487,0.872,0.86,0.941
583,79,15,0,0.055,0.871,0.523,0.94
584,79,16,0,0.466,0.023,0.968,0.091
584,79,17,0,0.047,0.022,0.502,0.09
584,79,18,0,0.032,0.022,0.083,0.09
584,79,18,1,0.557,0.083,0.968,0.152
584,79,19,0,0.131,0.081,0.593,0.15
584,79,20,0,0.032,0.081,0.167,0.15
584,79,20,1,0.706,0.143,0.968,0.212
584,79,21,0,0.428,0.142,0.742,0.211
584,79,22,0,0.163,0.143,0.465,0.212
584,79,23,0,0.032,0.143,0.199,0.212
584,79,23,1,0.83,0.203,0.968,0.272
584,79,24,0,0.473,0.202,0.866,0.271
584,79,25,0,0.032,0.202,0.509,0.271
584,79,25,1,0.918,0.261,0.968,0.331
584,79,26,0,0.473,0.261,0.954,0.331
584,79,27,0,0.032,0.261,0.509,0.331
584,79,27,1,0.917,0.322,0.968,0.392
584,79,28,0,0.551,0.32,0.953,0.39
584,79,29,0,0.047,0.316,0.587,0.386
584,79,30,0,0.032,0.316,0.083,0.386
584,79,30,1,0.523,0.379,0.968,0.448
584,79,31,0,0.047,0.379,0.559,0.449
584,79,32,0,0.032,0.379,0.083,0.449
584,79,32,1,0.689,0.44,0.968,0.509
584,79,33,0,0.306,0.441,0.725,0.51
584,79,34,0,0.032,0.441,0.342,0.51
584,79,34,1,0.79,0.498,0.968,0.568
584,79,35,0,0.298,0.498,0.826,0.568
584,79,36,0,0.032,0.498,0.334,0.568
584,79,36,1,0.784,0.559,0.968,0.628
584,79,37,0,0.531,0.559,0.82,0.628
584,79,38,0,0.204,0.557,0.567,0.626
584,79,39,0,0.032,0.557,0.24,0.626
584,79,39,1,0.756,0.619,0.968,0.688
584,79,40,0,0.032,0.619,0.792,0.688
584,79,40,1,0.915,0.675,0.968,0.744
584,79,41,0,0.528,0.676,0.951,0.745
584,79,42,0,0.032,0.676,0.564,0.745
584,79,42,1,0.915,0.74,0.968,0.808
584,79,43,0,0.58,0.738,0.951,0.806
584,79,44,0,0.277,0.736,0.616,0.804
584,79,45,0,0.032,0.736,0.313,0.804
584,79,45,1,0.756,0.796,0.968,0.865
584,79,46,0,0.052,0.795,0.792,0.864
585,80,1,0,0.032,0.014,0.968,0.083
585,80,1,1,0.752,0.085,0.968,0.154
585,80,2,0,0.461,0.088,0.788,0.157
585,80,3,0,0.087,0.085,0.497,0.154
585,80,4,0,0.032,0.085,0.123,0.154
585,80,4,1,0.605,0.144,0.968,0.213
585,80,5,0,0.335,0.146,0.641,0.215
585,80,6,0,0.05,0.145,0.371,0.214
585,80,7,0,0.032,0.145,0.086,0.214
585,80,7,1,0.667,0.205,0.968,0.274
585,80,8,0,0.323,0.207,0.703,0.276
585,80,9,0,0.114,0.207,0.359,0.276
585,80,10,0,0.032,0.207,0.15,0.276
585,80,10,1,0.787,0.266,0.968,0.336
585,80,11,0,0.523,0.266,0.823,0.336
585,80,12,0,0.272,0.265,0.559,0.335
585,80,13,0,0.032,0.265,0.308,0.335
585,80,13,1,0.92,0.326,0.968,0.396
585,80,14,0,0.642,0.328,0.956,0.398
585,80,15,0,0.413,0.326,0.678,0.396
585,80,16,0,0.219,0.326,0.449,0.396
585,80,17,0,0.032,0.326,0.255,0.396
585,80,17,1,0.793,0.387,0.968,0.457
585,80,18,0,0.47,0.386,0.829,0.456
585,80,19,0,0.094,0.386,0.506,0.456
585,80,20,0,0.032,0.386,0.13,0.456
585,80,20,1,0.723,0.447,0.968,0.516
585,80,21,0,0.458,0.447,0.759,0.516
585,80,22,0,0.156,0.447,0.494,0.516
585,80,23,0,0.032,0.447,0.192,0.516
585,80,23,1,0.735,0.509,0.968,0.578
585,80,24,0,0.322,0.508,0.771,0.577
585,80,25,0,0.032,0.508,0.358,0.577
585,80,25,1,0.917,0.566,0.968,0.634
585,80,26,0,0.543,0.568,0.953,0.636
585,80,27,0,0.281,0.569,0.579,0.637
585,80,28,0,0.052,0.568,0.317,0.636
585,80,29,0,0.032,0.568,0.088,0.636
585,80,29,1,0.718,0.63,0.968,0.699
585,80,30,0,0.458,0.63,0.754,0.699
585,80,31,0,0.204,0.629,0.494,0.698
585,80,32,0,0.032,0.629,0.24,0.698
585,80,32,1,0.768,0.689,0.968,0.757
585,80,33,0,0.425,0.689,0.804,0.757
585,80,34,0,0.05,0.691,0.461,0.759
585,80,35,0,0.032,0.691,0.086,0.759
585,80,35,1,0.757,0.752,0.968,0.821
585,80,36,0,0.461,0.751,0.793,0.82
585,80,37,0,0.032,0.751,0.497,0.82
585,80,37,1,0.846,0.81,0.968,0.879
585,80,38,0,0.49,0.81,0.882,0.879
585,80,39,0,0.149,0.811,0.526,0.88
585,80,40,0,0.032,0.811,0.185,0.88
585,80,40,1,0.684,0.871,0.968,0.94
585,80,41,0,0.456,0.871,0.72,0.94
585,80,42,0,0.058,0.872,0.492,0.941
586,81,1,0,0.032,0.014,0.968,0.138
586,81,1,1,0.633,0.149,0.968,0.218
586,81,2,0,0.23,0.145,0.669,0.214
586,81,3,0,0.032,0.145,0.266,0.214
586,81,3,1,0.807,0.207,0.968,0.277
586,81,4,0,0.397,0.207,0.843,0.276
586,81,5,0,0.032,0.207,0.433,0.276
586,81,5,1,0.917,0.267,0.968,0.337
586,81,6,0,0.521,0.264,0.953,0.334
586,81,7,0,0.118,0.264,0.557,0.334
586,81,8,0,0.032,0.264,0.154,0.334
586,81,8,1,0.666,0.324,0.968,0.394
586,81,9,0,0.356,0.324,0.702,0.394
586,81,10,0,0.032,0.324,0.392,0.394
586,81,10,1,0.915,0.385,0.968,0.455
586,81,11,0,0.563,0.386,0.951,0.456
586,81,12,0,0.202,0.385,0.599,0.455
586,81,13,0,0.032,0.385,0.238,0.455
586,81,13,1,0.805,0.445,0.968,0.514
586,81,14,0,0.363,0.443,0.841,0.512
586,81,15,0,0.047,0.442,0.399,0.511
586,81,16,0,0.032,0.442,0.083,0.511
586,81,16,1,0.701,0.506,0.968,0.575
586,81,17,0,0.371,0.505,0.737,0.574
586,81,18,0,0.047,0.501,0.407,0.57
586,81,19,0,0.032,0.501,0.083,0.57
586,81,19,1,0.61,0.561,0.968,0.63
586,81,20,0,0.12,0.56,0.646,0.629
586,81,21,0,0.032,0.56,0.156,0.629
586,81,21,1,0.801,0.622,0.968,0.691
586,81,22,0,0.404,0.621,0.837,0.69
586,81,23,0,0.032,0.621,0.44,0.69
586,81,23,1,0.917,0.681,0.968,0.75
586,81,24,0,0.472,0.682,0.953,0.751
586,81,25,0,0.047,0.681,0.508,0.75
586,81,26,0,0.032,0.681,0.083,0.75
586,81,26,1,0.734,0.742,0.968,0.81
586,81,27,0,0.312,0.739,0.77,0.807
586,81,28,0,0.032,0.739,0.348,0.807
586,81,28,1,0.797,0.799,0.968,0.868
586,81,29,0,0.052,0.796,0.834,0.865
587,82,1,0,0.032,0.014,0.968,0.083
587,82,1,1,0.605,0.077,0.968,0.147
587,82,2,0,0.216,0.077,0.641,0.147
587,82,3,0,0.032,0.077,0.252,0.147
587,82,3,1,0.811,0.139,0.968,0.208
587,82,4,0,0.45,0.138,0.848,0.207
587,82,5,0,0.032,0.138,0.486,0.207
587,82,5,1,0.804,0.198,0.968,0.267
587,82,6,0,0.134,0.199,0.84,0.268
587,82,7,0,0.032,0.199,0.17,0.268
587,82,7,1,0.549,0.255,0.968,0.325
587,82,8,0,0.052,0.254,0.585,0.324
587,82,9,0,0.032,0.254,0.088,0.324
587,82,9,1,0.565,0.316,0.968,0.386
587,82,10,0,0.156,0.315,0.601,0.384
587,82,11,0,0.032,0.315,0.192,0.384
587,82,11,1,0.818,0.377,0.968,0.446
587,82,12,0,0.487,0.376,0.854,0.445
587,82,13,0,0.108,0.378,0.523,0.447
587,82,14,0,0.032,0.378,0.144,0.447
587,82,14,1,0.638,0.436,0.968,0.506
587,82,15,0,0.325,0.436,0.674,0.506
587,82,16,0,0.032,0.436,0.361,0.506
587,82,16,1,0.921,0.493,0.968,0.562
587,82,17,0,0.495,0.493,0.958,0.562
587,82,18,0,0.032,0.493,0.531,0.562
587,82,18,1,0.918,0.554,0.968,0.623
587,82,19,0,0.052,0.554,0.954,0.623
587,83,1,0,0.032,0.554,0.088,0.623
587,83,1,1,0.032,0.61,0.968,0.734
587,83,1,2,0.675,0.746,0.968,0.815
587,83,2,0,0.052,0.746,0.711,0.815
587,83,3,0,0.032,0.746,0.088,0.815
587,83,3,1,0.396,0.803,0.968,0.872
587,83,4,0,0.032,0.803,0.432,0.872
587,83,4,1,0.79,0.866,0.968,0.934
587,83,5,0,0.563,0.864,0.826,0.932
587,83,6,0,0.059,0.862,0.599,0.93
588,83,7,0,0.444,0.026,0.968,0.096
588,83,8,0,0.12,0.026,0.48,0.096
588,83,9,0,0.032,0.026,0.156,0.096
588,83,9,1,0.829,0.088,0.968,0.157
588,83,10,0,0.456,0.086,0.865,0.155
588,83,11,0,0.047,0.088,0.492,0.157
588,83,12,0,0.032,0.088,0.083,0.157
588,83,12,1,0.463,0.146,0.968,0.215
588,83,13,0,0.032,0.146,0.499,0.215
588,83,13,1,0.813,0.206,0.968,0.275
588,83,14,0,0.16,0.206,0.849,0.275
588,83,15,0,0.032,0.206,0.196,0.275
588,83,15,1,0.532,0.266,0.968,0.336
588,83,16,0,0.151,0.271,0.568,0.341
588,83,17,0,0.151,0.324,0.576,0.394
588,83,18,0,0.032,0.324,0.576,0.394
588,83,18,1,0.917,0.384,0.968,0.454
588,83,19,0,0.537,0.385,0.953,0.455
588,83,20,0,0.272,0.385,0.573,0.455
588,83,21,0,0.032,0.385,0.308,0.455
588,83,21,1,0.915,0.446,0.968,0.515
588,83,22,0,0.542,0.447,0.951,0.516
588,83,23,0,0.177,0.448,0.578,0.517
588,83,24,0,0.032,0.448,0.213,0.517
588,83,24,1,0.551,0.506,0.968,0.575
588,83,25,0,0.047,0.506,0.587,0.575
588,83,26,0,0.032,0.506,0.083,0.575
588,83,26,1,0.171,0.566,0.968,0.634
588,83,27,0,0.032,0.566,0.207,0.634
588,83,27,1,0.752,0.626,0.968,0.695
588,83,28,0,0.225,0.626,0.788,0.695
588,83,29,0,0.032,0.626,0.261,0.695
588,83,29,1,0.292,0.684,0.968,0.753
588,83,30,0,0.032,0.684,0.328,0.753
588,83,30,1,0.759,0.747,0.968,0.816
588,83,31,0,0.052,0.746,0.795,0.815
588,83,32,0,0.032,0.746,0.088,0.815
588,83,32,1,0.328,0.803,0.968,0.872
588,83,33,0,0.032,0.803,0.364,0.872
588,83,33,1,0.771,0.868,0.968,0.936
588,83,34,0,0.049,0.866,0.807,0.934
589,83,35,0,0.613,0.024,0.968,0.093
589,83,36,0,0.05,0.023,0.649,0.091
589,84,1,0,0.032,0.023,0.086,0.091
589,84,1,1,0.032,0.078,0.968,0.202
589,84,1,2,0.656,0.205,0.968,0.274
589,84,2,0,0.315,0.207,0.692,0.276
589,84,3,0,0.032,0.207,0.351,0.276
589,84,3,1,0.918,0.262,0.968,0.332
589,84,4,0,0.532,0.265,0.954,0.335
589,84,5,0,0.16,0.26,0.568,0.33
589,84,6,0,0.032,0.26,0.196,0.33
589,84,6,1,0.269,0.321,0.968,0.391
589,84,7,0,0.032,0.321,0.305,0.391
589,84,7,1,0.687,0.384,0.968,0.454
589,84,8,0,0.173,0.384,0.723,0.454
589,84,9,0,0.032,0.384,0.209,0.454
589,84,9,1,0.666,0.447,0.968,0.516
589,84,10,0,0.151,0.446,0.702,0.515
589,84,11,0,0.032,0.446,0.187,0.515
589,84,11,1,0.756,0.506,0.968,0.575
589,84,12,0,0.48,0.507,0.792,0.576
589,84,13,0,0.052,0.503,0.516,0.572
589,84,14,0,0.032,0.503,0.088,0.572
589,84,14,1,0.621,0.567,0.968,0.635
589,84,15,0,0.187,0.566,0.657,0.634
589,84,16,0,0.032,0.566,0.223,0.634
589,84,16,1,0.777,0.626,0.968,0.695
589,84,17,0,0.416,0.627,0.813,0.696
589,84,18,0,0.052,0.628,0.452,0.697
589,84,19,0,0.032,0.628,0.088,0.697
589,84,19,1,0.568,0.686,0.968,0.755
589,84,20,0,0.205,0.686,0.604,0.755
589,84,21,0,0.032,0.686,0.241,0.755
589,84,21,1,0.464,0.75,0.968,0.819
589,84,22,0,0.032,0.75,0.5,0.819
589,84,22,1,0.92,0.808,0.968,0.877
589,84,23,0,0.461,0.81,0.956,0.879
589,84,24,0,0.052,0.808,0.497,0.877
589,84,25,0,0.032,0.808,0.088,0.877
589,84,25,1,0.052,0.871,0.968,0.94
590,85,1,0,0.032,0.014,0.968,0.193
590,85,1,1,0.613,0.152,0.968,0.222
590,85,2,0,0.311,0.149,0.649,0.218
590,85,3,0,0.032,0.149,0.347,0.218
590,85,3,1,0.917,0.208,0.968,0.278
590,85,4,0,0.534,0.207,0.953,0.277
590,85,5,0,0.215,0.207,0.57,0.277
590,85,6,0,0.032,0.207,0.251,0.277
590,85,6,1,0.838,0.267,0.968,0.337
590,85,7,0,0.204,0.265,0.874,0.335
590,85,8,0,0.032,0.265,0.24,0.335
590,85,8,1,0.284,0.323,0.968,0.393
590,85,9,0,0.032,0.323,0.32,0.393
590,85,9,1,0.204,0.382,0.968,0.452
590,85,10,0,0.032,0.382,0.24,0.452
590,85,10,1,0.032,0.437,0.968,0.506
590,85,10,2,0.695,0.502,0.968,0.571
590,85,11,0,0.032,0.502,0.731,0.571
590,85,11,1,0.17,0.558,0.968,0.627
590,85,12,0,0.032,0.558,0.206,0.627
590,85,12,1,0.74,0.619,0.968,0.688
590,85,13,0,0.38,0.62,0.776,0.689
590,85,14,0,0.049,0.616,0.416,0.684
590,85,15,0,0.032,0.616,0.085,0.684
590,85,15,1,0.659,0.677,0.968,0.746
590,85,16,0,0.404,0.676,0.696,0.745
590,85,17,0,0.032,0.676,0.44,0.745
590,85,17,1,0.923,0.736,0.968,0.804
590,85,18,0,0.655,0.737,0.959,0.805
590,85,19,0,0.17,0.736,0.691,0.804
590,85,20,0,0.032,0.736,0.206,0.804
590,85,20,1,0.712,0.793,0.968,0.862
590,85,21,0,0.356,0.792,0.748,0.861
590,85,22,0,0.053,0.792,0.392,0.861
591,86,1,0,0.032,0.014,0.968,0.083
591,86,1,1,0.714,0.076,0.968,0.146
591,86,2,0,0.374,0.077,0.75,0.147
591,86,3,0,0.14,0.077,0.41,0.147
591,86,4,0,0.032,0.077,0.176,0.147
591,86,4,1,0.636,0.137,0.968,0.206
591,86,5,0,0.238,0.139,0.672,0.208
591,86,6,0,0.032,0.139,0.274,0.208
591,86,6,1,0.853,0.198,0.968,0.267
591,86,7,0,0.368,0.2,0.889,0.269
591,86,8,0,0.05,0.2,0.404,0.269
591,86,9,0,0.032,0.2,0.086,0.269
591,86,9,1,0.706,0.258,0.968,0.328
591,86,10,0,0.334,0.261,0.742,0.331
591,86,11,0,0.05,0.26,0.37,0.33
591,86,12,0,0.032,0.26,0.086,0.33
591,86,12,1,0.625,0.319,0.968,0.389
591,86,13,0,0.351,0.32,0.661,0.39
591,86,14,0,0.106,0.322,0.387,0.392
591,86,15,0,0.032,0.322,0.142,0.392
591,86,15,1,0.726,0.38,0.968,0.45
591,86,16,0,0.508,0.381,0.762,0.451
591,86,17,0,0.052,0.381,0.544,0.451
591,87,1,0,0.032,0.381,0.088,0.451
591,87,1,1,0.032,0.436,0.968,0.56
591,87,1,2,0.602,0.57,0.968,0.638
591,87,2,0,0.301,0.569,0.638,0.637
591,87,3,0,0.032,0.569,0.337,0.637
591,87,3,1,0.918,0.63,0.968,0.699
591,87,4,0,0.559,0.63,0.954,0.699
591,87,5,0,0.204,0.629,0.595,0.698
591,87,6,0,0.032,0.629,0.24,0.698
591,87,6,1,0.804,0.691,0.968,0.759
591,87,7,0,0.162,0.693,0.84,0.761
591,87,8,0,0.032,0.693,0.198,0.761
591,87,8,1,0.805,0.75,0.968,0.819
591,87,9,0,0.387,0.752,0.841,0.821
591,87,10,0,0.052,0.753,0.423,0.822
591,87,11,0,0.032,0.753,0.088,0.822
591,87,11,1,0.664,0.811,0.968,0.88
591,87,12,0,0.222,0.815,0.7,0.883
591,87,13,0,0.032,0.815,0.258,0.883
591,87,13,1,0.734,0.871,0.968,0.94
591,87,14,0,0.424,0.872,0.77,0.941
591,87,15,0,0.052,0.872,0.46,0.941
592,87,16,0,0.489,0.019,0.968,0.088
592,87,17,0,0.097,0.023,0.525,0.091
592,87,18,0,0.032,0.023,0.133,0.091
592,87,18,1,0.475,0.082,0.968,0.151
592,87,19,0,0.058,0.082,0.511,0.151
592,88,1,0,0.032,0.082,0.094,0.151
592,88,1,1,0.032,0.137,0.968,0.261
592,88,1,2,0.475,0.264,0.968,0.334
592,88,2,0,0.047,0.265,0.511,0.335
592,88,3,0,0.032,0.265,0.083,0.335
592,88,3,1,0.725,0.326,0.968,0.396
592,88,4,0,0.419,0.324,0.761,0.394
592,88,5,0,0.049,0.324,0.455,0.394
592,88,6,0,0.032,0.324,0.085,0.394
592,88,6,1,0.49,0.386,0.968,0.456
592,88,7,0,0.047,0.387,0.526,0.457
592,88,8,0,0.032,0.387,0.083,0.457
592,88,8,1,0.625,0.446,0.968,0.515
592,88,9,0,0.329,0.447,0.661,0.516
592,88,10,0,0.047,0.445,0.365,0.514
592,88,11,0,0.032,0.445,0.083,0.514
592,88,11,1,0.638,0.507,0.968,0.576
592,88,12,0,0.351,0.508,0.674,0.577
592,88,13,0,0.047,0.505,0.387,0.574
592,88,14,0,0.032,0.505,0.083,0.574
592,88,14,1,0.661,0.569,0.968,0.637
592,88,15,0,0.342,0.569,0.697,0.637
592,88,16,0,0.053,0.564,0.378,0.632
592,88,17,0,0.032,0.564,0.089,0.632
592,88,17,1,0.314,0.628,0.968,0.697
592,88,18,0,0.032,0.628,0.35,0.697
592,88,18,1,0.821,0.688,0.968,0.756
592,88,19,0,0.346,0.69,0.857,0.758
592,88,20,0,0.032,0.69,0.382,0.758
592,88,20,1,0.77,0.749,0.968,0.818
592,88,21,0,0.28,0.748,0.806,0.817
592,88,22,0,0.032,0.748,0.316,0.817
592,88,22,1,0.754,0.809,0.968,0.878
592,88,23,0,0.387,0.807,0.79,0.876
592,88,24,0,0.032,0.807,0.423,0.876
592,88,24,1,0.784,0.869,0.968,0.938
592,88,25,0,0.472,0.869,0.82,0.938
592,88,26,0,0.055,0.871,0.508,0.94
593,89,1,0,0.032,0.014,0.968,0.193
593,89,1,1,0.808,0.165,0.968,0.234
593,89,2,0,0.559,0.164,0.844,0.233
593,89,3,0,0.264,0.165,0.595,0.234
593,89,4,0,0.032,0.165,0.3,0.234
593,89,4,1,0.92,0.222,0.968,0.291
593,89,5,0,0.446,0.223,0.956,0.292
593,89,6,0,0.032,0.223,0.482,0.292
593,89,6,1,0.918,0.28,0.968,0.35
593,89,7,0,0.594,0.281,0.954,0.351
593,89,8,0,0.05,0.28,0.63,0.35
593,89,9,0,0.032,0.28,0.086,0.35
593,89,9,1,0.405,0.339,0.968,0.409
593,89,10,0,0.052,0.338,0.441,0.408
593,89,11,0,0.032,0.338,0.088,0.408
593,89,11,1,0.567,0.398,0.968,0.468
593,89,12,0,0.16,0.398,0.603,0.468
593,89,13,0,0.032,0.398,0.196,0.468
593,89,13,1,0.497,0.457,0.968,0.526
593,89,14,0,0.117,0.457,0.533,0.526
593,89,15,0,0.032,0.457,0.153,0.526
593,89,15,1,0.032,0.513,0.968,0.582
593,89,15,2,0.92,0.574,0.968,0.642
593,89,16,0,0.052,0.577,0.956,0.645
593,89,17,0,0.032,0.577,0.088,0.645
593,89,17,1,0.49,0.634,0.968,0.703
593,89,18,0,0.032,0.634,0.526,0.703
593,89,18,1,0.746,0.693,0.968,0.761
593,89,19,0,0.056,0.693,0.782,0.761
593,89,20,0,0.032,0.693,0.092,0.761
593,89,20,1,0.486,0.751,0.968,0.82
593,89,21,0,0.032,0.751,0.522,0.82
593,89,21,1,0.864,0.81,0.968,0.879
593,89,22,0,0.287,0.809,0.9,0.878
593,89,23,0,0.032,0.809,0.323,0.878
593,89,23,1,0.056,0.869,0.968,0.938
594,89,24,0,0.521,0.028,0.968,0.097
594,89,25,0,0.047,0.024,0.557,0.093
594,89,26,0,0.032,0.024,0.083,0.093
594,89,26,1,0.601,0.087,0.968,0.156
594,89,27,0,0.156,0.084,0.637,0.153
594,89,28,0,0.032,0.084,0.192,0.153
594,89,28,1,0.594,0.142,0.968,0.211
594,89,29,0,0.295,0.142,0.63,0.211
594,89,30,0,0.05,0.142,0.331,0.211
594,90,1,0,0.032,0.142,0.086,0.211
594,90,1,1,0.032,0.197,0.968,0.321
594,90,1,2,0.616,0.33,0.968,0.4
594,90,2,0,0.25,0.33,0.652,0.4
594,90,3,0,0.032,0.33,0.286,0.4
594,90,3,1,0.917,0.387,0.968,0.457
594,90,4,0,0.435,0.387,0.953,0.457
594,90,5,0,0.032,0.387,0.471,0.457
594,90,5,1,0.844,0.449,0.968,0.518
594,90,6,0,0.405,0.446,0.88,0.515
594,90,7,0,0.032,0.446,0.441,0.515
594,90,7,1,0.915,0.504,0.968,0.573
594,90,8,0,0.548,0.505,0.951,0.574
594,90,9,0,0.182,0.503,0.584,0.572
594,90,10,0,0.032,0.503,0.218,0.572
594,90,10,1,0.782,0.566,0.968,0.634
594,90,11,0,0.444,0.564,0.818,0.632
594,90,12,0,0.047,0.56,0.48,0.629
594,90,13,0,0.032,0.56,0.083,0.629
594,90,13,1,0.787,0.622,0.968,0.691
594,90,14,0,0.28,0.622,0.823,0.691
594,90,15,0,0.032,0.622,0.316,0.691
594,90,15,1,0.917,0.68,0.968,0.749
594,90,16,0,0.543,0.68,0.953,0.749
594,90,17,0,0.032,0.68,0.579,0.749
594,90,17,1,0.525,0.739,0.968,0.807
594,90,18,0,0.136,0.74,0.561,0.808
594,90,19,0,0.032,0.74,0.171,0.808
594,90,19,1,0.368,0.798,0.968,0.867
594,90,20,0,0.05,0.794,0.404,0.863
595,91,1,0,0.032,0.014,0.968,0.083
595,91,1,1,0.664,0.084,0.968,0.153
595,91,2,0,0.362,0.084,0.7,0.153
595,91,3,0,0.049,0.084,0.398,0.153
595,91,4,0,0.032,0.084,0.085,0.153
595,91,4,1,0.65,0.145,0.968,0.214
595,91,5,0,0.332,0.144,0.686,0.213
595,91,6,0,0.032,0.144,0.368,0.213
595,91,6,1,0.92,0.202,0.968,0.271
595,91,7,0,0.571,0.202,0.956,0.271
595,91,8,0,0.111,0.2,0.607,0.269
595,91,9,0,0.032,0.2,0.147,0.269
595,91,9,1,0.677,0.262,0.968,0.332
595,91,10,0,0.256,0.259,0.713,0.329
595,91,11,0,0.032,0.259,0.292,0.329
595,91,11,1,0.762,0.321,0.968,0.391
595,91,12,0,0.393,0.321,0.798,0.391
595,91,13,0,0.032,0.321,0.429,0.391
595,91,13,1,0.601,0.38,0.968,0.45
595,91,14,0,0.032,0.38,0.637,0.45
595,91,14,1,0.404,0.44,0.968,0.509
595,91,15,0,0.061,0.44,0.44,0.509
595,92,1,0,0.032,0.44,0.097,0.509
595,92,1,1,0.032,0.494,0.968,0.674
595,92,1,2,0.708,0.635,0.968,0.704
595,92,2,0,0.436,0.633,0.744,0.702
595,92,3,0,0.052,0.63,0.472,0.699
595,92,4,0,0.032,0.63,0.088,0.699
595,92,4,1,0.689,0.693,0.968,0.761
595,92,5,0,0.348,0.693,0.725,0.761
595,92,6,0,0.052,0.691,0.384,0.759
595,92,7,0,0.032,0.691,0.088,0.759
595,92,7,1,0.667,0.754,0.968,0.823
595,92,8,0,0.263,0.754,0.703,0.823
595,92,9,0,0.032,0.754,0.299,0.823
595,92,9,1,0.92,0.811,0.968,0.88
595,92,10,0,0.608,0.811,0.956,0.88
595,92,11,0,0.165,0.809,0.644,0.878
595,92,12,0,0.032,0.809,0.201,0.878
595,92,12,1,0.811,0.869,0.968,0.938
595,92,13,0,0.418,0.867,0.848,0.935
595,92,14,0,0.061,0.868,0.454,0.936
596,92,15,0,0.593,0.024,0.968,0.093
596,92,16,0,0.224,0.026,0.629,0.096
596,92,17,0,0.032,0.026,0.26,0.096
596,92,17,1,0.799,0.086,0.968,0.155
596,92,18,0,0.371,0.085,0.835,0.154
596,92,19,0,0.032,0.085,0.407,0.154
596,92,19,1,0.743,0.144,0.968,0.213
596,92,20,0,0.312,0.144,0.779,0.213
596,92,21,0,0.049,0.144,0.348,0.213
596,93,1,0,0.032,0.144,0.085,0.213
596,93,1,1,0.032,0.199,0.968,0.323
596,93,1,2,0.773,0.329,0.968,0.399
596,93,2,0,0.459,0.331,0.809,0.401
596,93,3,0,0.044,0.332,0.495,0.402
596,93,4,0,0.032,0.332,0.08,0.402
596,93,4,1,0.45,0.39,0.968,0.46
596,93,5,0,0.032,0.39,0.486,0.46
596,93,5,1,0.801,0.449,0.968,0.518
596,93,6,0,0.303,0.449,0.837,0.518
596,93,7,0,0.032,0.449,0.339,0.518
596,93,7,1,0.791,0.51,0.968,0.579
596,93,8,0,0.376,0.508,0.827,0.577
596,93,9,0,0.032,0.508,0.412,0.577
596,93,9,1,0.914,0.568,0.968,0.636
596,93,10,0,0.503,0.569,0.95,0.637
596,93,11,0,0.058,0.569,0.539,0.637
596,94,1,0,0.032,0.569,0.094,0.637
596,94,1,1,0.032,0.624,0.968,0.748
596,94,1,2,0.577,0.756,0.968,0.825
596,94,2,0,0.132,0.754,0.613,0.823
596,94,3,0,0.032,0.754,0.168,0.823
596,94,3,1,0.718,0.815,0.968,0.883
596,94,4,0,0.411,0.814,0.754,0.882
596,94,5,0,0.08,0.815,0.448,0.883
596,94,6,0,0.032,0.815,0.116,0.883
596,94,6,1,0.708,0.874,0.968,0.943
596,94,7,0,0.366,0.874,0.744,0.943
596,94,8,0,0.05,0.873,0.403,0.942
597,95,1,0,0.032,0.014,0.968,0.193
597,95,1,1,0.683,0.153,0.968,0.223
597,95,2,0,0.432,0.153,0.719,0.223
597,95,3,0,0.053,0.153,0.468,0.223
597,95,4,0,0.032,0.153,0.089,0.223
597,95,4,1,0.418,0.21,0.968,0.28
597,95,5,0,0.032,0.21,0.454,0.28
597,95,5,1,0.917,0.269,0.968,0.339
597,95,6,0,0.053,0.271,0.953,0.341
597,95,7,0,0.032,0.271,0.089,0.341
597,95,7,1,0.551,0.328,0.968,0.398
597,95,8,0,0.063,0.327,0.587,0.397
597,96,1,0,0.032,0.327,0.099,0.397
597,96,1,1,0.032,0.382,0.968,0.506
597,96,1,2,0.559,0.518,0.968,0.587
597,96,2,0,0.185,0.517,0.595,0.586
597,96,3,0,0.032,0.517,0.221,0.586
597,96,3,1,0.815,0.575,0.968,0.643
597,96,4,0,0.528,0.578,0.851,0.646
597,96,5,0,0.148,0.578,0.564,0.646
597,96,6,0,0.032,0.578,0.184,0.646
597,96,6,1,0.712,0.637,0.968,0.706
597,96,7,0,0.449,0.638,0.748,0.707
597,96,8,0,0.134,0.633,0.485,0.702
597,96,9,0,0.032,0.633,0.17,0.702
597,96,9,1,0.777,0.694,0.968,0.762
597,96,10,0,0.537,0.695,0.813,0.763
597,96,11,0,0.14,0.692,0.573,0.76
597,96,12,0,0.032,0.692,0.176,0.76
597,96,12,1,0.815,0.753,0.968,0.822
597,96,13,0,0.459,0.751,0.851,0.82
597,96,14,0,0.148,0.751,0.495,0.82
597,96,15,0,0.032,0.751,0.184,0.82
597,96,15,1,0.596,0.81,0.968,0.879
597,96,16,0,0.25,0.81,0.632,0.879
597,96,17,0,0.032,0.81,0.286,0.879
597,96,17,1,0.918,0.87,0.968,0.939
597,96,18,0,0.632,0.867,0.954,0.935
597,96,19,0,0.063,0.869,0.668,0.938
598,97,1,0,0.032,0.014,0.968,0.193
598,97,1,1,0.514,0.153,0.968,0.223
598,97,2,0,0.049,0.155,0.55,0.225
598,97,3,0,0.049,0.21,0.448,0.28
598,97,4,0,0.032,0.21,0.448,0.28
598,97,4,1,0.509,0.269,0.968,0.339
598,97,5,0,0.052,0.271,0.545,0.341
598,98,1,0,0.032,0.271,0.088,0.341
598,98,1,1,0.032,0.326,0.968,0.56
598,98,1,2,0.635,0.52,0.968,0.589
598,98,2,0,0.05,0.518,0.671,0.587
598,98,3,0,0.032,0.518,0.086,0.587
598,98,3,1,0.644,0.579,0.968,0.647
598,98,4,0,0.032,0.579,0.68,0.647
598,98,4,1,0.579,0.638,0.968,0.707
598,98,5,0,0.032,0.638,0.615,0.707
598,98,5,1,0.032,0.693,0.968,0.762
598,98,5,2,0.799,0.758,0.968,0.827
598,98,6,0,0.132,0.812,0.835,0.881
598,98,7,0,0.032,0.812,0.168,0.881
598,98,7,1,0.053,0.872,0.968,0.941
599,98,8,0,0.032,0.014,0.968,0.083
599,98,8,1,0.05,0.084,0.968,0.153
599,99,1,0,0.032,0.084,0.086,0.153
599,99,1,1,0.032,0.139,0.968,0.263
599,99,1,2,0.495,0.267,0.968,0.337
599,99,2,0,0.032,0.267,0.531,0.337
599,99,2,1,0.92,0.328,0.968,0.398
599,99,3,0,0.517,0.326,0.956,0.396
599,99,4,0,0.05,0.326,0.553,0.396
599,99,5,0,0.032,0.326,0.086,0.396
599,99,5,1,0.57,0.388,0.968,0.458
599,99,6,0,0.032,0.388,0.606,0.458
599,99,6,1,0.638,0.448,0.968,0.517
599,99,7,0,0.032,0.448,0.674,0.517
599,99,7,1,0.808,0.509,0.968,0.578
599,99,8,0,0.066,0.509,0.844,0.578
599,100,1,0,0.032,0.509,0.102,0.578
599,100,1,1,0.032,0.564,0.968,0.688
599,100,1,2,0.635,0.691,0.968,0.759
599,100,2,0,0.303,0.689,0.671,0.757
599,100,3,0,0.032,0.689,0.339,0.757
599,100,3,1,0.92,0.752,0.968,0.821
599,100,4,0,0.63,0.755,0.956,0.824
599,100,5,0,0.286,0.753,0.666,0.822
599,100,6,0,0.032,0.753,0.322,0.822
599,100,6,1,0.709,0.812,0.968,0.881
599,100,7,0,0.256,0.81,0.745,0.879
599,100,8,0,0.032,0.81,0.292,0.879
599,100,8,1,0.7,0.872,0.968,0.941
599,100,9,0,0.059,0.87,0.736,0.939
600,100,10,0,0.556,0.019,0.968,0.088
600,100,11,0,0.056,0.018,0.592,0.087
600,101,1,0,0.032,0.018,0.092,0.087
600,101,1,1,0.032,0.074,0.968,0.198
600,101,1,2,0.711,0.206,0.968,0.275
600,101,2,0,0.436,0.206,0.747,0.275
600,101,3,0,0.032,0.206,0.472,0.275
600,101,3,1,0.911,0.265,0.968,0.335
600,101,4,0,0.055,0.265,0.947,0.335
600,101,5,0,0.032,0.265,0.091,0.335
600,101,5,1,0.128,0.33,0.968,0.4
600,101,6,0,0.032,0.33,0.164,0.4
600,101,6,1,0.515,0.388,0.968,0.458
600,101,7,0,0.032,0.388,0.551,0.458
600,101,7,1,0.914,0.446,0.968,0.515
600,101,8,0,0.371,0.447,0.95,0.516
600,101,9,0,0.032,0.447,0.407,0.516
600,101,9,1,0.833,0.506,0.968,0.575
600,101,10,0,0.421,0.507,0.869,0.576
600,101,11,0,0.132,0.507,0.457,0.576
600,102,1,0,0.032,0.507,0.168,0.576
600,102,1,1,0.032,0.562,0.968,0.686
600,102,1,2,0.633,0.69,0.968,0.758
600,102,2,0,0.253,0.693,0.669,0.761
600,102,3,0,0.032,0.693,0.289,0.761
600,102,3,1,0.771,0.752,0.968,0.821
600,102,4,0,0.323,0.751,0.807,0.82
600,102,5,0,0.032,0.751,0.359,0.82
600,102,5,1,0.698,0.811,0.968,0.88
600,102,6,0,0.278,0.811,0.734,0.88
600,102,7,0,0.032,0.811,0.314,0.88
600,102,7,1,0.677,0.872,0.968,0.941
600,102,8,0,0.066,0.872,0.713,0.941
601,103,1,0,0.032,0.014,0.968,0.193
601,103,1,1,0.78,0.151,0.968,0.221
601,103,2,0,0.335,0.149,0.816,0.218
601,103,3,0,0.032,0.149,0.371,0.218
601,103,3,1,0.058,0.208,0.968,0.278
601,104,1,0,0.032,0.208,0.094,0.278
601,104,1,1,0.032,0.263,0.968,0.388
601,104,1,2,0.511,0.389,0.968,0.459
601,104,2,0,0.049,0.386,0.547,0.456
601,104,3,0,0.032,0.386,0.085,0.456
601,104,3,1,0.517,0.449,0.968,0.518
601,104,4,0,0.052,0.448,0.553,0.517
601,104,5,0,0.032,0.448,0.088,0.517
601,104,5,1,0.554,0.507,0.968,0.576
601,104,6,0,0.205,0.508,0.59,0.577
601,104,7,0,0.032,0.508,0.241,0.577
601,104,7,1,0.726,0.569,0.968,0.637
601,104,8,0,0.36,0.568,0.762,0.636
601,104,9,0,0.052,0.569,0.396,0.637
601,105,1,0,0.032,0.569,0.088,0.637
601,105,1,1,0.032,0.624,0.968,0.748
601,105,1,2,0.312,0.75,0.968,0.819
601,105,2,0,0.032,0.75,0.348,0.819
601,105,2,1,0.737,0.811,0.968,0.88
601,105,3,0,0.204,0.81,0.773,0.879
601,105,4,0,0.032,0.81,0.24,0.879
601,105,4,1,0.601,0.871,0.968,0.94
601,105,5,0,0.063,0.872,0.637,0.941
602,106,1,0,0.032,0.014,0.968,0.138
602,106,1,1,0.615,0.148,0.968,0.217
602,106,2,0,0.032,0.148,0.651,0.217
602,106,2,1,0.911,0.206,0.968,0.275
602,106,3,0,0.363,0.207,0.947,0.277
602,106,4,0,0.032,0.207,0.399,0.277
602,106,4,1,0.218,0.268,0.968,0.338
602,107,1,0,0.032,0.268,0.254,0.338
602,107,1,1,0.032,0.323,0.968,0.448
602,107,1,2,0.365,0.453,0.968,0.522
602,107,2,0,0.032,0.453,0.401,0.522
602,107,2,1,0.656,0.514,0.968,0.583
602,107,3,0,0.053,0.513,0.692,0.582
602,107,4,0,0.032,0.513,0.089,0.582
602,107,4,1,0.576,0.574,0.968,0.642
602,107,5,0,0.032,0.574,0.612,0.642
602,107,5,1,0.889,0.63,0.968,0.699
602,107,6,0,0.463,0.634,0.925,0.703
602,107,7,0,0.08,0.634,0.499,0.703
602,108,1,0,0.032,0.634,0.116,0.703
602,108,1,1,0.032,0.689,0.968,0.813
602,108,1,2,0.473,0.812,0.968,0.881
602,108,2,0,0.055,0.815,0.509,0.883
602,108,3,0,0.032,0.815,0.091,0.883
602,108,3,1,0.227,0.874,0.968,0.943
603,109,1,0,0.032,0.014,0.968,0.138
603,109,1,1,0.487,0.146,0.968,0.215
603,109,2,0,0.052,0.147,0.523,0.216
603,109,3,0,0.032,0.147,0.088,0.216
603,109,3,1,0.477,0.207,0.968,0.276
603,109,4,0,0.053,0.206,0.513,0.275
603,109,5,0,0.032,0.206,0.089,0.275
603,109,5,1,0.478,0.266,0.968,0.336
603,109,6,0,0.053,0.268,0.514,0.338
603,110,1,0,0.032,0.268,0.089,0.338
603,110,1,1,0.032,0.323,0.968,0.448
603,110,1,2,0.368,0.451,0.968,0.52
603,110,2,0,0.032,0.451,0.404,0.52
603,110,2,1,0.388,0.509,0.968,0.578
603,110,3,0,0.032,0.509,0.424,0.578
603,110,3,1,0.179,0.57,0.968,0.638
603,111,1,0,0.032,0.57,0.215,0.638
603,111,1,1,0.032,0.625,0.968,0.749
603,111,1,2,0.47,0.752,0.968,0.821
603,111,2,0,0.032,0.752,0.506,0.821
603,111,2,1,0.726,0.81,0.968,0.879
603,111,3,0,0.227,0.81,0.762,0.879
603,111,4,0,0.032,0.81,0.263,0.879
603,111,4,1,0.619,0.87,0.968,0.939
603,111,5,0,0.067,0.871,0.655,0.94
604,112,1,0,0.032,0.014,0.968,0.138
604,112,1,1,0.577,0.149,0.968,0.218
604,112,2,0,0.239,0.149,0.613,0.218
604,112,3,0,0.032,0.149,0.275,0.218
604,112,3,1,0.694,0.207,0.968,0.277
604,112,4,0,0.067,0.208,0.73,0.278
604,113,1,0,0.032,0.208,0.103,0.278
604,113,1,1,0.032,0.263,0.968,0.388
604,113,1,2,0.518,0.391,0.968,0.461
604,113,2,0,0.149,0.393,0.554,0.463
604,113,3,0,0.032,0.393,0.185,0.463
604,113,3,1,0.548,0.452,0.968,0.521
604,113,4,0,0.032,0.452,0.584,0.521
604,113,4,1,0.695,0.51,0.968,0.579
604,113,5,0,0.132,0.511,0.731,0.58
604,114,1,0,0.032,0.511,0.168,0.58
604,114,1,1,0.032,0.566,0.968,0.69
604,114,1,2,0.512,0.694,0.968,0.762
604,114,2,0,0.162,0.693,0.548,0.761
604,114,3,0,0.032,0.693,0.198,0.761
604,114,3,1,0.77,0.755,0.968,0.824
604,114,4,0,0.162,0.752,0.806,0.821
604,114,5,0,0.032,0.752,0.198,0.821
604,114,5,1,0.182,0.814,0.968,0.882
604,114,6,0,0.032,0.814,0.218,0.882
604,114,6,1,0.263,0.873,0.968,0.942
